,ac_output_per_kwp
2023-01-01 00:00:00+09:00,0.0
2023-01-01 01:00:00+09:00,0.0
2023-01-01 02:00:00+09:00,0.0
2023-01-01 03:00:00+09:00,0.0
2023-01-01 04:00:00+09:00,0.0
2023-01-01 05:00:00+09:00,0.0
2023-01-01 06:00:00+09:00,0.0
2023-01-01 07:00:00+09:00,0.07969763882386711
2023-01-01 08:00:00+09:00,0.26024300174142273
2023-01-01 09:00:00+09:00,0.4993992022575643
2023-01-01 10:00:00+09:00,0.723827487225418
2023-01-01 11:00:00+09:00,0.8642303030241668
2023-01-01 12:00:00+09:00,0.855608636375657
2023-01-01 13:00:00+09:00,0.7102757639874118
2023-01-01 14:00:00+09:00,0.5291992855940263
2023-01-01 15:00:00+09:00,0.26850901787418
2023-01-01 16:00:00+09:00,0.017316772798603528
2023-01-01 17:00:00+09:00,0.0
2023-01-01 18:00:00+09:00,0.0
2023-01-01 19:00:00+09:00,0.0
2023-01-01 20:00:00+09:00,0.0
2023-01-01 21:00:00+09:00,0.0
2023-01-01 22:00:00+09:00,0.0
2023-01-01 23:00:00+09:00,0.0
2023-01-02 00:00:00+09:00,0.0
2023-01-02 01:00:00+09:00,0.0
2023-01-02 02:00:00+09:00,0.0
2023-01-02 03:00:00+09:00,0.0
2023-01-02 04:00:00+09:00,0.0
2023-01-02 05:00:00+09:00,0.0
2023-01-02 06:00:00+09:00,0.0
2023-01-02 07:00:00+09:00,0.0392680315620385
2023-01-02 08:00:00+09:00,0.5806317234073892
2023-01-02 09:00:00+09:00,0.7407218463375553
2023-01-02 10:00:00+09:00,0.7702079415942809
2023-01-02 11:00:00+09:00,0.7568025258289492
2023-01-02 12:00:00+09:00,0.6553280729651901
2023-01-02 13:00:00+09:00,0.5863399779884977
2023-01-02 14:00:00+09:00,0.49448646878554814
2023-01-02 15:00:00+09:00,0.27358750866617443
2023-01-02 16:00:00+09:00,0.029670522143992968
2023-01-02 17:00:00+09:00,0.0
2023-01-02 18:00:00+09:00,0.0
2023-01-02 19:00:00+09:00,0.0
2023-01-02 20:00:00+09:00,0.0
2023-01-02 21:00:00+09:00,0.0
2023-01-02 22:00:00+09:00,0.0
2023-01-02 23:00:00+09:00,0.0
2023-01-03 00:00:00+09:00,0.0
2023-01-03 01:00:00+09:00,0.0
2023-01-03 02:00:00+09:00,0.0
2023-01-03 03:00:00+09:00,0.0
2023-01-03 04:00:00+09:00,0.0
2023-01-03 05:00:00+09:00,0.0
2023-01-03 06:00:00+09:00,0.0
2023-01-03 07:00:00+09:00,0.04211337009937105
2023-01-03 08:00:00+09:00,0.3326796897934046
2023-01-03 09:00:00+09:00,0.6345467036308776
2023-01-03 10:00:00+09:00,0.7395895390338986
2023-01-03 11:00:00+09:00,0.6914023565832031
2023-01-03 12:00:00+09:00,0.567908077681512
2023-01-03 13:00:00+09:00,0.521835615180701
2023-01-03 14:00:00+09:00,0.4659660422645394
2023-01-03 15:00:00+09:00,0.23639771397008075
2023-01-03 16:00:00+09:00,0.027982687284811958
2023-01-03 17:00:00+09:00,0.0
2023-01-03 18:00:00+09:00,0.0
2023-01-03 19:00:00+09:00,0.0
2023-01-03 20:00:00+09:00,0.0
2023-01-03 21:00:00+09:00,0.0
2023-01-03 22:00:00+09:00,0.0
2023-01-03 23:00:00+09:00,0.0
2023-01-04 00:00:00+09:00,0.0
2023-01-04 01:00:00+09:00,0.0
2023-01-04 02:00:00+09:00,0.0
2023-01-04 03:00:00+09:00,0.0
2023-01-04 04:00:00+09:00,0.0
2023-01-04 05:00:00+09:00,0.0
2023-01-04 06:00:00+09:00,0.0
2023-01-04 07:00:00+09:00,0.03624569940443292
2023-01-04 08:00:00+09:00,0.4861527616066607
2023-01-04 09:00:00+09:00,0.4955812071920216
2023-01-04 10:00:00+09:00,0.48332649319528753
2023-01-04 11:00:00+09:00,0.5683718092321896
2023-01-04 12:00:00+09:00,0.6011861299056105
2023-01-04 13:00:00+09:00,0.4919223456809657
2023-01-04 14:00:00+09:00,0.2760417949258493
2023-01-04 15:00:00+09:00,0.17623533825788765
2023-01-04 16:00:00+09:00,0.02608666496868287
2023-01-04 17:00:00+09:00,0.0
2023-01-04 18:00:00+09:00,0.0
2023-01-04 19:00:00+09:00,0.0
2023-01-04 20:00:00+09:00,0.0
2023-01-04 21:00:00+09:00,0.0
2023-01-04 22:00:00+09:00,0.0
2023-01-04 23:00:00+09:00,0.0
2023-01-05 00:00:00+09:00,0.0
2023-01-05 01:00:00+09:00,0.0
2023-01-05 02:00:00+09:00,0.0
2023-01-05 03:00:00+09:00,0.0
2023-01-05 04:00:00+09:00,0.0
2023-01-05 05:00:00+09:00,0.0
2023-01-05 06:00:00+09:00,0.0
2023-01-05 07:00:00+09:00,0.039230921997462344
2023-01-05 08:00:00+09:00,0.5624481481273411
2023-01-05 09:00:00+09:00,0.6431175779965778
2023-01-05 10:00:00+09:00,0.7976787934563618
2023-01-05 11:00:00+09:00,0.7828021435848953
2023-01-05 12:00:00+09:00,0.7835012938549105
2023-01-05 13:00:00+09:00,0.5416658487391507
2023-01-05 14:00:00+09:00,0.4864457940106846
2023-01-05 15:00:00+09:00,0.2535096522200013
2023-01-05 16:00:00+09:00,0.028527013740032952
2023-01-05 17:00:00+09:00,0.0
2023-01-05 18:00:00+09:00,0.0
2023-01-05 19:00:00+09:00,0.0
2023-01-05 20:00:00+09:00,0.0
2023-01-05 21:00:00+09:00,0.0
2023-01-05 22:00:00+09:00,0.0
2023-01-05 23:00:00+09:00,0.0
2023-01-06 00:00:00+09:00,0.0
2023-01-06 01:00:00+09:00,0.0
2023-01-06 02:00:00+09:00,0.0
2023-01-06 03:00:00+09:00,0.0
2023-01-06 04:00:00+09:00,0.0
2023-01-06 05:00:00+09:00,0.0
2023-01-06 06:00:00+09:00,0.0
2023-01-06 07:00:00+09:00,0.04103967252677659
2023-01-06 08:00:00+09:00,0.5262957567071049
2023-01-06 09:00:00+09:00,0.6926748088209903
2023-01-06 10:00:00+09:00,0.7655311898988887
2023-01-06 11:00:00+09:00,0.4706906876467991
2023-01-06 12:00:00+09:00,0.4184762795845258
2023-01-06 13:00:00+09:00,0.5469425655745255
2023-01-06 14:00:00+09:00,0.33449736319720097
2023-01-06 15:00:00+09:00,0.24798467242292352
2023-01-06 16:00:00+09:00,0.013057685010761405
2023-01-06 17:00:00+09:00,0.0
2023-01-06 18:00:00+09:00,0.0
2023-01-06 19:00:00+09:00,0.0
2023-01-06 20:00:00+09:00,0.0
2023-01-06 21:00:00+09:00,0.0
2023-01-06 22:00:00+09:00,0.0
2023-01-06 23:00:00+09:00,0.0
2023-01-07 00:00:00+09:00,0.0
2023-01-07 01:00:00+09:00,0.0
2023-01-07 02:00:00+09:00,0.0
2023-01-07 03:00:00+09:00,0.0
2023-01-07 04:00:00+09:00,0.0
2023-01-07 05:00:00+09:00,0.0
2023-01-07 06:00:00+09:00,0.0
2023-01-07 07:00:00+09:00,0.05579679338747812
2023-01-07 08:00:00+09:00,0.4462393030528796
2023-01-07 09:00:00+09:00,0.5737255715304257
2023-01-07 10:00:00+09:00,0.5113244295199576
2023-01-07 11:00:00+09:00,0.5787176359700221
2023-01-07 12:00:00+09:00,0.533200411656756
2023-01-07 13:00:00+09:00,0.20893114154127934
2023-01-07 14:00:00+09:00,0.11979961652920741
2023-01-07 15:00:00+09:00,0.03264143590848074
2023-01-07 16:00:00+09:00,0.0036795677427117054
2023-01-07 17:00:00+09:00,0.0
2023-01-07 18:00:00+09:00,0.0
2023-01-07 19:00:00+09:00,0.0
2023-01-07 20:00:00+09:00,0.0
2023-01-07 21:00:00+09:00,0.0
2023-01-07 22:00:00+09:00,0.0
2023-01-07 23:00:00+09:00,0.0
2023-01-08 00:00:00+09:00,0.0
2023-01-08 01:00:00+09:00,0.0
2023-01-08 02:00:00+09:00,0.0
2023-01-08 03:00:00+09:00,0.0
2023-01-08 04:00:00+09:00,0.0
2023-01-08 05:00:00+09:00,0.0
2023-01-08 06:00:00+09:00,0.0
2023-01-08 07:00:00+09:00,0.007463977796544775
2023-01-08 08:00:00+09:00,0.022927119346705247
2023-01-08 09:00:00+09:00,0.04845611645768079
2023-01-08 10:00:00+09:00,0.077784906446028
2023-01-08 11:00:00+09:00,0.06791064384563782
2023-01-08 12:00:00+09:00,0.06431438875684935
2023-01-08 13:00:00+09:00,0.06656986061529917
2023-01-08 14:00:00+09:00,0.3570937974753681
2023-01-08 15:00:00+09:00,0.08687021893276857
2023-01-08 16:00:00+09:00,0.01514904773382463
2023-01-08 17:00:00+09:00,0.0
2023-01-08 18:00:00+09:00,0.0
2023-01-08 19:00:00+09:00,0.0
2023-01-08 20:00:00+09:00,0.0
2023-01-08 21:00:00+09:00,0.0
2023-01-08 22:00:00+09:00,0.0
2023-01-08 23:00:00+09:00,0.0
2023-01-09 00:00:00+09:00,0.0
2023-01-09 01:00:00+09:00,0.0
2023-01-09 02:00:00+09:00,0.0
2023-01-09 03:00:00+09:00,0.0
2023-01-09 04:00:00+09:00,0.0
2023-01-09 05:00:00+09:00,0.0
2023-01-09 06:00:00+09:00,0.0
2023-01-09 07:00:00+09:00,0.04002085212573284
2023-01-09 08:00:00+09:00,0.3524242774115923
2023-01-09 09:00:00+09:00,0.5071201667173444
2023-01-09 10:00:00+09:00,0.4092672212988416
2023-01-09 11:00:00+09:00,0.6233467138375491
2023-01-09 12:00:00+09:00,0.42318193774014956
2023-01-09 13:00:00+09:00,0.5162814090954221
2023-01-09 14:00:00+09:00,0.3416850121498353
2023-01-09 15:00:00+09:00,0.11855232857477208
2023-01-09 16:00:00+09:00,0.024207045517583858
2023-01-09 17:00:00+09:00,0.0
2023-01-09 18:00:00+09:00,0.0
2023-01-09 19:00:00+09:00,0.0
2023-01-09 20:00:00+09:00,0.0
2023-01-09 21:00:00+09:00,0.0
2023-01-09 22:00:00+09:00,0.0
2023-01-09 23:00:00+09:00,0.0
2023-01-10 00:00:00+09:00,0.0
2023-01-10 01:00:00+09:00,0.0
2023-01-10 02:00:00+09:00,0.0
2023-01-10 03:00:00+09:00,0.0
2023-01-10 04:00:00+09:00,0.0
2023-01-10 05:00:00+09:00,0.0
2023-01-10 06:00:00+09:00,0.0
2023-01-10 07:00:00+09:00,0.05089117877963473
2023-01-10 08:00:00+09:00,0.4642353842005595
2023-01-10 09:00:00+09:00,0.5609345379648709
2023-01-10 10:00:00+09:00,0.5694041473707974
2023-01-10 11:00:00+09:00,0.5615487986041141
2023-01-10 12:00:00+09:00,0.5551794845465688
2023-01-10 13:00:00+09:00,0.5969840493015977
2023-01-10 14:00:00+09:00,0.2156509869179174
2023-01-10 15:00:00+09:00,0.04765587998991841
2023-01-10 16:00:00+09:00,0.0041543764028145885
2023-01-10 17:00:00+09:00,0.0
2023-01-10 18:00:00+09:00,0.0
2023-01-10 19:00:00+09:00,0.0
2023-01-10 20:00:00+09:00,0.0
2023-01-10 21:00:00+09:00,0.0
2023-01-10 22:00:00+09:00,0.0
2023-01-10 23:00:00+09:00,0.0
2023-01-11 00:00:00+09:00,0.0
2023-01-11 01:00:00+09:00,0.0
2023-01-11 02:00:00+09:00,0.0
2023-01-11 03:00:00+09:00,0.0
2023-01-11 04:00:00+09:00,0.0
2023-01-11 05:00:00+09:00,0.0
2023-01-11 06:00:00+09:00,0.0
2023-01-11 07:00:00+09:00,0.05400434448186585
2023-01-11 08:00:00+09:00,0.35607901302718
2023-01-11 09:00:00+09:00,0.6356540124371701
2023-01-11 10:00:00+09:00,0.8051572963610973
2023-01-11 11:00:00+09:00,0.8567197100271845
2023-01-11 12:00:00+09:00,0.804149669040068
2023-01-11 13:00:00+09:00,0.4003804344524071
2023-01-11 14:00:00+09:00,0.4182887935843441
2023-01-11 15:00:00+09:00,0.2697528982702972
2023-01-11 16:00:00+09:00,0.048042342111177846
2023-01-11 17:00:00+09:00,0.0
2023-01-11 18:00:00+09:00,0.0
2023-01-11 19:00:00+09:00,0.0
2023-01-11 20:00:00+09:00,0.0
2023-01-11 21:00:00+09:00,0.0
2023-01-11 22:00:00+09:00,0.0
2023-01-11 23:00:00+09:00,0.0
2023-01-12 00:00:00+09:00,0.0
2023-01-12 01:00:00+09:00,0.0
2023-01-12 02:00:00+09:00,0.0
2023-01-12 03:00:00+09:00,0.0
2023-01-12 04:00:00+09:00,0.0
2023-01-12 05:00:00+09:00,0.0
2023-01-12 06:00:00+09:00,0.0
2023-01-12 07:00:00+09:00,0.0652900339067167
2023-01-12 08:00:00+09:00,0.3744711379190196
2023-01-12 09:00:00+09:00,0.59298476474833
2023-01-12 10:00:00+09:00,0.7423375981618904
2023-01-12 11:00:00+09:00,0.8278482281971331
2023-01-12 12:00:00+09:00,0.4152641478090169
2023-01-12 13:00:00+09:00,0.3139984099985307
2023-01-12 14:00:00+09:00,0.26261951403205563
2023-01-12 15:00:00+09:00,0.1229596346186627
2023-01-12 16:00:00+09:00,0.012073278481471012
2023-01-12 17:00:00+09:00,0.0
2023-01-12 18:00:00+09:00,0.0
2023-01-12 19:00:00+09:00,0.0
2023-01-12 20:00:00+09:00,0.0
2023-01-12 21:00:00+09:00,0.0
2023-01-12 22:00:00+09:00,0.0
2023-01-12 23:00:00+09:00,0.0
2023-01-13 00:00:00+09:00,0.0
2023-01-13 01:00:00+09:00,0.0
2023-01-13 02:00:00+09:00,0.0
2023-01-13 03:00:00+09:00,0.0
2023-01-13 04:00:00+09:00,0.0
2023-01-13 05:00:00+09:00,0.0
2023-01-13 06:00:00+09:00,0.0
2023-01-13 07:00:00+09:00,0.04211272162429328
2023-01-13 08:00:00+09:00,0.2921416684735055
2023-01-13 09:00:00+09:00,0.46044680512729746
2023-01-13 10:00:00+09:00,0.5789139100132396
2023-01-13 11:00:00+09:00,0.4242684221305737
2023-01-13 12:00:00+09:00,0.2828659304835048
2023-01-13 13:00:00+09:00,0.30102430774925915
2023-01-13 14:00:00+09:00,0.2994588545942699
2023-01-13 15:00:00+09:00,0.18308528240537805
2023-01-13 16:00:00+09:00,0.03442653947028877
2023-01-13 17:00:00+09:00,0.0
2023-01-13 18:00:00+09:00,0.0
2023-01-13 19:00:00+09:00,0.0
2023-01-13 20:00:00+09:00,0.0
2023-01-13 21:00:00+09:00,0.0
2023-01-13 22:00:00+09:00,0.0
2023-01-13 23:00:00+09:00,0.0
2023-01-14 00:00:00+09:00,0.0
2023-01-14 01:00:00+09:00,0.0
2023-01-14 02:00:00+09:00,0.0
2023-01-14 03:00:00+09:00,0.0
2023-01-14 04:00:00+09:00,0.0
2023-01-14 05:00:00+09:00,0.0
2023-01-14 06:00:00+09:00,0.0
2023-01-14 07:00:00+09:00,0.03806400144016364
2023-01-14 08:00:00+09:00,0.4752336204578024
2023-01-14 09:00:00+09:00,0.6532950509390841
2023-01-14 10:00:00+09:00,0.815005339986756
2023-01-14 11:00:00+09:00,0.8027697021131756
2023-01-14 12:00:00+09:00,0.6906417287081438
2023-01-14 13:00:00+09:00,0.3615592161741309
2023-01-14 14:00:00+09:00,0.2223541925993894
2023-01-14 15:00:00+09:00,0.08298862624667376
2023-01-14 16:00:00+09:00,0.012440059323534286
2023-01-14 17:00:00+09:00,0.0
2023-01-14 18:00:00+09:00,0.0
2023-01-14 19:00:00+09:00,0.0
2023-01-14 20:00:00+09:00,0.0
2023-01-14 21:00:00+09:00,0.0
2023-01-14 22:00:00+09:00,0.0
2023-01-14 23:00:00+09:00,0.0
2023-01-15 00:00:00+09:00,0.0
2023-01-15 01:00:00+09:00,0.0
2023-01-15 02:00:00+09:00,0.0
2023-01-15 03:00:00+09:00,0.0
2023-01-15 04:00:00+09:00,0.0
2023-01-15 05:00:00+09:00,0.0
2023-01-15 06:00:00+09:00,0.0
2023-01-15 07:00:00+09:00,0.005364107342913927
2023-01-15 08:00:00+09:00,0.0216617063498899
2023-01-15 09:00:00+09:00,0.03612730176566727
2023-01-15 10:00:00+09:00,0.04491086110081292
2023-01-15 11:00:00+09:00,0.0338062009535024
2023-01-15 12:00:00+09:00,0.05350177424258297
2023-01-15 13:00:00+09:00,0.04438903148999162
2023-01-15 14:00:00+09:00,0.0418361940517752
2023-01-15 15:00:00+09:00,0.025424941827321666
2023-01-15 16:00:00+09:00,0.006967602433016066
2023-01-15 17:00:00+09:00,0.0
2023-01-15 18:00:00+09:00,0.0
2023-01-15 19:00:00+09:00,0.0
2023-01-15 20:00:00+09:00,0.0
2023-01-15 21:00:00+09:00,0.0
2023-01-15 22:00:00+09:00,0.0
2023-01-15 23:00:00+09:00,0.0
2023-01-16 00:00:00+09:00,0.0
2023-01-16 01:00:00+09:00,0.0
2023-01-16 02:00:00+09:00,0.0
2023-01-16 03:00:00+09:00,0.0
2023-01-16 04:00:00+09:00,0.0
2023-01-16 05:00:00+09:00,0.0
2023-01-16 06:00:00+09:00,0.0
2023-01-16 07:00:00+09:00,0.04052829005102886
2023-01-16 08:00:00+09:00,0.5775990191354988
2023-01-16 09:00:00+09:00,0.7396088006558209
2023-01-16 10:00:00+09:00,0.8366242667838864
2023-01-16 11:00:00+09:00,0.7159855916919821
2023-01-16 12:00:00+09:00,0.42486472941037673
2023-01-16 13:00:00+09:00,0.6117981459231311
2023-01-16 14:00:00+09:00,0.3503720747697137
2023-01-16 15:00:00+09:00,0.2656823719501914
2023-01-16 16:00:00+09:00,0.055330353538385675
2023-01-16 17:00:00+09:00,0.0
2023-01-16 18:00:00+09:00,0.0
2023-01-16 19:00:00+09:00,0.0
2023-01-16 20:00:00+09:00,0.0
2023-01-16 21:00:00+09:00,0.0
2023-01-16 22:00:00+09:00,0.0
2023-01-16 23:00:00+09:00,0.0
2023-01-17 00:00:00+09:00,0.0
2023-01-17 01:00:00+09:00,0.0
2023-01-17 02:00:00+09:00,0.0
2023-01-17 03:00:00+09:00,0.0
2023-01-17 04:00:00+09:00,0.0
2023-01-17 05:00:00+09:00,0.0
2023-01-17 06:00:00+09:00,0.0
2023-01-17 07:00:00+09:00,0.06192514389677637
2023-01-17 08:00:00+09:00,0.38445309179838705
2023-01-17 09:00:00+09:00,0.5637822821147244
2023-01-17 10:00:00+09:00,0.6715118988094736
2023-01-17 11:00:00+09:00,0.6954539220243044
2023-01-17 12:00:00+09:00,0.5711933481819266
2023-01-17 13:00:00+09:00,0.3720039782512342
2023-01-17 14:00:00+09:00,0.3429729241586716
2023-01-17 15:00:00+09:00,0.3141609562018254
2023-01-17 16:00:00+09:00,0.0555397389697624
2023-01-17 17:00:00+09:00,0.0
2023-01-17 18:00:00+09:00,0.0
2023-01-17 19:00:00+09:00,0.0
2023-01-17 20:00:00+09:00,0.0
2023-01-17 21:00:00+09:00,0.0
2023-01-17 22:00:00+09:00,0.0
2023-01-17 23:00:00+09:00,0.0
2023-01-18 00:00:00+09:00,0.0
2023-01-18 01:00:00+09:00,0.0
2023-01-18 02:00:00+09:00,0.0
2023-01-18 03:00:00+09:00,0.0
2023-01-18 04:00:00+09:00,0.0
2023-01-18 05:00:00+09:00,0.0
2023-01-18 06:00:00+09:00,0.0
2023-01-18 07:00:00+09:00,0.07035945434876885
2023-01-18 08:00:00+09:00,0.14541453208535435
2023-01-18 09:00:00+09:00,0.17179362832056672
2023-01-18 10:00:00+09:00,0.13355806476182203
2023-01-18 11:00:00+09:00,0.11467849455645655
2023-01-18 12:00:00+09:00,0.12349270034065282
2023-01-18 13:00:00+09:00,0.07449446262526449
2023-01-18 14:00:00+09:00,0.0653354122875897
2023-01-18 15:00:00+09:00,0.03381459054410118
2023-01-18 16:00:00+09:00,0.0061723237775259615
2023-01-18 17:00:00+09:00,0.0
2023-01-18 18:00:00+09:00,0.0
2023-01-18 19:00:00+09:00,0.0
2023-01-18 20:00:00+09:00,0.0
2023-01-18 21:00:00+09:00,0.0
2023-01-18 22:00:00+09:00,0.0
2023-01-18 23:00:00+09:00,0.0
2023-01-19 00:00:00+09:00,0.0
2023-01-19 01:00:00+09:00,0.0
2023-01-19 02:00:00+09:00,0.0
2023-01-19 03:00:00+09:00,0.0
2023-01-19 04:00:00+09:00,0.0
2023-01-19 05:00:00+09:00,0.0
2023-01-19 06:00:00+09:00,0.0
2023-01-19 07:00:00+09:00,0.045795017294226116
2023-01-19 08:00:00+09:00,0.5685027700086891
2023-01-19 09:00:00+09:00,0.7688969476661871
2023-01-19 10:00:00+09:00,0.6998249218143935
2023-01-19 11:00:00+09:00,0.5808123925002145
2023-01-19 12:00:00+09:00,0.5390848714010106
2023-01-19 13:00:00+09:00,0.36899042576412167
2023-01-19 14:00:00+09:00,0.3487088144776384
2023-01-19 15:00:00+09:00,0.11837296344499376
2023-01-19 16:00:00+09:00,0.03348862436244224
2023-01-19 17:00:00+09:00,0.0
2023-01-19 18:00:00+09:00,0.0
2023-01-19 19:00:00+09:00,0.0
2023-01-19 20:00:00+09:00,0.0
2023-01-19 21:00:00+09:00,0.0
2023-01-19 22:00:00+09:00,0.0
2023-01-19 23:00:00+09:00,0.0
2023-01-20 00:00:00+09:00,0.0
2023-01-20 01:00:00+09:00,0.0
2023-01-20 02:00:00+09:00,0.0
2023-01-20 03:00:00+09:00,0.0
2023-01-20 04:00:00+09:00,0.0
2023-01-20 05:00:00+09:00,0.0
2023-01-20 06:00:00+09:00,0.0
2023-01-20 07:00:00+09:00,0.03870437196184222
2023-01-20 08:00:00+09:00,0.5591604160489301
2023-01-20 09:00:00+09:00,0.6978697635704556
2023-01-20 10:00:00+09:00,0.7735738396034321
2023-01-20 11:00:00+09:00,0.7148467928055422
2023-01-20 12:00:00+09:00,0.7794634352422567
2023-01-20 13:00:00+09:00,0.6743459143474557
2023-01-20 14:00:00+09:00,0.5644603545745226
2023-01-20 15:00:00+09:00,0.28595268247268907
2023-01-20 16:00:00+09:00,0.06142816296787663
2023-01-20 17:00:00+09:00,0.0
2023-01-20 18:00:00+09:00,0.0
2023-01-20 19:00:00+09:00,0.0
2023-01-20 20:00:00+09:00,0.0
2023-01-20 21:00:00+09:00,0.0
2023-01-20 22:00:00+09:00,0.0
2023-01-20 23:00:00+09:00,0.0
2023-01-21 00:00:00+09:00,0.0
2023-01-21 01:00:00+09:00,0.0
2023-01-21 02:00:00+09:00,0.0
2023-01-21 03:00:00+09:00,0.0
2023-01-21 04:00:00+09:00,0.0
2023-01-21 05:00:00+09:00,0.0
2023-01-21 06:00:00+09:00,0.0
2023-01-21 07:00:00+09:00,0.040022359060019636
2023-01-21 08:00:00+09:00,0.5540398879796559
2023-01-21 09:00:00+09:00,0.7252434145987531
2023-01-21 10:00:00+09:00,0.8597000959008149
2023-01-21 11:00:00+09:00,0.9131219650968226
2023-01-21 12:00:00+09:00,0.8784013566634924
2023-01-21 13:00:00+09:00,0.7730077550424145
2023-01-21 14:00:00+09:00,0.5864087946704528
2023-01-21 15:00:00+09:00,0.35215569763088594
2023-01-21 16:00:00+09:00,0.08522060261736267
2023-01-21 17:00:00+09:00,0.0
2023-01-21 18:00:00+09:00,0.0
2023-01-21 19:00:00+09:00,0.0
2023-01-21 20:00:00+09:00,0.0
2023-01-21 21:00:00+09:00,0.0
2023-01-21 22:00:00+09:00,0.0
2023-01-21 23:00:00+09:00,0.0
2023-01-22 00:00:00+09:00,0.0
2023-01-22 01:00:00+09:00,0.0
2023-01-22 02:00:00+09:00,0.0
2023-01-22 03:00:00+09:00,0.0
2023-01-22 04:00:00+09:00,0.0
2023-01-22 05:00:00+09:00,0.0
2023-01-22 06:00:00+09:00,0.0
2023-01-22 07:00:00+09:00,0.05621516783763494
2023-01-22 08:00:00+09:00,0.4048313778377301
2023-01-22 09:00:00+09:00,0.6864479945185947
2023-01-22 10:00:00+09:00,0.81446698689823
2023-01-22 11:00:00+09:00,0.707945088004353
2023-01-22 12:00:00+09:00,0.42704630544671673
2023-01-22 13:00:00+09:00,0.5433107049552862
2023-01-22 14:00:00+09:00,0.3986785252579984
2023-01-22 15:00:00+09:00,0.14312982019143816
2023-01-22 16:00:00+09:00,0.05932117912155128
2023-01-22 17:00:00+09:00,0.0
2023-01-22 18:00:00+09:00,0.0
2023-01-22 19:00:00+09:00,0.0
2023-01-22 20:00:00+09:00,0.0
2023-01-22 21:00:00+09:00,0.0
2023-01-22 22:00:00+09:00,0.0
2023-01-22 23:00:00+09:00,0.0
2023-01-23 00:00:00+09:00,0.0
2023-01-23 01:00:00+09:00,0.0
2023-01-23 02:00:00+09:00,0.0
2023-01-23 03:00:00+09:00,0.0
2023-01-23 04:00:00+09:00,0.0
2023-01-23 05:00:00+09:00,0.0
2023-01-23 06:00:00+09:00,0.0
2023-01-23 07:00:00+09:00,0.05305167214967892
2023-01-23 08:00:00+09:00,0.11948439750070101
2023-01-23 09:00:00+09:00,0.21347430604956702
2023-01-23 10:00:00+09:00,0.29731585669095545
2023-01-23 11:00:00+09:00,0.22878029761583524
2023-01-23 12:00:00+09:00,0.18657708524360453
2023-01-23 13:00:00+09:00,0.07614731294298087
2023-01-23 14:00:00+09:00,0.0382168493396205
2023-01-23 15:00:00+09:00,0.0352284663397817
2023-01-23 16:00:00+09:00,0.0025929862467405154
2023-01-23 17:00:00+09:00,0.0
2023-01-23 18:00:00+09:00,0.0
2023-01-23 19:00:00+09:00,0.0
2023-01-23 20:00:00+09:00,0.0
2023-01-23 21:00:00+09:00,0.0
2023-01-23 22:00:00+09:00,0.0
2023-01-23 23:00:00+09:00,0.0
2023-01-24 00:00:00+09:00,0.0
2023-01-24 01:00:00+09:00,0.0
2023-01-24 02:00:00+09:00,0.0
2023-01-24 03:00:00+09:00,0.0
2023-01-24 04:00:00+09:00,0.0
2023-01-24 05:00:00+09:00,0.0
2023-01-24 06:00:00+09:00,0.0
2023-01-24 07:00:00+09:00,0.04877301240647615
2023-01-24 08:00:00+09:00,0.47026209537167873
2023-01-24 09:00:00+09:00,0.6887735139559976
2023-01-24 10:00:00+09:00,0.530139994522424
2023-01-24 11:00:00+09:00,0.6101816100537688
2023-01-24 12:00:00+09:00,0.39442687333738224
2023-01-24 13:00:00+09:00,0.3188898444867889
2023-01-24 14:00:00+09:00,0.48560258505545073
2023-01-24 15:00:00+09:00,0.31505125976872844
2023-01-24 16:00:00+09:00,0.07879121119777094
2023-01-24 17:00:00+09:00,0.0
2023-01-24 18:00:00+09:00,0.0
2023-01-24 19:00:00+09:00,0.0
2023-01-24 20:00:00+09:00,0.0
2023-01-24 21:00:00+09:00,0.0
2023-01-24 22:00:00+09:00,0.0
2023-01-24 23:00:00+09:00,0.0
2023-01-25 00:00:00+09:00,0.0
2023-01-25 01:00:00+09:00,0.0
2023-01-25 02:00:00+09:00,0.0
2023-01-25 03:00:00+09:00,0.0
2023-01-25 04:00:00+09:00,0.0
2023-01-25 05:00:00+09:00,0.0
2023-01-25 06:00:00+09:00,0.0
2023-01-25 07:00:00+09:00,0.050953314077884976
2023-01-25 08:00:00+09:00,0.49671329557775457
2023-01-25 09:00:00+09:00,0.5269959840558068
2023-01-25 10:00:00+09:00,0.5395073754974758
2023-01-25 11:00:00+09:00,0.6678519368167839
2023-01-25 12:00:00+09:00,0.7742302638250489
2023-01-25 13:00:00+09:00,0.6640761679069057
2023-01-25 14:00:00+09:00,0.5548953032347748
2023-01-25 15:00:00+09:00,0.3595823299034336
2023-01-25 16:00:00+09:00,0.08017709305274139
2023-01-25 17:00:00+09:00,0.0
2023-01-25 18:00:00+09:00,0.0
2023-01-25 19:00:00+09:00,0.0
2023-01-25 20:00:00+09:00,0.0
2023-01-25 21:00:00+09:00,0.0
2023-01-25 22:00:00+09:00,0.0
2023-01-25 23:00:00+09:00,0.0
2023-01-26 00:00:00+09:00,0.0
2023-01-26 01:00:00+09:00,0.0
2023-01-26 02:00:00+09:00,0.0
2023-01-26 03:00:00+09:00,0.0
2023-01-26 04:00:00+09:00,0.0
2023-01-26 05:00:00+09:00,0.0
2023-01-26 06:00:00+09:00,0.0
2023-01-26 07:00:00+09:00,0.07504986835638702
2023-01-26 08:00:00+09:00,0.3219188660028439
2023-01-26 09:00:00+09:00,0.575229288424309
2023-01-26 10:00:00+09:00,0.755852161482847
2023-01-26 11:00:00+09:00,0.7985596346348698
2023-01-26 12:00:00+09:00,0.7434518916898001
2023-01-26 13:00:00+09:00,0.42142400698883836
2023-01-26 14:00:00+09:00,0.33323381350668924
2023-01-26 15:00:00+09:00,0.2075460103439988
2023-01-26 16:00:00+09:00,0.04576821000528683
2023-01-26 17:00:00+09:00,0.0
2023-01-26 18:00:00+09:00,0.0
2023-01-26 19:00:00+09:00,0.0
2023-01-26 20:00:00+09:00,0.0
2023-01-26 21:00:00+09:00,0.0
2023-01-26 22:00:00+09:00,0.0
2023-01-26 23:00:00+09:00,0.0
2023-01-27 00:00:00+09:00,0.0
2023-01-27 01:00:00+09:00,0.0
2023-01-27 02:00:00+09:00,0.0
2023-01-27 03:00:00+09:00,0.0
2023-01-27 04:00:00+09:00,0.0
2023-01-27 05:00:00+09:00,0.0
2023-01-27 06:00:00+09:00,0.0
2023-01-27 07:00:00+09:00,0.0882258997233168
2023-01-27 08:00:00+09:00,0.28853144918492607
2023-01-27 09:00:00+09:00,0.4745220832253944
2023-01-27 10:00:00+09:00,0.4968762510374883
2023-01-27 11:00:00+09:00,0.537279734625725
2023-01-27 12:00:00+09:00,0.40656173061424883
2023-01-27 13:00:00+09:00,0.2751570294633129
2023-01-27 14:00:00+09:00,0.2701955639821347
2023-01-27 15:00:00+09:00,0.10735648849360317
2023-01-27 16:00:00+09:00,0.014477647175667008
2023-01-27 17:00:00+09:00,0.0
2023-01-27 18:00:00+09:00,0.0
2023-01-27 19:00:00+09:00,0.0
2023-01-27 20:00:00+09:00,0.0
2023-01-27 21:00:00+09:00,0.0
2023-01-27 22:00:00+09:00,0.0
2023-01-27 23:00:00+09:00,0.0
2023-01-28 00:00:00+09:00,0.0
2023-01-28 01:00:00+09:00,0.0
2023-01-28 02:00:00+09:00,0.0
2023-01-28 03:00:00+09:00,0.0
2023-01-28 04:00:00+09:00,0.0
2023-01-28 05:00:00+09:00,0.0
2023-01-28 06:00:00+09:00,0.0
2023-01-28 07:00:00+09:00,0.014606806277351052
2023-01-28 08:00:00+09:00,0.038356746451843685
2023-01-28 09:00:00+09:00,0.08756358860847864
2023-01-28 10:00:00+09:00,0.11287032324354432
2023-01-28 11:00:00+09:00,0.15025660033143487
2023-01-28 12:00:00+09:00,0.1351048559542593
2023-01-28 13:00:00+09:00,0.10656195838503185
2023-01-28 14:00:00+09:00,0.08116993823189894
2023-01-28 15:00:00+09:00,0.03466978580474107
2023-01-28 16:00:00+09:00,0.007475615103361093
2023-01-28 17:00:00+09:00,0.0
2023-01-28 18:00:00+09:00,0.0
2023-01-28 19:00:00+09:00,0.0
2023-01-28 20:00:00+09:00,0.0
2023-01-28 21:00:00+09:00,0.0
2023-01-28 22:00:00+09:00,0.0
2023-01-28 23:00:00+09:00,0.0
2023-01-29 00:00:00+09:00,0.0
2023-01-29 01:00:00+09:00,0.0
2023-01-29 02:00:00+09:00,0.0
2023-01-29 03:00:00+09:00,0.0
2023-01-29 04:00:00+09:00,0.0
2023-01-29 05:00:00+09:00,0.0
2023-01-29 06:00:00+09:00,0.0
2023-01-29 07:00:00+09:00,0.0046311353542947565
2023-01-29 08:00:00+09:00,0.017275838466426687
2023-01-29 09:00:00+09:00,0.0683518428951062
2023-01-29 10:00:00+09:00,0.10613073204244654
2023-01-29 11:00:00+09:00,0.13186336160306913
2023-01-29 12:00:00+09:00,0.1844548504048074
2023-01-29 13:00:00+09:00,0.14933008257685515
2023-01-29 14:00:00+09:00,0.07632348102752608
2023-01-29 15:00:00+09:00,0.03834183872462163
2023-01-29 16:00:00+09:00,0.02280711458647093
2023-01-29 17:00:00+09:00,0.0
2023-01-29 18:00:00+09:00,0.0
2023-01-29 19:00:00+09:00,0.0
2023-01-29 20:00:00+09:00,0.0
2023-01-29 21:00:00+09:00,0.0
2023-01-29 22:00:00+09:00,0.0
2023-01-29 23:00:00+09:00,0.0
2023-01-30 00:00:00+09:00,0.0
2023-01-30 01:00:00+09:00,0.0
2023-01-30 02:00:00+09:00,0.0
2023-01-30 03:00:00+09:00,0.0
2023-01-30 04:00:00+09:00,0.0
2023-01-30 05:00:00+09:00,0.0
2023-01-30 06:00:00+09:00,0.0
2023-01-30 07:00:00+09:00,0.41307439070278773
2023-01-30 08:00:00+09:00,0.5734975349214376
2023-01-30 09:00:00+09:00,0.738966258610206
2023-01-30 10:00:00+09:00,0.8501963152483385
2023-01-30 11:00:00+09:00,0.896805607386443
2023-01-30 12:00:00+09:00,0.7620848741628484
2023-01-30 13:00:00+09:00,0.6492069936031359
2023-01-30 14:00:00+09:00,0.4635376274072293
2023-01-30 15:00:00+09:00,0.2357356069729199
2023-01-30 16:00:00+09:00,0.10268549007374465
2023-01-30 17:00:00+09:00,0.0
2023-01-30 18:00:00+09:00,0.0
2023-01-30 19:00:00+09:00,0.0
2023-01-30 20:00:00+09:00,0.0
2023-01-30 21:00:00+09:00,0.0
2023-01-30 22:00:00+09:00,0.0
2023-01-30 23:00:00+09:00,0.0
2023-01-31 00:00:00+09:00,0.0
2023-01-31 01:00:00+09:00,0.0
2023-01-31 02:00:00+09:00,0.0
2023-01-31 03:00:00+09:00,0.0
2023-01-31 04:00:00+09:00,0.0
2023-01-31 05:00:00+09:00,0.0
2023-01-31 06:00:00+09:00,0.0
2023-01-31 07:00:00+09:00,0.4166424195227362
2023-01-31 08:00:00+09:00,0.5790121588752442
2023-01-31 09:00:00+09:00,0.7557593794161358
2023-01-31 10:00:00+09:00,0.856228642601447
2023-01-31 11:00:00+09:00,0.9252223184621355
2023-01-31 12:00:00+09:00,0.8691269856667433
2023-01-31 13:00:00+09:00,0.7416857091028628
2023-01-31 14:00:00+09:00,0.6360406347405843
2023-01-31 15:00:00+09:00,0.37976524255789934
2023-01-31 16:00:00+09:00,0.11232407543441575
2023-01-31 17:00:00+09:00,0.0
2023-01-31 18:00:00+09:00,0.0
2023-01-31 19:00:00+09:00,0.0
2023-01-31 20:00:00+09:00,0.0
2023-01-31 21:00:00+09:00,0.0
2023-01-31 22:00:00+09:00,0.0
2023-01-31 23:00:00+09:00,0.0
2023-02-01 00:00:00+09:00,0.0
2023-02-01 01:00:00+09:00,0.0
2023-02-01 02:00:00+09:00,0.0
2023-02-01 03:00:00+09:00,0.0
2023-02-01 04:00:00+09:00,0.0
2023-02-01 05:00:00+09:00,0.0
2023-02-01 06:00:00+09:00,0.0
2023-02-01 07:00:00+09:00,0.41972382136732417
2023-02-01 08:00:00+09:00,0.5680770948051133
2023-02-01 09:00:00+09:00,0.5793813542205013
2023-02-01 10:00:00+09:00,0.5841439897462587
2023-02-01 11:00:00+09:00,0.5925556310169957
2023-02-01 12:00:00+09:00,0.4760991827341392
2023-02-01 13:00:00+09:00,0.3625926588567155
2023-02-01 14:00:00+09:00,0.2744587381621851
2023-02-01 15:00:00+09:00,0.1862230844963364
2023-02-01 16:00:00+09:00,0.051915616126591554
2023-02-01 17:00:00+09:00,0.0
2023-02-01 18:00:00+09:00,0.0
2023-02-01 19:00:00+09:00,0.0
2023-02-01 20:00:00+09:00,0.0
2023-02-01 21:00:00+09:00,0.0
2023-02-01 22:00:00+09:00,0.0
2023-02-01 23:00:00+09:00,0.0
2023-02-02 00:00:00+09:00,0.0
2023-02-02 01:00:00+09:00,0.0
2023-02-02 02:00:00+09:00,0.0
2023-02-02 03:00:00+09:00,0.0
2023-02-02 04:00:00+09:00,0.0
2023-02-02 05:00:00+09:00,0.0
2023-02-02 06:00:00+09:00,0.0
2023-02-02 07:00:00+09:00,0.4242971361362562
2023-02-02 08:00:00+09:00,0.5913837916756929
2023-02-02 09:00:00+09:00,0.7496753368922895
2023-02-02 10:00:00+09:00,0.8490208177762958
2023-02-02 11:00:00+09:00,0.8313704025740105
2023-02-02 12:00:00+09:00,0.8656897393589712
2023-02-02 13:00:00+09:00,0.7362183533673126
2023-02-02 14:00:00+09:00,0.5087047628204335
2023-02-02 15:00:00+09:00,0.2755782524760198
2023-02-02 16:00:00+09:00,0.09570904651239358
2023-02-02 17:00:00+09:00,0.0
2023-02-02 18:00:00+09:00,0.0
2023-02-02 19:00:00+09:00,0.0
2023-02-02 20:00:00+09:00,0.0
2023-02-02 21:00:00+09:00,0.0
2023-02-02 22:00:00+09:00,0.0
2023-02-02 23:00:00+09:00,0.0
2023-02-03 00:00:00+09:00,0.0
2023-02-03 01:00:00+09:00,0.0
2023-02-03 02:00:00+09:00,0.0
2023-02-03 03:00:00+09:00,0.0
2023-02-03 04:00:00+09:00,0.0
2023-02-03 05:00:00+09:00,0.0
2023-02-03 06:00:00+09:00,0.0
2023-02-03 07:00:00+09:00,0.4214397335159427
2023-02-03 08:00:00+09:00,0.5637986610389579
2023-02-03 09:00:00+09:00,0.7619143809257027
2023-02-03 10:00:00+09:00,0.9058444534285347
2023-02-03 11:00:00+09:00,0.8573792219837336
2023-02-03 12:00:00+09:00,0.8484751451928947
2023-02-03 13:00:00+09:00,0.7915285039832395
2023-02-03 14:00:00+09:00,0.6627300462259466
2023-02-03 15:00:00+09:00,0.4212322021025304
2023-02-03 16:00:00+09:00,0.13630141308921112
2023-02-03 17:00:00+09:00,0.0
2023-02-03 18:00:00+09:00,0.0
2023-02-03 19:00:00+09:00,0.0
2023-02-03 20:00:00+09:00,0.0
2023-02-03 21:00:00+09:00,0.0
2023-02-03 22:00:00+09:00,0.0
2023-02-03 23:00:00+09:00,0.0
2023-02-04 00:00:00+09:00,0.0
2023-02-04 01:00:00+09:00,0.0
2023-02-04 02:00:00+09:00,0.0
2023-02-04 03:00:00+09:00,0.0
2023-02-04 04:00:00+09:00,0.0
2023-02-04 05:00:00+09:00,0.0
2023-02-04 06:00:00+09:00,0.0
2023-02-04 07:00:00+09:00,0.4251040962769198
2023-02-04 08:00:00+09:00,0.5842474236804023
2023-02-04 09:00:00+09:00,0.7780828715616536
2023-02-04 10:00:00+09:00,0.840158029106196
2023-02-04 11:00:00+09:00,0.8904025434442887
2023-02-04 12:00:00+09:00,0.912950155383342
2023-02-04 13:00:00+09:00,0.8354523998740306
2023-02-04 14:00:00+09:00,0.6623591593702527
2023-02-04 15:00:00+09:00,0.4303223871578829
2023-02-04 16:00:00+09:00,0.14297731140879744
2023-02-04 17:00:00+09:00,
2023-02-04 18:00:00+09:00,0.0
2023-02-04 19:00:00+09:00,0.0
2023-02-04 20:00:00+09:00,0.0
2023-02-04 21:00:00+09:00,0.0
2023-02-04 22:00:00+09:00,0.0
2023-02-04 23:00:00+09:00,0.0
2023-02-05 00:00:00+09:00,0.0
2023-02-05 01:00:00+09:00,0.0
2023-02-05 02:00:00+09:00,0.0
2023-02-05 03:00:00+09:00,0.0
2023-02-05 04:00:00+09:00,0.0
2023-02-05 05:00:00+09:00,0.0
2023-02-05 06:00:00+09:00,0.0
2023-02-05 07:00:00+09:00,0.4281080821013672
2023-02-05 08:00:00+09:00,0.6113995488462529
2023-02-05 09:00:00+09:00,0.7944686878498938
2023-02-05 10:00:00+09:00,0.9134880092971129
2023-02-05 11:00:00+09:00,0.9459954681814988
2023-02-05 12:00:00+09:00,0.9150716777126202
2023-02-05 13:00:00+09:00,0.8130540877617444
2023-02-05 14:00:00+09:00,0.6544576968154404
2023-02-05 15:00:00+09:00,0.42279469898928496
2023-02-05 16:00:00+09:00,0.12458473751931598
2023-02-05 17:00:00+09:00,
2023-02-05 18:00:00+09:00,0.0
2023-02-05 19:00:00+09:00,0.0
2023-02-05 20:00:00+09:00,0.0
2023-02-05 21:00:00+09:00,0.0
2023-02-05 22:00:00+09:00,0.0
2023-02-05 23:00:00+09:00,0.0
2023-02-06 00:00:00+09:00,0.0
2023-02-06 01:00:00+09:00,0.0
2023-02-06 02:00:00+09:00,0.0
2023-02-06 03:00:00+09:00,0.0
2023-02-06 04:00:00+09:00,0.0
2023-02-06 05:00:00+09:00,0.0
2023-02-06 06:00:00+09:00,0.0
2023-02-06 07:00:00+09:00,0.33154869552152083
2023-02-06 08:00:00+09:00,0.44449994360415856
2023-02-06 09:00:00+09:00,0.5440539934198751
2023-02-06 10:00:00+09:00,0.8139583544977222
2023-02-06 11:00:00+09:00,0.9053533439581287
2023-02-06 12:00:00+09:00,0.8790113289747996
2023-02-06 13:00:00+09:00,0.7901768754342706
2023-02-06 14:00:00+09:00,0.6352843723748905
2023-02-06 15:00:00+09:00,0.4088885107672777
2023-02-06 16:00:00+09:00,0.13403674140889998
2023-02-06 17:00:00+09:00,
2023-02-06 18:00:00+09:00,0.0
2023-02-06 19:00:00+09:00,0.0
2023-02-06 20:00:00+09:00,0.0
2023-02-06 21:00:00+09:00,0.0
2023-02-06 22:00:00+09:00,0.0
2023-02-06 23:00:00+09:00,0.0
2023-02-07 00:00:00+09:00,0.0
2023-02-07 01:00:00+09:00,0.0
2023-02-07 02:00:00+09:00,0.0
2023-02-07 03:00:00+09:00,0.0
2023-02-07 04:00:00+09:00,0.0
2023-02-07 05:00:00+09:00,0.0
2023-02-07 06:00:00+09:00,0.0
2023-02-07 07:00:00+09:00,0.412295930185401
2023-02-07 08:00:00+09:00,0.5746525131541389
2023-02-07 09:00:00+09:00,0.7379585730826426
2023-02-07 10:00:00+09:00,0.8909177311393931
2023-02-07 11:00:00+09:00,0.9107887884593456
2023-02-07 12:00:00+09:00,0.8939413097609056
2023-02-07 13:00:00+09:00,0.781114457372782
2023-02-07 14:00:00+09:00,0.4980263624356961
2023-02-07 15:00:00+09:00,0.3980690627342002
2023-02-07 16:00:00+09:00,0.14652149507667728
2023-02-07 17:00:00+09:00,
2023-02-07 18:00:00+09:00,0.0
2023-02-07 19:00:00+09:00,0.0
2023-02-07 20:00:00+09:00,0.0
2023-02-07 21:00:00+09:00,0.0
2023-02-07 22:00:00+09:00,0.0
2023-02-07 23:00:00+09:00,0.0
2023-02-08 00:00:00+09:00,0.0
2023-02-08 01:00:00+09:00,0.0
2023-02-08 02:00:00+09:00,0.0
2023-02-08 03:00:00+09:00,0.0
2023-02-08 04:00:00+09:00,0.0
2023-02-08 05:00:00+09:00,0.0
2023-02-08 06:00:00+09:00,0.0
2023-02-08 07:00:00+09:00,0.39900741651684934
2023-02-08 08:00:00+09:00,0.5560372284022155
2023-02-08 09:00:00+09:00,0.7459723988639922
2023-02-08 10:00:00+09:00,0.8930696634675752
2023-02-08 11:00:00+09:00,0.9334567560318996
2023-02-08 12:00:00+09:00,0.9119591304499925
2023-02-08 13:00:00+09:00,0.799865925019926
2023-02-08 14:00:00+09:00,0.6363655357737517
2023-02-08 15:00:00+09:00,0.4188376305272175
2023-02-08 16:00:00+09:00,0.13782124404938584
2023-02-08 17:00:00+09:00,4.423104382156058e-05
2023-02-08 18:00:00+09:00,0.0
2023-02-08 19:00:00+09:00,0.0
2023-02-08 20:00:00+09:00,0.0
2023-02-08 21:00:00+09:00,0.0
2023-02-08 22:00:00+09:00,0.0
2023-02-08 23:00:00+09:00,0.0
2023-02-09 00:00:00+09:00,0.0
2023-02-09 01:00:00+09:00,0.0
2023-02-09 02:00:00+09:00,0.0
2023-02-09 03:00:00+09:00,0.0
2023-02-09 04:00:00+09:00,0.0
2023-02-09 05:00:00+09:00,0.0
2023-02-09 06:00:00+09:00,0.0
2023-02-09 07:00:00+09:00,0.3884422833232728
2023-02-09 08:00:00+09:00,0.5656920903087173
2023-02-09 09:00:00+09:00,0.7537826442431331
2023-02-09 10:00:00+09:00,0.811143400100509
2023-02-09 11:00:00+09:00,0.7450460210579744
2023-02-09 12:00:00+09:00,0.4200396073764626
2023-02-09 13:00:00+09:00,0.24481291649800618
2023-02-09 14:00:00+09:00,0.17242272843878137
2023-02-09 15:00:00+09:00,0.12306720201193556
2023-02-09 16:00:00+09:00,0.06126856375496483
2023-02-09 17:00:00+09:00,4.450991273180719e-05
2023-02-09 18:00:00+09:00,0.0
2023-02-09 19:00:00+09:00,0.0
2023-02-09 20:00:00+09:00,0.0
2023-02-09 21:00:00+09:00,0.0
2023-02-09 22:00:00+09:00,0.0
2023-02-09 23:00:00+09:00,0.0
2023-02-10 00:00:00+09:00,0.0
2023-02-10 01:00:00+09:00,0.0
2023-02-10 02:00:00+09:00,0.0
2023-02-10 03:00:00+09:00,0.0
2023-02-10 04:00:00+09:00,0.0
2023-02-10 05:00:00+09:00,0.0
2023-02-10 06:00:00+09:00,0.0
2023-02-10 07:00:00+09:00,0.1050869397143332
2023-02-10 08:00:00+09:00,0.21151355044994896
2023-02-10 09:00:00+09:00,0.3116830499470654
2023-02-10 10:00:00+09:00,0.36203752212670975
2023-02-10 11:00:00+09:00,0.564739080578045
2023-02-10 12:00:00+09:00,0.5400073795787224
2023-02-10 13:00:00+09:00,0.5880391252734914
2023-02-10 14:00:00+09:00,0.44341467900786774
2023-02-10 15:00:00+09:00,0.2791475481808739
2023-02-10 16:00:00+09:00,0.10303944178053946
2023-02-10 17:00:00+09:00,0.00013347614347820132
2023-02-10 18:00:00+09:00,0.0
2023-02-10 19:00:00+09:00,0.0
2023-02-10 20:00:00+09:00,0.0
2023-02-10 21:00:00+09:00,0.0
2023-02-10 22:00:00+09:00,0.0
2023-02-10 23:00:00+09:00,0.0
2023-02-11 00:00:00+09:00,0.0
2023-02-11 01:00:00+09:00,0.0
2023-02-11 02:00:00+09:00,0.0
2023-02-11 03:00:00+09:00,0.0
2023-02-11 04:00:00+09:00,0.0
2023-02-11 05:00:00+09:00,0.0
2023-02-11 06:00:00+09:00,0.0
2023-02-11 07:00:00+09:00,0.4086760044686957
2023-02-11 08:00:00+09:00,0.5846930093341902
2023-02-11 09:00:00+09:00,0.7682659980380602
2023-02-11 10:00:00+09:00,0.8847847528181065
2023-02-11 11:00:00+09:00,0.9173717763748864
2023-02-11 12:00:00+09:00,0.8792346186762393
2023-02-11 13:00:00+09:00,0.7539722008549918
2023-02-11 14:00:00+09:00,0.6302940352986526
2023-02-11 15:00:00+09:00,0.4249190187501012
2023-02-11 16:00:00+09:00,0.1646784905148314
2023-02-11 17:00:00+09:00,0.00031316474433594303
2023-02-11 18:00:00+09:00,0.0
2023-02-11 19:00:00+09:00,0.0
2023-02-11 20:00:00+09:00,0.0
2023-02-11 21:00:00+09:00,0.0
2023-02-11 22:00:00+09:00,0.0
2023-02-11 23:00:00+09:00,0.0
2023-02-12 00:00:00+09:00,0.0
2023-02-12 01:00:00+09:00,0.0
2023-02-12 02:00:00+09:00,0.0
2023-02-12 03:00:00+09:00,0.0
2023-02-12 04:00:00+09:00,0.0
2023-02-12 05:00:00+09:00,0.0
2023-02-12 06:00:00+09:00,0.0
2023-02-12 07:00:00+09:00,0.3507679162860928
2023-02-12 08:00:00+09:00,0.37401601685614866
2023-02-12 09:00:00+09:00,0.4910865114312596
2023-02-12 10:00:00+09:00,0.43724955623841527
2023-02-12 11:00:00+09:00,0.49732328990304836
2023-02-12 12:00:00+09:00,0.6948205174742161
2023-02-12 13:00:00+09:00,0.6355801302286722
2023-02-12 14:00:00+09:00,0.655130313481141
2023-02-12 15:00:00+09:00,0.40947211015126417
2023-02-12 16:00:00+09:00,0.14491859745311778
2023-02-12 17:00:00+09:00,0.00044472896099112015
2023-02-12 18:00:00+09:00,0.0
2023-02-12 19:00:00+09:00,0.0
2023-02-12 20:00:00+09:00,0.0
2023-02-12 21:00:00+09:00,0.0
2023-02-12 22:00:00+09:00,0.0
2023-02-12 23:00:00+09:00,0.0
2023-02-13 00:00:00+09:00,0.0
2023-02-13 01:00:00+09:00,0.0
2023-02-13 02:00:00+09:00,0.0
2023-02-13 03:00:00+09:00,0.0
2023-02-13 04:00:00+09:00,0.0
2023-02-13 05:00:00+09:00,0.0
2023-02-13 06:00:00+09:00,0.0
2023-02-13 07:00:00+09:00,0.41550031668982496
2023-02-13 08:00:00+09:00,0.5943585717952029
2023-02-13 09:00:00+09:00,0.7998229825194173
2023-02-13 10:00:00+09:00,0.9124047727246907
2023-02-13 11:00:00+09:00,0.9297731058297724
2023-02-13 12:00:00+09:00,0.9282253450140436
2023-02-13 13:00:00+09:00,0.7129209927453993
2023-02-13 14:00:00+09:00,0.6607986953724938
2023-02-13 15:00:00+09:00,0.36361518129558623
2023-02-13 16:00:00+09:00,0.1318887617094586
2023-02-13 17:00:00+09:00,0.0005782782939299815
2023-02-13 18:00:00+09:00,0.0
2023-02-13 19:00:00+09:00,0.0
2023-02-13 20:00:00+09:00,0.0
2023-02-13 21:00:00+09:00,0.0
2023-02-13 22:00:00+09:00,0.0
2023-02-13 23:00:00+09:00,0.0
2023-02-14 00:00:00+09:00,0.0
2023-02-14 01:00:00+09:00,0.0
2023-02-14 02:00:00+09:00,0.0
2023-02-14 03:00:00+09:00,0.0
2023-02-14 04:00:00+09:00,0.0
2023-02-14 05:00:00+09:00,0.0
2023-02-14 06:00:00+09:00,0.0
2023-02-14 07:00:00+09:00,0.015238459841725293
2023-02-14 08:00:00+09:00,0.025820335647296994
2023-02-14 09:00:00+09:00,0.03839196564925843
2023-02-14 10:00:00+09:00,0.037255706756038974
2023-02-14 11:00:00+09:00,0.057317752937628835
2023-02-14 12:00:00+09:00,0.052197832429519905
2023-02-14 13:00:00+09:00,0.049055658027863
2023-02-14 14:00:00+09:00,0.035555594239090826
2023-02-14 15:00:00+09:00,0.02785720364552404
2023-02-14 16:00:00+09:00,0.02042261361975048
2023-02-14 17:00:00+09:00,0.00017642873975852054
2023-02-14 18:00:00+09:00,0.0
2023-02-14 19:00:00+09:00,0.0
2023-02-14 20:00:00+09:00,0.0
2023-02-14 21:00:00+09:00,0.0
2023-02-14 22:00:00+09:00,0.0
2023-02-14 23:00:00+09:00,0.0
2023-02-15 00:00:00+09:00,0.0
2023-02-15 01:00:00+09:00,0.0
2023-02-15 02:00:00+09:00,0.0
2023-02-15 03:00:00+09:00,0.0
2023-02-15 04:00:00+09:00,0.0
2023-02-15 05:00:00+09:00,0.0
2023-02-15 06:00:00+09:00,0.0
2023-02-15 07:00:00+09:00,0.38818854664918545
2023-02-15 08:00:00+09:00,0.597634428242327
2023-02-15 09:00:00+09:00,0.803120626382629
2023-02-15 10:00:00+09:00,0.9154787209955336
2023-02-15 11:00:00+09:00,0.9538113032911298
2023-02-15 12:00:00+09:00,0.8303409630553304
2023-02-15 13:00:00+09:00,0.7201048494302882
2023-02-15 14:00:00+09:00,0.5877864718471919
2023-02-15 15:00:00+09:00,0.4150049497118463
2023-02-15 16:00:00+09:00,0.17617831036223042
2023-02-15 17:00:00+09:00,0.000948354086726488
2023-02-15 18:00:00+09:00,0.0
2023-02-15 19:00:00+09:00,0.0
2023-02-15 20:00:00+09:00,0.0
2023-02-15 21:00:00+09:00,0.0
2023-02-15 22:00:00+09:00,0.0
2023-02-15 23:00:00+09:00,0.0
2023-02-16 00:00:00+09:00,0.0
2023-02-16 01:00:00+09:00,0.0
2023-02-16 02:00:00+09:00,0.0
2023-02-16 03:00:00+09:00,0.0
2023-02-16 04:00:00+09:00,0.0
2023-02-16 05:00:00+09:00,0.0
2023-02-16 06:00:00+09:00,0.0
2023-02-16 07:00:00+09:00,0.4148739444598282
2023-02-16 08:00:00+09:00,0.615865850937356
2023-02-16 09:00:00+09:00,0.7903897368643673
2023-02-16 10:00:00+09:00,0.8823452150089021
2023-02-16 11:00:00+09:00,0.9378046504484364
2023-02-16 12:00:00+09:00,0.7176533249976496
2023-02-16 13:00:00+09:00,0.5202157426694872
2023-02-16 14:00:00+09:00,0.3798508858352185
2023-02-16 15:00:00+09:00,0.2975215638132676
2023-02-16 16:00:00+09:00,0.13429492313877034
2023-02-16 17:00:00+09:00,0.0010742639149884873
2023-02-16 18:00:00+09:00,0.0
2023-02-16 19:00:00+09:00,0.0
2023-02-16 20:00:00+09:00,0.0
2023-02-16 21:00:00+09:00,0.0
2023-02-16 22:00:00+09:00,0.0
2023-02-16 23:00:00+09:00,0.0
2023-02-17 00:00:00+09:00,0.0
2023-02-17 01:00:00+09:00,0.0
2023-02-17 02:00:00+09:00,0.0
2023-02-17 03:00:00+09:00,0.0
2023-02-17 04:00:00+09:00,0.0
2023-02-17 05:00:00+09:00,0.0
2023-02-17 06:00:00+09:00,0.0
2023-02-17 07:00:00+09:00,0.34553109462919623
2023-02-17 08:00:00+09:00,0.5688340548707073
2023-02-17 09:00:00+09:00,0.7303560626111386
2023-02-17 10:00:00+09:00,0.8752577858445769
2023-02-17 11:00:00+09:00,0.8443656924515753
2023-02-17 12:00:00+09:00,0.7973000267761536
2023-02-17 13:00:00+09:00,0.7342643049728705
2023-02-17 14:00:00+09:00,0.5322462447128938
2023-02-17 15:00:00+09:00,0.37696123538937226
2023-02-17 16:00:00+09:00,0.0950085237096747
2023-02-17 17:00:00+09:00,0.0011147834110610939
2023-02-17 18:00:00+09:00,0.0
2023-02-17 19:00:00+09:00,0.0
2023-02-17 20:00:00+09:00,0.0
2023-02-17 21:00:00+09:00,0.0
2023-02-17 22:00:00+09:00,0.0
2023-02-17 23:00:00+09:00,0.0
2023-02-18 00:00:00+09:00,0.0
2023-02-18 01:00:00+09:00,0.0
2023-02-18 02:00:00+09:00,0.0
2023-02-18 03:00:00+09:00,0.0
2023-02-18 04:00:00+09:00,0.0
2023-02-18 05:00:00+09:00,0.0
2023-02-18 06:00:00+09:00,0.0
2023-02-18 07:00:00+09:00,0.013234976703220363
2023-02-18 08:00:00+09:00,0.03428449045278297
2023-02-18 09:00:00+09:00,0.07587251209760548
2023-02-18 10:00:00+09:00,0.10763130031171986
2023-02-18 11:00:00+09:00,0.10046237542119385
2023-02-18 12:00:00+09:00,0.10809490809419067
2023-02-18 13:00:00+09:00,0.10174953314289342
2023-02-18 14:00:00+09:00,0.16000956665349259
2023-02-18 15:00:00+09:00,0.14970675741126793
2023-02-18 16:00:00+09:00,0.08632219191842629
2023-02-18 17:00:00+09:00,0.0022196406822266703
2023-02-18 18:00:00+09:00,0.0
2023-02-18 19:00:00+09:00,0.0
2023-02-18 20:00:00+09:00,0.0
2023-02-18 21:00:00+09:00,0.0
2023-02-18 22:00:00+09:00,0.0
2023-02-18 23:00:00+09:00,0.0
2023-02-19 00:00:00+09:00,0.0
2023-02-19 01:00:00+09:00,0.0
2023-02-19 02:00:00+09:00,0.0
2023-02-19 03:00:00+09:00,0.0
2023-02-19 04:00:00+09:00,0.0
2023-02-19 05:00:00+09:00,0.0
2023-02-19 06:00:00+09:00,0.0
2023-02-19 07:00:00+09:00,0.29125552328444465
2023-02-19 08:00:00+09:00,0.49906986273840015
2023-02-19 09:00:00+09:00,0.4942275844525394
2023-02-19 10:00:00+09:00,0.5665830946251452
2023-02-19 11:00:00+09:00,0.6271255300900814
2023-02-19 12:00:00+09:00,0.63156696275782
2023-02-19 13:00:00+09:00,0.6559859918386438
2023-02-19 14:00:00+09:00,0.6076440095231701
2023-02-19 15:00:00+09:00,0.4217373917171621
2023-02-19 16:00:00+09:00,0.18251113726165738
2023-02-19 17:00:00+09:00,0.00611218959519668
2023-02-19 18:00:00+09:00,0.0
2023-02-19 19:00:00+09:00,0.0
2023-02-19 20:00:00+09:00,0.0
2023-02-19 21:00:00+09:00,0.0
2023-02-19 22:00:00+09:00,0.0
2023-02-19 23:00:00+09:00,0.0
2023-02-20 00:00:00+09:00,0.0
2023-02-20 01:00:00+09:00,0.0
2023-02-20 02:00:00+09:00,0.0
2023-02-20 03:00:00+09:00,0.0
2023-02-20 04:00:00+09:00,0.0
2023-02-20 05:00:00+09:00,0.0
2023-02-20 06:00:00+09:00,0.0
2023-02-20 07:00:00+09:00,0.38501369319211337
2023-02-20 08:00:00+09:00,0.6211148131931576
2023-02-20 09:00:00+09:00,0.7622242417586009
2023-02-20 10:00:00+09:00,0.8257877335242862
2023-02-20 11:00:00+09:00,0.6938859281304444
2023-02-20 12:00:00+09:00,0.7592457546574768
2023-02-20 13:00:00+09:00,0.7496956412877783
2023-02-20 14:00:00+09:00,0.5229846457676213
2023-02-20 15:00:00+09:00,0.4075671722189392
2023-02-20 16:00:00+09:00,0.16896659036360126
2023-02-20 17:00:00+09:00,0.0066009307959816865
2023-02-20 18:00:00+09:00,0.0
2023-02-20 19:00:00+09:00,0.0
2023-02-20 20:00:00+09:00,0.0
2023-02-20 21:00:00+09:00,0.0
2023-02-20 22:00:00+09:00,0.0
2023-02-20 23:00:00+09:00,0.0
2023-02-21 00:00:00+09:00,0.0
2023-02-21 01:00:00+09:00,0.0
2023-02-21 02:00:00+09:00,0.0
2023-02-21 03:00:00+09:00,0.0
2023-02-21 04:00:00+09:00,0.0
2023-02-21 05:00:00+09:00,0.0
2023-02-21 06:00:00+09:00,0.0
2023-02-21 07:00:00+09:00,0.38408835329669244
2023-02-21 08:00:00+09:00,0.6166363979026301
2023-02-21 09:00:00+09:00,0.799373599891239
2023-02-21 10:00:00+09:00,0.915564189710998
2023-02-21 11:00:00+09:00,0.9617409720917532
2023-02-21 12:00:00+09:00,0.9412213803770798
2023-02-21 13:00:00+09:00,0.8255534195602335
2023-02-21 14:00:00+09:00,0.5640887760574681
2023-02-21 15:00:00+09:00,0.45721919904320835
2023-02-21 16:00:00+09:00,0.18950396622153956
2023-02-21 17:00:00+09:00,0.008059461475682506
2023-02-21 18:00:00+09:00,0.0
2023-02-21 19:00:00+09:00,0.0
2023-02-21 20:00:00+09:00,0.0
2023-02-21 21:00:00+09:00,0.0
2023-02-21 22:00:00+09:00,0.0
2023-02-21 23:00:00+09:00,0.0
2023-02-22 00:00:00+09:00,0.0
2023-02-22 01:00:00+09:00,0.0
2023-02-22 02:00:00+09:00,0.0
2023-02-22 03:00:00+09:00,0.0
2023-02-22 04:00:00+09:00,0.0
2023-02-22 05:00:00+09:00,0.0
2023-02-22 06:00:00+09:00,0.0
2023-02-22 07:00:00+09:00,0.35859783537792395
2023-02-22 08:00:00+09:00,0.5307599438698462
2023-02-22 09:00:00+09:00,0.7662746155188871
2023-02-22 10:00:00+09:00,0.8328788569015615
2023-02-22 11:00:00+09:00,0.7491314060753055
2023-02-22 12:00:00+09:00,0.9158315315092167
2023-02-22 13:00:00+09:00,0.8169059243371232
2023-02-22 14:00:00+09:00,0.6396793529611
2023-02-22 15:00:00+09:00,0.4358235362841011
2023-02-22 16:00:00+09:00,0.1599867516000615
2023-02-22 17:00:00+09:00,0.008455950469717002
2023-02-22 18:00:00+09:00,0.0
2023-02-22 19:00:00+09:00,0.0
2023-02-22 20:00:00+09:00,0.0
2023-02-22 21:00:00+09:00,0.0
2023-02-22 22:00:00+09:00,0.0
2023-02-22 23:00:00+09:00,0.0
2023-02-23 00:00:00+09:00,0.0
2023-02-23 01:00:00+09:00,0.0
2023-02-23 02:00:00+09:00,0.0
2023-02-23 03:00:00+09:00,0.0
2023-02-23 04:00:00+09:00,0.0
2023-02-23 05:00:00+09:00,0.0
2023-02-23 06:00:00+09:00,0.0
2023-02-23 07:00:00+09:00,0.10153420330924096
2023-02-23 08:00:00+09:00,0.20711060640837617
2023-02-23 09:00:00+09:00,0.28554917522907164
2023-02-23 10:00:00+09:00,0.3352292366010353
2023-02-23 11:00:00+09:00,0.25664953410856006
2023-02-23 12:00:00+09:00,0.18457255650929
2023-02-23 13:00:00+09:00,0.15049868754781356
2023-02-23 14:00:00+09:00,0.09822137504670402
2023-02-23 15:00:00+09:00,0.05778613112146792
2023-02-23 16:00:00+09:00,0.014688493590919482
2023-02-23 17:00:00+09:00,0.0009277715012315357
2023-02-23 18:00:00+09:00,0.0
2023-02-23 19:00:00+09:00,0.0
2023-02-23 20:00:00+09:00,0.0
2023-02-23 21:00:00+09:00,0.0
2023-02-23 22:00:00+09:00,0.0
2023-02-23 23:00:00+09:00,0.0
2023-02-24 00:00:00+09:00,0.0
2023-02-24 01:00:00+09:00,0.0
2023-02-24 02:00:00+09:00,0.0
2023-02-24 03:00:00+09:00,0.0
2023-02-24 04:00:00+09:00,0.0
2023-02-24 05:00:00+09:00,0.0
2023-02-24 06:00:00+09:00,0.0
2023-02-24 07:00:00+09:00,0.380451207843424
2023-02-24 08:00:00+09:00,0.5948945873139607
2023-02-24 09:00:00+09:00,0.8280409033835799
2023-02-24 10:00:00+09:00,0.9493084892300518
2023-02-24 11:00:00+09:00,1.0122166813408158
2023-02-24 12:00:00+09:00,0.9884990614943973
2023-02-24 13:00:00+09:00,0.9050162888288593
2023-02-24 14:00:00+09:00,0.7084404227139925
2023-02-24 15:00:00+09:00,0.47072216017164753
2023-02-24 16:00:00+09:00,0.1910456436794272
2023-02-24 17:00:00+09:00,0.010144208938014107
2023-02-24 18:00:00+09:00,0.0
2023-02-24 19:00:00+09:00,0.0
2023-02-24 20:00:00+09:00,0.0
2023-02-24 21:00:00+09:00,0.0
2023-02-24 22:00:00+09:00,0.0
2023-02-24 23:00:00+09:00,0.0
2023-02-25 00:00:00+09:00,0.0
2023-02-25 01:00:00+09:00,0.0
2023-02-25 02:00:00+09:00,0.0
2023-02-25 03:00:00+09:00,0.0
2023-02-25 04:00:00+09:00,0.0
2023-02-25 05:00:00+09:00,0.0
2023-02-25 06:00:00+09:00,0.0
2023-02-25 07:00:00+09:00,0.34592411399477585
2023-02-25 08:00:00+09:00,0.577956691223412
2023-02-25 09:00:00+09:00,0.7570804715133294
2023-02-25 10:00:00+09:00,0.8569296195218105
2023-02-25 11:00:00+09:00,0.9191001395865249
2023-02-25 12:00:00+09:00,0.9132766264559431
2023-02-25 13:00:00+09:00,0.8229957416559631
2023-02-25 14:00:00+09:00,0.6598585208655466
2023-02-25 15:00:00+09:00,0.4544904475935274
2023-02-25 16:00:00+09:00,0.20117042398778162
2023-02-25 17:00:00+09:00,0.012196173715974685
2023-02-25 18:00:00+09:00,0.0
2023-02-25 19:00:00+09:00,0.0
2023-02-25 20:00:00+09:00,0.0
2023-02-25 21:00:00+09:00,0.0
2023-02-25 22:00:00+09:00,0.0
2023-02-25 23:00:00+09:00,0.0
2023-02-26 00:00:00+09:00,0.0
2023-02-26 01:00:00+09:00,0.0
2023-02-26 02:00:00+09:00,0.0
2023-02-26 03:00:00+09:00,0.0
2023-02-26 04:00:00+09:00,0.0
2023-02-26 05:00:00+09:00,0.0
2023-02-26 06:00:00+09:00,0.0
2023-02-26 07:00:00+09:00,0.3361806831715309
2023-02-26 08:00:00+09:00,0.5269174892757654
2023-02-26 09:00:00+09:00,0.6602744018462137
2023-02-26 10:00:00+09:00,0.7288500190649325
2023-02-26 11:00:00+09:00,0.7605972247950815
2023-02-26 12:00:00+09:00,0.670864607114877
2023-02-26 13:00:00+09:00,0.7056861400689504
2023-02-26 14:00:00+09:00,0.5306335810972853
2023-02-26 15:00:00+09:00,0.4367451898445556
2023-02-26 16:00:00+09:00,0.21450265615381994
2023-02-26 17:00:00+09:00,0.013051089010585814
2023-02-26 18:00:00+09:00,0.0
2023-02-26 19:00:00+09:00,0.0
2023-02-26 20:00:00+09:00,0.0
2023-02-26 21:00:00+09:00,0.0
2023-02-26 22:00:00+09:00,0.0
2023-02-26 23:00:00+09:00,0.0
2023-02-27 00:00:00+09:00,0.0
2023-02-27 01:00:00+09:00,0.0
2023-02-27 02:00:00+09:00,0.0
2023-02-27 03:00:00+09:00,0.0
2023-02-27 04:00:00+09:00,0.0
2023-02-27 05:00:00+09:00,0.0
2023-02-27 06:00:00+09:00,0.0
2023-02-27 07:00:00+09:00,0.3012075460829816
2023-02-27 08:00:00+09:00,0.5000612089632598
2023-02-27 09:00:00+09:00,0.7695926847313794
2023-02-27 10:00:00+09:00,0.9163932933071793
2023-02-27 11:00:00+09:00,0.9151830165937175
2023-02-27 12:00:00+09:00,0.9251219056780969
2023-02-27 13:00:00+09:00,0.813905695546535
2023-02-27 14:00:00+09:00,0.6231556814253195
2023-02-27 15:00:00+09:00,0.42974228393713076
2023-02-27 16:00:00+09:00,0.16142352358347223
2023-02-27 17:00:00+09:00,0.012189908546945422
2023-02-27 18:00:00+09:00,0.0
2023-02-27 19:00:00+09:00,0.0
2023-02-27 20:00:00+09:00,0.0
2023-02-27 21:00:00+09:00,0.0
2023-02-27 22:00:00+09:00,0.0
2023-02-27 23:00:00+09:00,0.0
2023-02-28 00:00:00+09:00,0.0
2023-02-28 01:00:00+09:00,0.0
2023-02-28 02:00:00+09:00,0.0
2023-02-28 03:00:00+09:00,0.0
2023-02-28 04:00:00+09:00,0.0
2023-02-28 05:00:00+09:00,0.0
2023-02-28 06:00:00+09:00,0.0
2023-02-28 07:00:00+09:00,0.2701535525189009
2023-02-28 08:00:00+09:00,0.5915858767082097
2023-02-28 09:00:00+09:00,0.7987488259517795
2023-02-28 10:00:00+09:00,0.9225684422202484
2023-02-28 11:00:00+09:00,0.9208034761612314
2023-02-28 12:00:00+09:00,0.4668088280186889
2023-02-28 13:00:00+09:00,0.7363853375084692
2023-02-28 14:00:00+09:00,0.6828016906028979
2023-02-28 15:00:00+09:00,0.41670325925423035
2023-02-28 16:00:00+09:00,0.21214151913565932
2023-02-28 17:00:00+09:00,0.01384834433892827
2023-02-28 18:00:00+09:00,0.0
2023-02-28 19:00:00+09:00,0.0
2023-02-28 20:00:00+09:00,0.0
2023-02-28 21:00:00+09:00,0.0
2023-02-28 22:00:00+09:00,0.0
2023-02-28 23:00:00+09:00,0.0
2023-03-01 00:00:00+09:00,0.0
2023-03-01 01:00:00+09:00,0.0
2023-03-01 02:00:00+09:00,0.0
2023-03-01 03:00:00+09:00,0.0
2023-03-01 04:00:00+09:00,0.0
2023-03-01 05:00:00+09:00,0.0
2023-03-01 06:00:00+09:00,0.0
2023-03-01 07:00:00+09:00,0.25654396039369026
2023-03-01 08:00:00+09:00,0.44672443096696834
2023-03-01 09:00:00+09:00,0.7902601563491954
2023-03-01 10:00:00+09:00,0.9158654605936245
2023-03-01 11:00:00+09:00,0.938879746207966
2023-03-01 12:00:00+09:00,0.8158503386613754
2023-03-01 13:00:00+09:00,0.7981321605939444
2023-03-01 14:00:00+09:00,0.6223014113919009
2023-03-01 15:00:00+09:00,0.3723138747673206
2023-03-01 16:00:00+09:00,0.19777641479661642
2023-03-01 17:00:00+09:00,0.016790237096325825
2023-03-01 18:00:00+09:00,0.0
2023-03-01 19:00:00+09:00,0.0
2023-03-01 20:00:00+09:00,0.0
2023-03-01 21:00:00+09:00,0.0
2023-03-01 22:00:00+09:00,0.0
2023-03-01 23:00:00+09:00,0.0
2023-03-02 00:00:00+09:00,0.0
2023-03-02 01:00:00+09:00,0.0
2023-03-02 02:00:00+09:00,0.0
2023-03-02 03:00:00+09:00,0.0
2023-03-02 04:00:00+09:00,0.0
2023-03-02 05:00:00+09:00,0.0
2023-03-02 06:00:00+09:00,0.0
2023-03-02 07:00:00+09:00,0.37768799363943806
2023-03-02 08:00:00+09:00,0.6246286125997625
2023-03-02 09:00:00+09:00,0.771174442831824
2023-03-02 10:00:00+09:00,0.8209257484942436
2023-03-02 11:00:00+09:00,0.8471080000198797
2023-03-02 12:00:00+09:00,0.84320749233448
2023-03-02 13:00:00+09:00,0.7810072382050119
2023-03-02 14:00:00+09:00,0.6333257043312664
2023-03-02 15:00:00+09:00,0.4530570807633787
2023-03-02 16:00:00+09:00,0.19524937476372792
2023-03-02 17:00:00+09:00,0.018751337887341856
2023-03-02 18:00:00+09:00,0.0
2023-03-02 19:00:00+09:00,0.0
2023-03-02 20:00:00+09:00,0.0
2023-03-02 21:00:00+09:00,0.0
2023-03-02 22:00:00+09:00,0.0
2023-03-02 23:00:00+09:00,0.0
2023-03-03 00:00:00+09:00,0.0
2023-03-03 01:00:00+09:00,0.0
2023-03-03 02:00:00+09:00,0.0
2023-03-03 03:00:00+09:00,0.0
2023-03-03 04:00:00+09:00,0.0
2023-03-03 05:00:00+09:00,0.0
2023-03-03 06:00:00+09:00,0.0
2023-03-03 07:00:00+09:00,0.3145995806185754
2023-03-03 08:00:00+09:00,0.45731125908013487
2023-03-03 09:00:00+09:00,0.6998491946044967
2023-03-03 10:00:00+09:00,0.7051946983118008
2023-03-03 11:00:00+09:00,0.8385703071379534
2023-03-03 12:00:00+09:00,0.6571741394509921
2023-03-03 13:00:00+09:00,0.562511530234082
2023-03-03 14:00:00+09:00,0.36834569499392067
2023-03-03 15:00:00+09:00,0.29769269960218797
2023-03-03 16:00:00+09:00,0.10675988657176132
2023-03-03 17:00:00+09:00,0.003726625023211229
2023-03-03 18:00:00+09:00,0.0
2023-03-03 19:00:00+09:00,0.0
2023-03-03 20:00:00+09:00,0.0
2023-03-03 21:00:00+09:00,0.0
2023-03-03 22:00:00+09:00,0.0
2023-03-03 23:00:00+09:00,0.0
2023-03-04 00:00:00+09:00,0.0
2023-03-04 01:00:00+09:00,0.0
2023-03-04 02:00:00+09:00,0.0
2023-03-04 03:00:00+09:00,0.0
2023-03-04 04:00:00+09:00,0.0
2023-03-04 05:00:00+09:00,0.0
2023-03-04 06:00:00+09:00,0.0
2023-03-04 07:00:00+09:00,0.015390213993504313
2023-03-04 08:00:00+09:00,0.034933663017024726
2023-03-04 09:00:00+09:00,0.04705121599066492
2023-03-04 10:00:00+09:00,0.06257711934215875
2023-03-04 11:00:00+09:00,0.05111745015006469
2023-03-04 12:00:00+09:00,0.06641081648658456
2023-03-04 13:00:00+09:00,0.0540940771539481
2023-03-04 14:00:00+09:00,0.041381857683215735
2023-03-04 15:00:00+09:00,0.02299707059006019
2023-03-04 16:00:00+09:00,0.010093801953924833
2023-03-04 17:00:00+09:00,0.0011627194799838005
2023-03-04 18:00:00+09:00,0.0
2023-03-04 19:00:00+09:00,0.0
2023-03-04 20:00:00+09:00,0.0
2023-03-04 21:00:00+09:00,0.0
2023-03-04 22:00:00+09:00,0.0
2023-03-04 23:00:00+09:00,0.0
2023-03-05 00:00:00+09:00,0.0
2023-03-05 01:00:00+09:00,0.0
2023-03-05 02:00:00+09:00,0.0
2023-03-05 03:00:00+09:00,0.0
2023-03-05 04:00:00+09:00,0.0
2023-03-05 05:00:00+09:00,0.0
2023-03-05 06:00:00+09:00,0.0
2023-03-05 07:00:00+09:00,0.2843483668091439
2023-03-05 08:00:00+09:00,0.5139634166346169
2023-03-05 09:00:00+09:00,0.6671434789930465
2023-03-05 10:00:00+09:00,0.6612563093038973
2023-03-05 11:00:00+09:00,0.8041958583381108
2023-03-05 12:00:00+09:00,0.9119133745804845
2023-03-05 13:00:00+09:00,0.8631923445251459
2023-03-05 14:00:00+09:00,0.7117156202849687
2023-03-05 15:00:00+09:00,0.496026238514422
2023-03-05 16:00:00+09:00,0.2296426947885312
2023-03-05 17:00:00+09:00,0.022032408477733637
2023-03-05 18:00:00+09:00,0.0
2023-03-05 19:00:00+09:00,0.0
2023-03-05 20:00:00+09:00,0.0
2023-03-05 21:00:00+09:00,0.0
2023-03-05 22:00:00+09:00,0.0
2023-03-05 23:00:00+09:00,0.0
2023-03-06 00:00:00+09:00,0.0
2023-03-06 01:00:00+09:00,0.0
2023-03-06 02:00:00+09:00,0.0
2023-03-06 03:00:00+09:00,0.0
2023-03-06 04:00:00+09:00,0.0
2023-03-06 05:00:00+09:00,0.0
2023-03-06 06:00:00+09:00,0.0
2023-03-06 07:00:00+09:00,0.14200742670366406
2023-03-06 08:00:00+09:00,0.2871667730794624
2023-03-06 09:00:00+09:00,0.3539133921938843
2023-03-06 10:00:00+09:00,0.5302496443852874
2023-03-06 11:00:00+09:00,0.7120262127395252
2023-03-06 12:00:00+09:00,0.6212244994043151
2023-03-06 13:00:00+09:00,0.5887354158018795
2023-03-06 14:00:00+09:00,0.44326645043897833
2023-03-06 15:00:00+09:00,0.2957466981472881
2023-03-06 16:00:00+09:00,0.10574287383297543
2023-03-06 17:00:00+09:00,0.011912709924355775
2023-03-06 18:00:00+09:00,0.0
2023-03-06 19:00:00+09:00,0.0
2023-03-06 20:00:00+09:00,0.0
2023-03-06 21:00:00+09:00,0.0
2023-03-06 22:00:00+09:00,0.0
2023-03-06 23:00:00+09:00,0.0
2023-03-07 00:00:00+09:00,0.0
2023-03-07 01:00:00+09:00,0.0
2023-03-07 02:00:00+09:00,0.0
2023-03-07 03:00:00+09:00,0.0
2023-03-07 04:00:00+09:00,0.0
2023-03-07 05:00:00+09:00,0.0
2023-03-07 06:00:00+09:00,0.0
2023-03-07 07:00:00+09:00,0.01567875133022377
2023-03-07 08:00:00+09:00,0.060819226143342536
2023-03-07 09:00:00+09:00,0.06435167722159901
2023-03-07 10:00:00+09:00,0.08792506808788422
2023-03-07 11:00:00+09:00,0.106237877172686
2023-03-07 12:00:00+09:00,0.08877837682779148
2023-03-07 13:00:00+09:00,0.10499456595560232
2023-03-07 14:00:00+09:00,0.07516013551951421
2023-03-07 15:00:00+09:00,0.05299736560967418
2023-03-07 16:00:00+09:00,0.048770074474657074
2023-03-07 17:00:00+09:00,0.005467959092327289
2023-03-07 18:00:00+09:00,0.0
2023-03-07 19:00:00+09:00,0.0
2023-03-07 20:00:00+09:00,0.0
2023-03-07 21:00:00+09:00,0.0
2023-03-07 22:00:00+09:00,0.0
2023-03-07 23:00:00+09:00,0.0
2023-03-08 00:00:00+09:00,0.0
2023-03-08 01:00:00+09:00,0.0
2023-03-08 02:00:00+09:00,0.0
2023-03-08 03:00:00+09:00,0.0
2023-03-08 04:00:00+09:00,0.0
2023-03-08 05:00:00+09:00,0.0
2023-03-08 06:00:00+09:00,
2023-03-08 07:00:00+09:00,0.3844291103593143
2023-03-08 08:00:00+09:00,0.6199192410019818
2023-03-08 09:00:00+09:00,0.7814662654830816
2023-03-08 10:00:00+09:00,0.9141405458262989
2023-03-08 11:00:00+09:00,0.8372701179101328
2023-03-08 12:00:00+09:00,0.6129481751716072
2023-03-08 13:00:00+09:00,0.5168455496421522
2023-03-08 14:00:00+09:00,0.4863250952406301
2023-03-08 15:00:00+09:00,0.23905745815233856
2023-03-08 16:00:00+09:00,0.18727440850117497
2023-03-08 17:00:00+09:00,0.025623420215712216
2023-03-08 18:00:00+09:00,0.0
2023-03-08 19:00:00+09:00,0.0
2023-03-08 20:00:00+09:00,0.0
2023-03-08 21:00:00+09:00,0.0
2023-03-08 22:00:00+09:00,0.0
2023-03-08 23:00:00+09:00,0.0
2023-03-09 00:00:00+09:00,0.0
2023-03-09 01:00:00+09:00,0.0
2023-03-09 02:00:00+09:00,0.0
2023-03-09 03:00:00+09:00,0.0
2023-03-09 04:00:00+09:00,0.0
2023-03-09 05:00:00+09:00,0.0
2023-03-09 06:00:00+09:00,
2023-03-09 07:00:00+09:00,0.40244453550115056
2023-03-09 08:00:00+09:00,0.6475401121648618
2023-03-09 09:00:00+09:00,0.829100632567949
2023-03-09 10:00:00+09:00,0.9409248434372126
2023-03-09 11:00:00+09:00,0.9876091640157025
2023-03-09 12:00:00+09:00,0.9650572250380511
2023-03-09 13:00:00+09:00,0.8729721616079181
2023-03-09 14:00:00+09:00,0.7199241315968806
2023-03-09 15:00:00+09:00,0.5012088001955048
2023-03-09 16:00:00+09:00,0.24153500114567503
2023-03-09 17:00:00+09:00,0.029315875309009535
2023-03-09 18:00:00+09:00,0.0
2023-03-09 19:00:00+09:00,0.0
2023-03-09 20:00:00+09:00,0.0
2023-03-09 21:00:00+09:00,0.0
2023-03-09 22:00:00+09:00,0.0
2023-03-09 23:00:00+09:00,0.0
2023-03-10 00:00:00+09:00,0.0
2023-03-10 01:00:00+09:00,0.0
2023-03-10 02:00:00+09:00,0.0
2023-03-10 03:00:00+09:00,0.0
2023-03-10 04:00:00+09:00,0.0
2023-03-10 05:00:00+09:00,0.0
2023-03-10 06:00:00+09:00,
2023-03-10 07:00:00+09:00,0.3109846913306585
2023-03-10 08:00:00+09:00,0.5894716038314495
2023-03-10 09:00:00+09:00,0.7596343233344393
2023-03-10 10:00:00+09:00,0.8808894684849649
2023-03-10 11:00:00+09:00,0.8430709689838332
2023-03-10 12:00:00+09:00,0.8842726100303708
2023-03-10 13:00:00+09:00,0.7159901508832138
2023-03-10 14:00:00+09:00,0.48924949930576284
2023-03-10 15:00:00+09:00,0.2279494492270967
2023-03-10 16:00:00+09:00,0.07339239488465807
2023-03-10 17:00:00+09:00,0.008893580918415338
2023-03-10 18:00:00+09:00,0.0
2023-03-10 19:00:00+09:00,0.0
2023-03-10 20:00:00+09:00,0.0
2023-03-10 21:00:00+09:00,0.0
2023-03-10 22:00:00+09:00,0.0
2023-03-10 23:00:00+09:00,0.0
2023-03-11 00:00:00+09:00,0.0
2023-03-11 01:00:00+09:00,0.0
2023-03-11 02:00:00+09:00,0.0
2023-03-11 03:00:00+09:00,0.0
2023-03-11 04:00:00+09:00,0.0
2023-03-11 05:00:00+09:00,0.0
2023-03-11 06:00:00+09:00,0.0029277905122165704
2023-03-11 07:00:00+09:00,0.012484108627287152
2023-03-11 08:00:00+09:00,0.06130773018208929
2023-03-11 09:00:00+09:00,0.05262173886145188
2023-03-11 10:00:00+09:00,0.0503585018076664
2023-03-11 11:00:00+09:00,0.030472687886622843
2023-03-11 12:00:00+09:00,0.03261615826286415
2023-03-11 13:00:00+09:00,0.07934298712306947
2023-03-11 14:00:00+09:00,0.18829045969604627
2023-03-11 15:00:00+09:00,0.2262836447555529
2023-03-11 16:00:00+09:00,0.12659308732257524
2023-03-11 17:00:00+09:00,0.005472158247633996
2023-03-11 18:00:00+09:00,0.0
2023-03-11 19:00:00+09:00,0.0
2023-03-11 20:00:00+09:00,0.0
2023-03-11 21:00:00+09:00,0.0
2023-03-11 22:00:00+09:00,0.0
2023-03-11 23:00:00+09:00,0.0
2023-03-12 00:00:00+09:00,0.0
2023-03-12 01:00:00+09:00,0.0
2023-03-12 02:00:00+09:00,0.0
2023-03-12 03:00:00+09:00,0.0
2023-03-12 04:00:00+09:00,0.0
2023-03-12 05:00:00+09:00,0.0
2023-03-12 06:00:00+09:00,0.02664409929336239
2023-03-12 07:00:00+09:00,0.3887649269233734
2023-03-12 08:00:00+09:00,0.5291370097412514
2023-03-12 09:00:00+09:00,0.5366524782023747
2023-03-12 10:00:00+09:00,0.7100716067508731
2023-03-12 11:00:00+09:00,0.7302827907574521
2023-03-12 12:00:00+09:00,0.7791651582588566
2023-03-12 13:00:00+09:00,0.8117466713177867
2023-03-12 14:00:00+09:00,0.6674530992335496
2023-03-12 15:00:00+09:00,0.39843137943156326
2023-03-12 16:00:00+09:00,0.17300470795925094
2023-03-12 17:00:00+09:00,0.028987543100370716
2023-03-12 18:00:00+09:00,0.0
2023-03-12 19:00:00+09:00,0.0
2023-03-12 20:00:00+09:00,0.0
2023-03-12 21:00:00+09:00,0.0
2023-03-12 22:00:00+09:00,0.0
2023-03-12 23:00:00+09:00,0.0
2023-03-13 00:00:00+09:00,0.0
2023-03-13 01:00:00+09:00,0.0
2023-03-13 02:00:00+09:00,0.0
2023-03-13 03:00:00+09:00,0.0
2023-03-13 04:00:00+09:00,0.0
2023-03-13 05:00:00+09:00,0.0
2023-03-13 06:00:00+09:00,0.026776547380428953
2023-03-13 07:00:00+09:00,0.26761531363635926
2023-03-13 08:00:00+09:00,0.5963546979512576
2023-03-13 09:00:00+09:00,0.7777157145599166
2023-03-13 10:00:00+09:00,0.8041618066917795
2023-03-13 11:00:00+09:00,0.5444034479079858
2023-03-13 12:00:00+09:00,0.48930784025995383
2023-03-13 13:00:00+09:00,0.6350636959103637
2023-03-13 14:00:00+09:00,0.662364506349637
2023-03-13 15:00:00+09:00,0.49013504973735417
2023-03-13 16:00:00+09:00,0.21296223724270957
2023-03-13 17:00:00+09:00,0.02868602443397996
2023-03-13 18:00:00+09:00,0.0
2023-03-13 19:00:00+09:00,0.0
2023-03-13 20:00:00+09:00,0.0
2023-03-13 21:00:00+09:00,0.0
2023-03-13 22:00:00+09:00,0.0
2023-03-13 23:00:00+09:00,0.0
2023-03-14 00:00:00+09:00,0.0
2023-03-14 01:00:00+09:00,0.0
2023-03-14 02:00:00+09:00,0.0
2023-03-14 03:00:00+09:00,0.0
2023-03-14 04:00:00+09:00,0.0
2023-03-14 05:00:00+09:00,0.0
2023-03-14 06:00:00+09:00,0.03324148721703534
2023-03-14 07:00:00+09:00,0.36867876580841275
2023-03-14 08:00:00+09:00,0.4913158111410884
2023-03-14 09:00:00+09:00,0.8017459178492976
2023-03-14 10:00:00+09:00,0.8840491380491287
2023-03-14 11:00:00+09:00,0.9321133791512867
2023-03-14 12:00:00+09:00,0.8598252115129333
2023-03-14 13:00:00+09:00,0.7386473453226748
2023-03-14 14:00:00+09:00,0.7072581388554684
2023-03-14 15:00:00+09:00,0.5101497428957108
2023-03-14 16:00:00+09:00,0.25942571749121507
2023-03-14 17:00:00+09:00,0.0368602475651441
2023-03-14 18:00:00+09:00,0.0
2023-03-14 19:00:00+09:00,0.0
2023-03-14 20:00:00+09:00,0.0
2023-03-14 21:00:00+09:00,0.0
2023-03-14 22:00:00+09:00,0.0
2023-03-14 23:00:00+09:00,0.0
2023-03-15 00:00:00+09:00,0.0
2023-03-15 01:00:00+09:00,0.0
2023-03-15 02:00:00+09:00,0.0
2023-03-15 03:00:00+09:00,0.0
2023-03-15 04:00:00+09:00,0.0
2023-03-15 05:00:00+09:00,0.0
2023-03-15 06:00:00+09:00,0.02921381627054077
2023-03-15 07:00:00+09:00,0.39239488037332365
2023-03-15 08:00:00+09:00,0.6345624384893829
2023-03-15 09:00:00+09:00,0.8283154614936861
2023-03-15 10:00:00+09:00,0.864092741012331
2023-03-15 11:00:00+09:00,0.9344776457543953
2023-03-15 12:00:00+09:00,0.8728524967753417
2023-03-15 13:00:00+09:00,0.8006417541880761
2023-03-15 14:00:00+09:00,0.5865729802459558
2023-03-15 15:00:00+09:00,0.38598905999824307
2023-03-15 16:00:00+09:00,0.20196346796452552
2023-03-15 17:00:00+09:00,0.03131835055049566
2023-03-15 18:00:00+09:00,0.0
2023-03-15 19:00:00+09:00,0.0
2023-03-15 20:00:00+09:00,0.0
2023-03-15 21:00:00+09:00,0.0
2023-03-15 22:00:00+09:00,0.0
2023-03-15 23:00:00+09:00,0.0
2023-03-16 00:00:00+09:00,0.0
2023-03-16 01:00:00+09:00,0.0
2023-03-16 02:00:00+09:00,0.0
2023-03-16 03:00:00+09:00,0.0
2023-03-16 04:00:00+09:00,0.0
2023-03-16 05:00:00+09:00,0.0
2023-03-16 06:00:00+09:00,0.03209799931444802
2023-03-16 07:00:00+09:00,0.40312467999200535
2023-03-16 08:00:00+09:00,0.6160614063834138
2023-03-16 09:00:00+09:00,0.8106164984694392
2023-03-16 10:00:00+09:00,0.9443700139427149
2023-03-16 11:00:00+09:00,0.9755525854181416
2023-03-16 12:00:00+09:00,0.9092148991422279
2023-03-16 13:00:00+09:00,0.5166680670021636
2023-03-16 14:00:00+09:00,0.5393841568745192
2023-03-16 15:00:00+09:00,0.3660418792679782
2023-03-16 16:00:00+09:00,0.22830477385553252
2023-03-16 17:00:00+09:00,0.03415324600500286
2023-03-16 18:00:00+09:00,0.0
2023-03-16 19:00:00+09:00,0.0
2023-03-16 20:00:00+09:00,0.0
2023-03-16 21:00:00+09:00,0.0
2023-03-16 22:00:00+09:00,0.0
2023-03-16 23:00:00+09:00,0.0
2023-03-17 00:00:00+09:00,0.0
2023-03-17 01:00:00+09:00,0.0
2023-03-17 02:00:00+09:00,0.0
2023-03-17 03:00:00+09:00,0.0
2023-03-17 04:00:00+09:00,0.0
2023-03-17 05:00:00+09:00,0.0
2023-03-17 06:00:00+09:00,0.03329067037
2023-03-17 07:00:00+09:00,0.408658043409283
2023-03-17 08:00:00+09:00,0.6528279611755355
2023-03-17 09:00:00+09:00,0.8290370482244716
2023-03-17 10:00:00+09:00,0.9425135605304472
2023-03-17 11:00:00+09:00,0.9717322992148362
2023-03-17 12:00:00+09:00,0.7577791201651014
2023-03-17 13:00:00+09:00,0.5091318016145449
2023-03-17 14:00:00+09:00,0.20555305962688036
2023-03-17 15:00:00+09:00,0.17379793431843388
2023-03-17 16:00:00+09:00,0.12736283609572888
2023-03-17 17:00:00+09:00,0.021512875809928063
2023-03-17 18:00:00+09:00,0.0
2023-03-17 19:00:00+09:00,0.0
2023-03-17 20:00:00+09:00,0.0
2023-03-17 21:00:00+09:00,0.0
2023-03-17 22:00:00+09:00,0.0
2023-03-17 23:00:00+09:00,0.0
2023-03-18 00:00:00+09:00,0.0
2023-03-18 01:00:00+09:00,0.0
2023-03-18 02:00:00+09:00,0.0
2023-03-18 03:00:00+09:00,0.0
2023-03-18 04:00:00+09:00,0.0
2023-03-18 05:00:00+09:00,0.0
2023-03-18 06:00:00+09:00,0.034960639608433
2023-03-18 07:00:00+09:00,0.41299781842485717
2023-03-18 08:00:00+09:00,0.6582205589715612
2023-03-18 09:00:00+09:00,0.8345677498848805
2023-03-18 10:00:00+09:00,0.9514072931357523
2023-03-18 11:00:00+09:00,0.997924816436385
2023-03-18 12:00:00+09:00,0.9733933641064687
2023-03-18 13:00:00+09:00,0.8622260254650531
2023-03-18 14:00:00+09:00,0.7293167191003577
2023-03-18 15:00:00+09:00,0.5078726622319042
2023-03-18 16:00:00+09:00,0.25680998513827447
2023-03-18 17:00:00+09:00,0.03967466908286044
2023-03-18 18:00:00+09:00,0.0
2023-03-18 19:00:00+09:00,0.0
2023-03-18 20:00:00+09:00,0.0
2023-03-18 21:00:00+09:00,0.0
2023-03-18 22:00:00+09:00,0.0
2023-03-18 23:00:00+09:00,0.0
2023-03-19 00:00:00+09:00,0.0
2023-03-19 01:00:00+09:00,0.0
2023-03-19 02:00:00+09:00,0.0
2023-03-19 03:00:00+09:00,0.0
2023-03-19 04:00:00+09:00,0.0
2023-03-19 05:00:00+09:00,0.0
2023-03-19 06:00:00+09:00,0.10042952625326101
2023-03-19 07:00:00+09:00,0.3725066147293915
2023-03-19 08:00:00+09:00,0.5962924731215005
2023-03-19 09:00:00+09:00,0.7173653549165799
2023-03-19 10:00:00+09:00,0.8799821177723451
2023-03-19 11:00:00+09:00,0.9604135059614338
2023-03-19 12:00:00+09:00,0.9312177082946473
2023-03-19 13:00:00+09:00,0.851913546188943
2023-03-19 14:00:00+09:00,0.706252022201037
2023-03-19 15:00:00+09:00,0.5002358467323655
2023-03-19 16:00:00+09:00,0.2513440362094366
2023-03-19 17:00:00+09:00,0.03436521531984683
2023-03-19 18:00:00+09:00,0.0
2023-03-19 19:00:00+09:00,0.0
2023-03-19 20:00:00+09:00,0.0
2023-03-19 21:00:00+09:00,0.0
2023-03-19 22:00:00+09:00,0.0
2023-03-19 23:00:00+09:00,0.0
2023-03-20 00:00:00+09:00,0.0
2023-03-20 01:00:00+09:00,0.0
2023-03-20 02:00:00+09:00,0.0
2023-03-20 03:00:00+09:00,0.0
2023-03-20 04:00:00+09:00,0.0
2023-03-20 05:00:00+09:00,0.0
2023-03-20 06:00:00+09:00,0.1400703080292779
2023-03-20 07:00:00+09:00,0.4044257816087611
2023-03-20 08:00:00+09:00,0.6427786714122787
2023-03-20 09:00:00+09:00,0.8064439770670595
2023-03-20 10:00:00+09:00,0.9164100940381353
2023-03-20 11:00:00+09:00,0.9741659991381375
2023-03-20 12:00:00+09:00,0.9478743573432907
2023-03-20 13:00:00+09:00,0.8567642068150755
2023-03-20 14:00:00+09:00,0.7096057301663683
2023-03-20 15:00:00+09:00,0.4976687360322369
2023-03-20 16:00:00+09:00,0.25148827330077195
2023-03-20 17:00:00+09:00,0.03852009650792351
2023-03-20 18:00:00+09:00,0.0
2023-03-20 19:00:00+09:00,0.0
2023-03-20 20:00:00+09:00,0.0
2023-03-20 21:00:00+09:00,0.0
2023-03-20 22:00:00+09:00,0.0
2023-03-20 23:00:00+09:00,0.0
2023-03-21 00:00:00+09:00,0.0
2023-03-21 01:00:00+09:00,0.0
2023-03-21 02:00:00+09:00,0.0
2023-03-21 03:00:00+09:00,0.0
2023-03-21 04:00:00+09:00,0.0
2023-03-21 05:00:00+09:00,0.0
2023-03-21 06:00:00+09:00,0.03129389139871909
2023-03-21 07:00:00+09:00,0.05341432175005313
2023-03-21 08:00:00+09:00,0.18716342662781424
2023-03-21 09:00:00+09:00,0.2864336336111606
2023-03-21 10:00:00+09:00,0.26278206602486487
2023-03-21 11:00:00+09:00,0.49091412381712984
2023-03-21 12:00:00+09:00,0.2584816227244895
2023-03-21 13:00:00+09:00,0.42444714976807324
2023-03-21 14:00:00+09:00,0.3314873939901898
2023-03-21 15:00:00+09:00,0.42606082214419483
2023-03-21 16:00:00+09:00,0.23451466083453362
2023-03-21 17:00:00+09:00,0.03520111528925342
2023-03-21 18:00:00+09:00,0.0
2023-03-21 19:00:00+09:00,0.0
2023-03-21 20:00:00+09:00,0.0
2023-03-21 21:00:00+09:00,0.0
2023-03-21 22:00:00+09:00,0.0
2023-03-21 23:00:00+09:00,0.0
2023-03-22 00:00:00+09:00,0.0
2023-03-22 01:00:00+09:00,0.0
2023-03-22 02:00:00+09:00,0.0
2023-03-22 03:00:00+09:00,0.0
2023-03-22 04:00:00+09:00,0.0
2023-03-22 05:00:00+09:00,0.0
2023-03-22 06:00:00+09:00,0.055358549432998144
2023-03-22 07:00:00+09:00,0.2052320951364507
2023-03-22 08:00:00+09:00,0.5043684021183025
2023-03-22 09:00:00+09:00,0.6558234590290426
2023-03-22 10:00:00+09:00,0.7792856677148728
2023-03-22 11:00:00+09:00,0.9625614679408167
2023-03-22 12:00:00+09:00,0.9672852298343145
2023-03-22 13:00:00+09:00,0.8480835946178578
2023-03-22 14:00:00+09:00,0.49310932779169997
2023-03-22 15:00:00+09:00,0.23870333229900736
2023-03-22 16:00:00+09:00,0.10741603718572597
2023-03-22 17:00:00+09:00,0.014715890165121277
2023-03-22 18:00:00+09:00,0.0
2023-03-22 19:00:00+09:00,0.0
2023-03-22 20:00:00+09:00,0.0
2023-03-22 21:00:00+09:00,0.0
2023-03-22 22:00:00+09:00,0.0
2023-03-22 23:00:00+09:00,0.0
2023-03-23 00:00:00+09:00,0.0
2023-03-23 01:00:00+09:00,0.0
2023-03-23 02:00:00+09:00,0.0
2023-03-23 03:00:00+09:00,0.0
2023-03-23 04:00:00+09:00,0.0
2023-03-23 05:00:00+09:00,0.0
2023-03-23 06:00:00+09:00,0.1286133291319952
2023-03-23 07:00:00+09:00,0.36060545395225035
2023-03-23 08:00:00+09:00,0.44465298780189844
2023-03-23 09:00:00+09:00,0.4226278072841075
2023-03-23 10:00:00+09:00,0.6638311583297748
2023-03-23 11:00:00+09:00,0.5204486358882044
2023-03-23 12:00:00+09:00,0.6178352812342195
2023-03-23 13:00:00+09:00,0.4448659472235046
2023-03-23 14:00:00+09:00,0.48960055059342006
2023-03-23 15:00:00+09:00,0.3307941840662488
2023-03-23 16:00:00+09:00,0.25929878237256443
2023-03-23 17:00:00+09:00,0.04558196076960054
2023-03-23 18:00:00+09:00,0.0
2023-03-23 19:00:00+09:00,0.0
2023-03-23 20:00:00+09:00,0.0
2023-03-23 21:00:00+09:00,0.0
2023-03-23 22:00:00+09:00,0.0
2023-03-23 23:00:00+09:00,0.0
2023-03-24 00:00:00+09:00,0.0
2023-03-24 01:00:00+09:00,0.0
2023-03-24 02:00:00+09:00,0.0
2023-03-24 03:00:00+09:00,0.0
2023-03-24 04:00:00+09:00,0.0
2023-03-24 05:00:00+09:00,0.0
2023-03-24 06:00:00+09:00,0.08109230347576725
2023-03-24 07:00:00+09:00,0.33145287519626615
2023-03-24 08:00:00+09:00,0.6499853806844283
2023-03-24 09:00:00+09:00,0.8413513147491943
2023-03-24 10:00:00+09:00,0.9351953847075818
2023-03-24 11:00:00+09:00,0.9630482667766052
2023-03-24 12:00:00+09:00,0.9542372948818485
2023-03-24 13:00:00+09:00,0.8530563017451865
2023-03-24 14:00:00+09:00,0.7346260001497893
2023-03-24 15:00:00+09:00,0.484242841685001
2023-03-24 16:00:00+09:00,0.22512107747778445
2023-03-24 17:00:00+09:00,0.04137462411473022
2023-03-24 18:00:00+09:00,0.0
2023-03-24 19:00:00+09:00,0.0
2023-03-24 20:00:00+09:00,0.0
2023-03-24 21:00:00+09:00,0.0
2023-03-24 22:00:00+09:00,0.0
2023-03-24 23:00:00+09:00,0.0
2023-03-25 00:00:00+09:00,0.0
2023-03-25 01:00:00+09:00,0.0
2023-03-25 02:00:00+09:00,0.0
2023-03-25 03:00:00+09:00,0.0
2023-03-25 04:00:00+09:00,0.0
2023-03-25 05:00:00+09:00,0.0
2023-03-25 06:00:00+09:00,0.14226512052307638
2023-03-25 07:00:00+09:00,0.40948747648214945
2023-03-25 08:00:00+09:00,0.6541441003704097
2023-03-25 09:00:00+09:00,0.8279810606286996
2023-03-25 10:00:00+09:00,0.9371682113844318
2023-03-25 11:00:00+09:00,0.9784424513460335
2023-03-25 12:00:00+09:00,0.7067235632019034
2023-03-25 13:00:00+09:00,0.633830193143294
2023-03-25 14:00:00+09:00,0.6363747492041231
2023-03-25 15:00:00+09:00,0.41700956925469096
2023-03-25 16:00:00+09:00,0.23921670826804328
2023-03-25 17:00:00+09:00,0.04335885625029885
2023-03-25 18:00:00+09:00,0.0
2023-03-25 19:00:00+09:00,0.0
2023-03-25 20:00:00+09:00,0.0
2023-03-25 21:00:00+09:00,0.0
2023-03-25 22:00:00+09:00,0.0
2023-03-25 23:00:00+09:00,0.0
2023-03-26 00:00:00+09:00,0.0
2023-03-26 01:00:00+09:00,0.0
2023-03-26 02:00:00+09:00,0.0
2023-03-26 03:00:00+09:00,0.0
2023-03-26 04:00:00+09:00,0.0
2023-03-26 05:00:00+09:00,0.0
2023-03-26 06:00:00+09:00,0.12280977286691144
2023-03-26 07:00:00+09:00,0.3437268784037496
2023-03-26 08:00:00+09:00,0.6370874206903481
2023-03-26 09:00:00+09:00,0.791541667389993
2023-03-26 10:00:00+09:00,0.8439348321330417
2023-03-26 11:00:00+09:00,0.8670127460845121
2023-03-26 12:00:00+09:00,0.7155440915436421
2023-03-26 13:00:00+09:00,0.5594080864878896
2023-03-26 14:00:00+09:00,0.40754662389206514
2023-03-26 15:00:00+09:00,0.4920685230191541
2023-03-26 16:00:00+09:00,0.2375695336522404
2023-03-26 17:00:00+09:00,0.04523092335843348
2023-03-26 18:00:00+09:00,0.0
2023-03-26 19:00:00+09:00,0.0
2023-03-26 20:00:00+09:00,0.0
2023-03-26 21:00:00+09:00,0.0
2023-03-26 22:00:00+09:00,0.0
2023-03-26 23:00:00+09:00,0.0
2023-03-27 00:00:00+09:00,0.0
2023-03-27 01:00:00+09:00,0.0
2023-03-27 02:00:00+09:00,0.0
2023-03-27 03:00:00+09:00,0.0
2023-03-27 04:00:00+09:00,0.0
2023-03-27 05:00:00+09:00,0.0
2023-03-27 06:00:00+09:00,0.14659810294245215
2023-03-27 07:00:00+09:00,0.4161446819443565
2023-03-27 08:00:00+09:00,0.6533653192389097
2023-03-27 09:00:00+09:00,0.8209128450159835
2023-03-27 10:00:00+09:00,0.9290630167983929
2023-03-27 11:00:00+09:00,0.969926386827919
2023-03-27 12:00:00+09:00,0.9444565011976854
2023-03-27 13:00:00+09:00,0.8421673079956046
2023-03-27 14:00:00+09:00,0.6071480865410275
2023-03-27 15:00:00+09:00,0.4740317474695266
2023-03-27 16:00:00+09:00,0.1955701380751667
2023-03-27 17:00:00+09:00,0.04092750577821722
2023-03-27 18:00:00+09:00,0.0
2023-03-27 19:00:00+09:00,0.0
2023-03-27 20:00:00+09:00,0.0
2023-03-27 21:00:00+09:00,0.0
2023-03-27 22:00:00+09:00,0.0
2023-03-27 23:00:00+09:00,0.0
2023-03-28 00:00:00+09:00,0.0
2023-03-28 01:00:00+09:00,0.0
2023-03-28 02:00:00+09:00,0.0
2023-03-28 03:00:00+09:00,0.0
2023-03-28 04:00:00+09:00,0.0
2023-03-28 05:00:00+09:00,0.0
2023-03-28 06:00:00+09:00,0.10545971441369524
2023-03-28 07:00:00+09:00,0.3628828567684826
2023-03-28 08:00:00+09:00,0.6276142887368781
2023-03-28 09:00:00+09:00,0.7492021559238429
2023-03-28 10:00:00+09:00,0.8537812458375517
2023-03-28 11:00:00+09:00,0.9358453727752819
2023-03-28 12:00:00+09:00,0.9197255942881482
2023-03-28 13:00:00+09:00,0.8582756510860545
2023-03-28 14:00:00+09:00,0.7098883838692941
2023-03-28 15:00:00+09:00,0.5150139115374975
2023-03-28 16:00:00+09:00,0.26915804465061854
2023-03-28 17:00:00+09:00,0.04873413012655889
2023-03-28 18:00:00+09:00,0.0
2023-03-28 19:00:00+09:00,0.0
2023-03-28 20:00:00+09:00,0.0
2023-03-28 21:00:00+09:00,0.0
2023-03-28 22:00:00+09:00,0.0
2023-03-28 23:00:00+09:00,0.0
2023-03-29 00:00:00+09:00,0.0
2023-03-29 01:00:00+09:00,0.0
2023-03-29 02:00:00+09:00,0.0
2023-03-29 03:00:00+09:00,0.0
2023-03-29 04:00:00+09:00,0.0
2023-03-29 05:00:00+09:00,0.0
2023-03-29 06:00:00+09:00,0.13023187251151397
2023-03-29 07:00:00+09:00,0.40055010685686954
2023-03-29 08:00:00+09:00,0.6506341805858002
2023-03-29 09:00:00+09:00,0.7893983977885441
2023-03-29 10:00:00+09:00,0.9247912124454507
2023-03-29 11:00:00+09:00,0.8251093354743801
2023-03-29 12:00:00+09:00,0.6980467199399966
2023-03-29 13:00:00+09:00,0.603720603856704
2023-03-29 14:00:00+09:00,0.590430830680148
2023-03-29 15:00:00+09:00,0.39348130293107597
2023-03-29 16:00:00+09:00,0.1925137630396606
2023-03-29 17:00:00+09:00,0.04709613849107891
2023-03-29 18:00:00+09:00,0.0
2023-03-29 19:00:00+09:00,0.0
2023-03-29 20:00:00+09:00,0.0
2023-03-29 21:00:00+09:00,0.0
2023-03-29 22:00:00+09:00,0.0
2023-03-29 23:00:00+09:00,0.0
2023-03-30 00:00:00+09:00,0.0
2023-03-30 01:00:00+09:00,0.0
2023-03-30 02:00:00+09:00,0.0
2023-03-30 03:00:00+09:00,0.0
2023-03-30 04:00:00+09:00,0.0
2023-03-30 05:00:00+09:00,0.0
2023-03-30 06:00:00+09:00,0.06657239991215726
2023-03-30 07:00:00+09:00,0.11569170675945004
2023-03-30 08:00:00+09:00,0.18438181847318308
2023-03-30 09:00:00+09:00,0.2638390620621841
2023-03-30 10:00:00+09:00,0.16688481995848864
2023-03-30 11:00:00+09:00,0.25449880436203987
2023-03-30 12:00:00+09:00,0.19799903201888827
2023-03-30 13:00:00+09:00,0.2591579169651222
2023-03-30 14:00:00+09:00,0.07730386642991442
2023-03-30 15:00:00+09:00,0.12508389015636495
2023-03-30 16:00:00+09:00,0.02496546380187261
2023-03-30 17:00:00+09:00,0.003988647546175196
2023-03-30 18:00:00+09:00,0.0
2023-03-30 19:00:00+09:00,0.0
2023-03-30 20:00:00+09:00,0.0
2023-03-30 21:00:00+09:00,0.0
2023-03-30 22:00:00+09:00,0.0
2023-03-30 23:00:00+09:00,0.0
2023-03-31 00:00:00+09:00,0.0
2023-03-31 01:00:00+09:00,0.0
2023-03-31 02:00:00+09:00,0.0
2023-03-31 03:00:00+09:00,0.0
2023-03-31 04:00:00+09:00,0.0
2023-03-31 05:00:00+09:00,0.0
2023-03-31 06:00:00+09:00,0.05133411933212543
2023-03-31 07:00:00+09:00,0.1913254158993853
2023-03-31 08:00:00+09:00,0.28826365924601993
2023-03-31 09:00:00+09:00,0.24322155325945616
2023-03-31 10:00:00+09:00,0.3670285850065155
2023-03-31 11:00:00+09:00,0.4929262341753672
2023-03-31 12:00:00+09:00,0.5175713045420021
2023-03-31 13:00:00+09:00,0.3952802975314356
2023-03-31 14:00:00+09:00,0.5258675671986693
2023-03-31 15:00:00+09:00,0.4949375571338825
2023-03-31 16:00:00+09:00,0.18177253347663222
2023-03-31 17:00:00+09:00,0.04130954207808043
2023-03-31 18:00:00+09:00,0.0
2023-03-31 19:00:00+09:00,0.0
2023-03-31 20:00:00+09:00,0.0
2023-03-31 21:00:00+09:00,0.0
2023-03-31 22:00:00+09:00,0.0
2023-03-31 23:00:00+09:00,0.0
2023-04-01 00:00:00+09:00,0.0
2023-04-01 01:00:00+09:00,0.0
2023-04-01 02:00:00+09:00,0.0
2023-04-01 03:00:00+09:00,0.0
2023-04-01 04:00:00+09:00,0.0
2023-04-01 05:00:00+09:00,0.0
2023-04-01 06:00:00+09:00,0.1491658842862256
2023-04-01 07:00:00+09:00,0.41555599238521673
2023-04-01 08:00:00+09:00,0.6296690818861868
2023-04-01 09:00:00+09:00,0.35604425268177076
2023-04-01 10:00:00+09:00,0.3027606500006124
2023-04-01 11:00:00+09:00,0.2816880559514235
2023-04-01 12:00:00+09:00,0.17844697739470586
2023-04-01 13:00:00+09:00,0.17653063676871153
2023-04-01 14:00:00+09:00,0.11173829935697346
2023-04-01 15:00:00+09:00,0.033268574083515724
2023-04-01 16:00:00+09:00,0.011964414602108444
2023-04-01 17:00:00+09:00,0.002819882637902585
2023-04-01 18:00:00+09:00,0.0
2023-04-01 19:00:00+09:00,0.0
2023-04-01 20:00:00+09:00,0.0
2023-04-01 21:00:00+09:00,0.0
2023-04-01 22:00:00+09:00,0.0
2023-04-01 23:00:00+09:00,0.0
2023-04-02 00:00:00+09:00,0.0
2023-04-02 01:00:00+09:00,0.0
2023-04-02 02:00:00+09:00,0.0
2023-04-02 03:00:00+09:00,0.0
2023-04-02 04:00:00+09:00,0.0
2023-04-02 05:00:00+09:00,0.0
2023-04-02 06:00:00+09:00,0.03140192870080652
2023-04-02 07:00:00+09:00,0.09295093278147935
2023-04-02 08:00:00+09:00,0.20625585133758476
2023-04-02 09:00:00+09:00,0.42398392401228546
2023-04-02 10:00:00+09:00,0.664672140090616
2023-04-02 11:00:00+09:00,0.8595631724816546
2023-04-02 12:00:00+09:00,0.8793969933122529
2023-04-02 13:00:00+09:00,0.7751518292426292
2023-04-02 14:00:00+09:00,0.611155556168619
2023-04-02 15:00:00+09:00,0.4796724677967316
2023-04-02 16:00:00+09:00,0.2644362165959181
2023-04-02 17:00:00+09:00,0.05475379536477986
2023-04-02 18:00:00+09:00,0.0
2023-04-02 19:00:00+09:00,0.0
2023-04-02 20:00:00+09:00,0.0
2023-04-02 21:00:00+09:00,0.0
2023-04-02 22:00:00+09:00,0.0
2023-04-02 23:00:00+09:00,0.0
2023-04-03 00:00:00+09:00,0.0
2023-04-03 01:00:00+09:00,0.0
2023-04-03 02:00:00+09:00,0.0
2023-04-03 03:00:00+09:00,0.0
2023-04-03 04:00:00+09:00,0.0
2023-04-03 05:00:00+09:00,0.0
2023-04-03 06:00:00+09:00,0.15147925928050315
2023-04-03 07:00:00+09:00,0.4182415376382132
2023-04-03 08:00:00+09:00,0.6515461450463419
2023-04-03 09:00:00+09:00,0.8172546581446483
2023-04-03 10:00:00+09:00,0.9286926201538978
2023-04-03 11:00:00+09:00,0.9715648969353521
2023-04-03 12:00:00+09:00,0.9489048804069181
2023-04-03 13:00:00+09:00,0.8598706956033946
2023-04-03 14:00:00+09:00,0.7107225317584757
2023-04-03 15:00:00+09:00,0.5007308235634247
2023-04-03 16:00:00+09:00,0.2643802837646089
2023-04-03 17:00:00+09:00,0.05384687323298695
2023-04-03 18:00:00+09:00,0.0
2023-04-03 19:00:00+09:00,0.0
2023-04-03 20:00:00+09:00,0.0
2023-04-03 21:00:00+09:00,0.0
2023-04-03 22:00:00+09:00,0.0
2023-04-03 23:00:00+09:00,0.0
2023-04-04 00:00:00+09:00,0.0
2023-04-04 01:00:00+09:00,0.0
2023-04-04 02:00:00+09:00,0.0
2023-04-04 03:00:00+09:00,0.0
2023-04-04 04:00:00+09:00,0.0
2023-04-04 05:00:00+09:00,0.0
2023-04-04 06:00:00+09:00,0.1248376112092661
2023-04-04 07:00:00+09:00,0.3587215687257731
2023-04-04 08:00:00+09:00,0.5683949872699554
2023-04-04 09:00:00+09:00,0.7259543792826735
2023-04-04 10:00:00+09:00,0.8692921144642425
2023-04-04 11:00:00+09:00,0.8499967356553892
2023-04-04 12:00:00+09:00,0.8710624120305345
2023-04-04 13:00:00+09:00,0.6991311086327244
2023-04-04 14:00:00+09:00,0.5689896310038992
2023-04-04 15:00:00+09:00,0.42978949617261764
2023-04-04 16:00:00+09:00,0.25283867758941114
2023-04-04 17:00:00+09:00,0.04883403576284128
2023-04-04 18:00:00+09:00,0.0
2023-04-04 19:00:00+09:00,0.0
2023-04-04 20:00:00+09:00,0.0
2023-04-04 21:00:00+09:00,0.0
2023-04-04 22:00:00+09:00,0.0
2023-04-04 23:00:00+09:00,0.0
2023-04-05 00:00:00+09:00,0.0
2023-04-05 01:00:00+09:00,0.0
2023-04-05 02:00:00+09:00,0.0
2023-04-05 03:00:00+09:00,0.0
2023-04-05 04:00:00+09:00,0.0
2023-04-05 05:00:00+09:00,0.0
2023-04-05 06:00:00+09:00,0.07386651288329556
2023-04-05 07:00:00+09:00,0.15947167438554938
2023-04-05 08:00:00+09:00,0.20689107182244051
2023-04-05 09:00:00+09:00,0.18717369376004941
2023-04-05 10:00:00+09:00,0.3347349590852126
2023-04-05 11:00:00+09:00,0.539443121113938
2023-04-05 12:00:00+09:00,0.23866863815438616
2023-04-05 13:00:00+09:00,0.2842060976000122
2023-04-05 14:00:00+09:00,0.2639290144755763
2023-04-05 15:00:00+09:00,0.35638988989492615
2023-04-05 16:00:00+09:00,0.2112132724238026
2023-04-05 17:00:00+09:00,0.057374042108286866
2023-04-05 18:00:00+09:00,
2023-04-05 19:00:00+09:00,0.0
2023-04-05 20:00:00+09:00,0.0
2023-04-05 21:00:00+09:00,0.0
2023-04-05 22:00:00+09:00,0.0
2023-04-05 23:00:00+09:00,0.0
2023-04-06 00:00:00+09:00,0.0
2023-04-06 01:00:00+09:00,0.0
2023-04-06 02:00:00+09:00,0.0
2023-04-06 03:00:00+09:00,0.0
2023-04-06 04:00:00+09:00,0.0
2023-04-06 05:00:00+09:00,0.0
2023-04-06 06:00:00+09:00,0.15118866766385985
2023-04-06 07:00:00+09:00,0.4210892268866161
2023-04-06 08:00:00+09:00,0.6532063939782848
2023-04-06 09:00:00+09:00,0.7424875578512123
2023-04-06 10:00:00+09:00,0.9120481909956047
2023-04-06 11:00:00+09:00,0.906390926004849
2023-04-06 12:00:00+09:00,0.8923211330164935
2023-04-06 13:00:00+09:00,0.7676123942689272
2023-04-06 14:00:00+09:00,0.5839158507842194
2023-04-06 15:00:00+09:00,0.39347947993046756
2023-04-06 16:00:00+09:00,0.24125450962561626
2023-04-06 17:00:00+09:00,0.05564893872787878
2023-04-06 18:00:00+09:00,
2023-04-06 19:00:00+09:00,0.0
2023-04-06 20:00:00+09:00,0.0
2023-04-06 21:00:00+09:00,0.0
2023-04-06 22:00:00+09:00,0.0
2023-04-06 23:00:00+09:00,0.0
2023-04-07 00:00:00+09:00,0.0
2023-04-07 01:00:00+09:00,0.0
2023-04-07 02:00:00+09:00,0.0
2023-04-07 03:00:00+09:00,0.0
2023-04-07 04:00:00+09:00,0.0
2023-04-07 05:00:00+09:00,0.0
2023-04-07 06:00:00+09:00,0.14087918790640164
2023-04-07 07:00:00+09:00,0.4090050473901224
2023-04-07 08:00:00+09:00,0.5967829725445094
2023-04-07 09:00:00+09:00,0.6950305300128455
2023-04-07 10:00:00+09:00,0.8481720740792477
2023-04-07 11:00:00+09:00,0.9054065292372402
2023-04-07 12:00:00+09:00,0.9164012174353615
2023-04-07 13:00:00+09:00,0.687966275061731
2023-04-07 14:00:00+09:00,0.6578728126968758
2023-04-07 15:00:00+09:00,0.46090474640815743
2023-04-07 16:00:00+09:00,0.18494722844702718
2023-04-07 17:00:00+09:00,0.05679858729102364
2023-04-07 18:00:00+09:00,
2023-04-07 19:00:00+09:00,0.0
2023-04-07 20:00:00+09:00,0.0
2023-04-07 21:00:00+09:00,0.0
2023-04-07 22:00:00+09:00,0.0
2023-04-07 23:00:00+09:00,0.0
2023-04-08 00:00:00+09:00,0.0
2023-04-08 01:00:00+09:00,0.0
2023-04-08 02:00:00+09:00,0.0
2023-04-08 03:00:00+09:00,0.0
2023-04-08 04:00:00+09:00,0.0
2023-04-08 05:00:00+09:00,0.0
2023-04-08 06:00:00+09:00,0.15692599211044542
2023-04-08 07:00:00+09:00,0.4202770280443797
2023-04-08 08:00:00+09:00,0.6488398763142088
2023-04-08 09:00:00+09:00,0.8154827805947311
2023-04-08 10:00:00+09:00,0.9066220380751293
2023-04-08 11:00:00+09:00,0.8335791802328979
2023-04-08 12:00:00+09:00,0.8101805559305747
2023-04-08 13:00:00+09:00,0.7762953310226075
2023-04-08 14:00:00+09:00,0.4702108050401313
2023-04-08 15:00:00+09:00,0.43080994188809435
2023-04-08 16:00:00+09:00,0.20080662583865536
2023-04-08 17:00:00+09:00,0.04440975318310167
2023-04-08 18:00:00+09:00,
2023-04-08 19:00:00+09:00,0.0
2023-04-08 20:00:00+09:00,0.0
2023-04-08 21:00:00+09:00,0.0
2023-04-08 22:00:00+09:00,0.0
2023-04-08 23:00:00+09:00,0.0
2023-04-09 00:00:00+09:00,0.0
2023-04-09 01:00:00+09:00,0.0
2023-04-09 02:00:00+09:00,0.0
2023-04-09 03:00:00+09:00,0.0
2023-04-09 04:00:00+09:00,0.0
2023-04-09 05:00:00+09:00,0.0
2023-04-09 06:00:00+09:00,0.1389309857821633
2023-04-09 07:00:00+09:00,0.3814348142404118
2023-04-09 08:00:00+09:00,0.6172463362123546
2023-04-09 09:00:00+09:00,0.8037076402629378
2023-04-09 10:00:00+09:00,0.9270648339188517
2023-04-09 11:00:00+09:00,0.9218441487186002
2023-04-09 12:00:00+09:00,0.9221892312935287
2023-04-09 13:00:00+09:00,0.8313445494403063
2023-04-09 14:00:00+09:00,0.6791405956846928
2023-04-09 15:00:00+09:00,0.43672401113656084
2023-04-09 16:00:00+09:00,0.17801268120775715
2023-04-09 17:00:00+09:00,0.02801448092303416
2023-04-09 18:00:00+09:00,
2023-04-09 19:00:00+09:00,0.0
2023-04-09 20:00:00+09:00,0.0
2023-04-09 21:00:00+09:00,0.0
2023-04-09 22:00:00+09:00,0.0
2023-04-09 23:00:00+09:00,0.0
2023-04-10 00:00:00+09:00,0.0
2023-04-10 01:00:00+09:00,0.0
2023-04-10 02:00:00+09:00,0.0
2023-04-10 03:00:00+09:00,0.0
2023-04-10 04:00:00+09:00,0.0
2023-04-10 05:00:00+09:00,0.0
2023-04-10 06:00:00+09:00,0.15607344752588223
2023-04-10 07:00:00+09:00,0.39988992546512653
2023-04-10 08:00:00+09:00,0.6278939309706187
2023-04-10 09:00:00+09:00,0.7609955483026463
2023-04-10 10:00:00+09:00,0.8599191865140046
2023-04-10 11:00:00+09:00,0.916599944969499
2023-04-10 12:00:00+09:00,0.8501827056827259
2023-04-10 13:00:00+09:00,0.7792542082599327
2023-04-10 14:00:00+09:00,0.646692877853187
2023-04-10 15:00:00+09:00,0.45687768924636196
2023-04-10 16:00:00+09:00,0.2596306562479461
2023-04-10 17:00:00+09:00,0.060999750224254766
2023-04-10 18:00:00+09:00,4.427434079183111e-05
2023-04-10 19:00:00+09:00,0.0
2023-04-10 20:00:00+09:00,0.0
2023-04-10 21:00:00+09:00,0.0
2023-04-10 22:00:00+09:00,0.0
2023-04-10 23:00:00+09:00,0.0
2023-04-11 00:00:00+09:00,0.0
2023-04-11 01:00:00+09:00,0.0
2023-04-11 02:00:00+09:00,0.0
2023-04-11 03:00:00+09:00,0.0
2023-04-11 04:00:00+09:00,0.0
2023-04-11 05:00:00+09:00,0.0
2023-04-11 06:00:00+09:00,0.15640596142978203
2023-04-11 07:00:00+09:00,0.4087409773898217
2023-04-11 08:00:00+09:00,0.5378869418804173
2023-04-11 09:00:00+09:00,0.7060240295988607
2023-04-11 10:00:00+09:00,0.8517179697895298
2023-04-11 11:00:00+09:00,0.8447282401015284
2023-04-11 12:00:00+09:00,0.8805764741321426
2023-04-11 13:00:00+09:00,0.7498683244325549
2023-04-11 14:00:00+09:00,0.6397841859684806
2023-04-11 15:00:00+09:00,0.30730007916712104
2023-04-11 16:00:00+09:00,0.23121511686114724
2023-04-11 17:00:00+09:00,0.05769671618178166
2023-04-11 18:00:00+09:00,8.825139403911185e-05
2023-04-11 19:00:00+09:00,0.0
2023-04-11 20:00:00+09:00,0.0
2023-04-11 21:00:00+09:00,0.0
2023-04-11 22:00:00+09:00,0.0
2023-04-11 23:00:00+09:00,0.0
2023-04-12 00:00:00+09:00,0.0
2023-04-12 01:00:00+09:00,0.0
2023-04-12 02:00:00+09:00,0.0
2023-04-12 03:00:00+09:00,0.0
2023-04-12 04:00:00+09:00,0.0
2023-04-12 05:00:00+09:00,0.0
2023-04-12 06:00:00+09:00,0.04337800248993236
2023-04-12 07:00:00+09:00,0.095342427530617
2023-04-12 08:00:00+09:00,0.21651791673711257
2023-04-12 09:00:00+09:00,0.4051147408618454
2023-04-12 10:00:00+09:00,0.5107739929133787
2023-04-12 11:00:00+09:00,0.6571721558683722
2023-04-12 12:00:00+09:00,0.7402134646166615
2023-04-12 13:00:00+09:00,0.5306241596754361
2023-04-12 14:00:00+09:00,0.4697831627827006
2023-04-12 15:00:00+09:00,0.4113004010694765
2023-04-12 16:00:00+09:00,0.15501924837893868
2023-04-12 17:00:00+09:00,0.05127414262639314
2023-04-12 18:00:00+09:00,0.00013195247558057504
2023-04-12 19:00:00+09:00,0.0
2023-04-12 20:00:00+09:00,0.0
2023-04-12 21:00:00+09:00,0.0
2023-04-12 22:00:00+09:00,0.0
2023-04-12 23:00:00+09:00,0.0
2023-04-13 00:00:00+09:00,0.0
2023-04-13 01:00:00+09:00,0.0
2023-04-13 02:00:00+09:00,0.0
2023-04-13 03:00:00+09:00,0.0
2023-04-13 04:00:00+09:00,0.0
2023-04-13 05:00:00+09:00,0.0
2023-04-13 06:00:00+09:00,0.024519456147942046
2023-04-13 07:00:00+09:00,0.043957268221240436
2023-04-13 08:00:00+09:00,0.10035370885027478
2023-04-13 09:00:00+09:00,0.09159310292044187
2023-04-13 10:00:00+09:00,0.07784868453730029
2023-04-13 11:00:00+09:00,0.046216092777604745
2023-04-13 12:00:00+09:00,0.038171154855603434
2023-04-13 13:00:00+09:00,0.030471361332096
2023-04-13 14:00:00+09:00,0.0360262127393482
2023-04-13 15:00:00+09:00,0.02517486122225436
2023-04-13 16:00:00+09:00,0.012164997311375169
2023-04-13 17:00:00+09:00,0.002537587735698056
2023-04-13 18:00:00+09:00,
2023-04-13 19:00:00+09:00,0.0
2023-04-13 20:00:00+09:00,0.0
2023-04-13 21:00:00+09:00,0.0
2023-04-13 22:00:00+09:00,0.0
2023-04-13 23:00:00+09:00,0.0
2023-04-14 00:00:00+09:00,0.0
2023-04-14 01:00:00+09:00,0.0
2023-04-14 02:00:00+09:00,0.0
2023-04-14 03:00:00+09:00,0.0
2023-04-14 04:00:00+09:00,0.0
2023-04-14 05:00:00+09:00,0.0
2023-04-14 06:00:00+09:00,0.13655534169329828
2023-04-14 07:00:00+09:00,0.38087179586196696
2023-04-14 08:00:00+09:00,0.6408149171412678
2023-04-14 09:00:00+09:00,0.8377468873040071
2023-04-14 10:00:00+09:00,0.9558913819569467
2023-04-14 11:00:00+09:00,0.9118199171387258
2023-04-14 12:00:00+09:00,0.6981685858038073
2023-04-14 13:00:00+09:00,0.5731274214838766
2023-04-14 14:00:00+09:00,0.6141484953259758
2023-04-14 15:00:00+09:00,0.4944807965997129
2023-04-14 16:00:00+09:00,0.2756966407214154
2023-04-14 17:00:00+09:00,0.06636525110766339
2023-04-14 18:00:00+09:00,0.0003523516191189736
2023-04-14 19:00:00+09:00,0.0
2023-04-14 20:00:00+09:00,0.0
2023-04-14 21:00:00+09:00,0.0
2023-04-14 22:00:00+09:00,0.0
2023-04-14 23:00:00+09:00,0.0
2023-04-15 00:00:00+09:00,0.0
2023-04-15 01:00:00+09:00,0.0
2023-04-15 02:00:00+09:00,0.0
2023-04-15 03:00:00+09:00,0.0
2023-04-15 04:00:00+09:00,0.0
2023-04-15 05:00:00+09:00,0.0
2023-04-15 06:00:00+09:00,0.16054483177098441
2023-04-15 07:00:00+09:00,0.41865097498890697
2023-04-15 08:00:00+09:00,0.6435391271818097
2023-04-15 09:00:00+09:00,0.8089965461644765
2023-04-15 10:00:00+09:00,0.9069998886138105
2023-04-15 11:00:00+09:00,0.9436310064090944
2023-04-15 12:00:00+09:00,0.9162406383442792
2023-04-15 13:00:00+09:00,0.8273863334523484
2023-04-15 14:00:00+09:00,0.6415857160267343
2023-04-15 15:00:00+09:00,0.4613456535297613
2023-04-15 16:00:00+09:00,0.23880157193311324
2023-04-15 17:00:00+09:00,0.06402084561119513
2023-04-15 18:00:00+09:00,0.0004327749565833276
2023-04-15 19:00:00+09:00,0.0
2023-04-15 20:00:00+09:00,0.0
2023-04-15 21:00:00+09:00,0.0
2023-04-15 22:00:00+09:00,0.0
2023-04-15 23:00:00+09:00,0.0
2023-04-16 00:00:00+09:00,0.0
2023-04-16 01:00:00+09:00,0.0
2023-04-16 02:00:00+09:00,0.0
2023-04-16 03:00:00+09:00,0.0
2023-04-16 04:00:00+09:00,0.0
2023-04-16 05:00:00+09:00,0.0
2023-04-16 06:00:00+09:00,0.03475361197503502
2023-04-16 07:00:00+09:00,0.07800077203475746
2023-04-16 08:00:00+09:00,0.11710789153232319
2023-04-16 09:00:00+09:00,0.2495307749374243
2023-04-16 10:00:00+09:00,0.25659882548060753
2023-04-16 11:00:00+09:00,0.46542732742246185
2023-04-16 12:00:00+09:00,0.5142244584813876
2023-04-16 13:00:00+09:00,0.4673816721772102
2023-04-16 14:00:00+09:00,0.5448873222841724
2023-04-16 15:00:00+09:00,0.26129834926833506
2023-04-16 16:00:00+09:00,0.12380667383491906
2023-04-16 17:00:00+09:00,0.02688044143364095
2023-04-16 18:00:00+09:00,0.0002664314997000414
2023-04-16 19:00:00+09:00,0.0
2023-04-16 20:00:00+09:00,0.0
2023-04-16 21:00:00+09:00,0.0
2023-04-16 22:00:00+09:00,0.0
2023-04-16 23:00:00+09:00,0.0
2023-04-17 00:00:00+09:00,0.0
2023-04-17 01:00:00+09:00,0.0
2023-04-17 02:00:00+09:00,0.0
2023-04-17 03:00:00+09:00,0.0
2023-04-17 04:00:00+09:00,0.0
2023-04-17 05:00:00+09:00,0.0
2023-04-17 06:00:00+09:00,0.15277431624482016
2023-04-17 07:00:00+09:00,0.3600766696071517
2023-04-17 08:00:00+09:00,0.5707707761843336
2023-04-17 09:00:00+09:00,0.7676500654690813
2023-04-17 10:00:00+09:00,0.8416214187046862
2023-04-17 11:00:00+09:00,0.8395955568020326
2023-04-17 12:00:00+09:00,0.9161873295126023
2023-04-17 13:00:00+09:00,0.827737984176403
2023-04-17 14:00:00+09:00,0.6868694218244619
2023-04-17 15:00:00+09:00,0.4060181998672658
2023-04-17 16:00:00+09:00,0.2335903993946284
2023-04-17 17:00:00+09:00,0.06223774530505426
2023-04-17 18:00:00+09:00,0.0007043119400163165
2023-04-17 19:00:00+09:00,0.0
2023-04-17 20:00:00+09:00,0.0
2023-04-17 21:00:00+09:00,0.0
2023-04-17 22:00:00+09:00,0.0
2023-04-17 23:00:00+09:00,0.0
2023-04-18 00:00:00+09:00,0.0
2023-04-18 01:00:00+09:00,0.0
2023-04-18 02:00:00+09:00,0.0
2023-04-18 03:00:00+09:00,0.0
2023-04-18 04:00:00+09:00,0.0
2023-04-18 05:00:00+09:00,
2023-04-18 06:00:00+09:00,0.041106437415836534
2023-04-18 07:00:00+09:00,0.08037705416331012
2023-04-18 08:00:00+09:00,0.17766343608692375
2023-04-18 09:00:00+09:00,0.1386916201694375
2023-04-18 10:00:00+09:00,0.1740146719250506
2023-04-18 11:00:00+09:00,0.1071830791267321
2023-04-18 12:00:00+09:00,0.1276163483685529
2023-04-18 13:00:00+09:00,0.05285788116948874
2023-04-18 14:00:00+09:00,0.04305317146615775
2023-04-18 15:00:00+09:00,0.011826875854973981
2023-04-18 16:00:00+09:00,0.012566979641541545
2023-04-18 17:00:00+09:00,0.007204154628009091
2023-04-18 18:00:00+09:00,0.00030773828780461597
2023-04-18 19:00:00+09:00,0.0
2023-04-18 20:00:00+09:00,0.0
2023-04-18 21:00:00+09:00,0.0
2023-04-18 22:00:00+09:00,0.0
2023-04-18 23:00:00+09:00,0.0
2023-04-19 00:00:00+09:00,0.0
2023-04-19 01:00:00+09:00,0.0
2023-04-19 02:00:00+09:00,0.0
2023-04-19 03:00:00+09:00,0.0
2023-04-19 04:00:00+09:00,0.0
2023-04-19 05:00:00+09:00,
2023-04-19 06:00:00+09:00,0.07400348679395535
2023-04-19 07:00:00+09:00,0.13454982605425614
2023-04-19 08:00:00+09:00,0.203312322513025
2023-04-19 09:00:00+09:00,0.2593895079379288
2023-04-19 10:00:00+09:00,0.3081612031641544
2023-04-19 11:00:00+09:00,0.33497870709000616
2023-04-19 12:00:00+09:00,0.2555852622436438
2023-04-19 13:00:00+09:00,0.21926009044797504
2023-04-19 14:00:00+09:00,0.1680546367201157
2023-04-19 15:00:00+09:00,0.054839679225496284
2023-04-19 16:00:00+09:00,0.036457294945768284
2023-04-19 17:00:00+09:00,0.01112106364084063
2023-04-19 18:00:00+09:00,0.0001765088058042489
2023-04-19 19:00:00+09:00,0.0
2023-04-19 20:00:00+09:00,0.0
2023-04-19 21:00:00+09:00,0.0
2023-04-19 22:00:00+09:00,0.0
2023-04-19 23:00:00+09:00,0.0
2023-04-20 00:00:00+09:00,0.0
2023-04-20 01:00:00+09:00,0.0
2023-04-20 02:00:00+09:00,0.0
2023-04-20 03:00:00+09:00,0.0
2023-04-20 04:00:00+09:00,0.0
2023-04-20 05:00:00+09:00,0.004723735591879699
2023-04-20 06:00:00+09:00,0.01657517244707957
2023-04-20 07:00:00+09:00,0.035704767555242385
2023-04-20 08:00:00+09:00,0.0488688364857774
2023-04-20 09:00:00+09:00,0.09306621630384943
2023-04-20 10:00:00+09:00,0.10875298404844762
2023-04-20 11:00:00+09:00,0.2489284128985093
2023-04-20 12:00:00+09:00,0.22171697272720145
2023-04-20 13:00:00+09:00,0.24400195567561037
2023-04-20 14:00:00+09:00,0.18144335944924778
2023-04-20 15:00:00+09:00,0.08002977447408152
2023-04-20 16:00:00+09:00,0.055971885784330586
2023-04-20 17:00:00+09:00,0.027934512509142386
2023-04-20 18:00:00+09:00,0.0005262707484835783
2023-04-20 19:00:00+09:00,0.0
2023-04-20 20:00:00+09:00,0.0
2023-04-20 21:00:00+09:00,0.0
2023-04-20 22:00:00+09:00,0.0
2023-04-20 23:00:00+09:00,0.0
2023-04-21 00:00:00+09:00,0.0
2023-04-21 01:00:00+09:00,0.0
2023-04-21 02:00:00+09:00,0.0
2023-04-21 03:00:00+09:00,0.0
2023-04-21 04:00:00+09:00,0.0
2023-04-21 05:00:00+09:00,0.021884689180371394
2023-04-21 06:00:00+09:00,0.1259761654019037
2023-04-21 07:00:00+09:00,0.18971446275072892
2023-04-21 08:00:00+09:00,0.29993454024620153
2023-04-21 09:00:00+09:00,0.35761336530331034
2023-04-21 10:00:00+09:00,0.43054303714553616
2023-04-21 11:00:00+09:00,0.6017918695698684
2023-04-21 12:00:00+09:00,0.29870291341189115
2023-04-21 13:00:00+09:00,0.27238653895049253
2023-04-21 14:00:00+09:00,0.15262034475342273
2023-04-21 15:00:00+09:00,0.0984208837852411
2023-04-21 16:00:00+09:00,0.05516704678265884
2023-04-21 17:00:00+09:00,0.015439358348393028
2023-04-21 18:00:00+09:00,0.0003062200448791884
2023-04-21 19:00:00+09:00,0.0
2023-04-21 20:00:00+09:00,0.0
2023-04-21 21:00:00+09:00,0.0
2023-04-21 22:00:00+09:00,0.0
2023-04-21 23:00:00+09:00,0.0
2023-04-22 00:00:00+09:00,0.0
2023-04-22 01:00:00+09:00,0.0
2023-04-22 02:00:00+09:00,0.0
2023-04-22 03:00:00+09:00,0.0
2023-04-22 04:00:00+09:00,0.0
2023-04-22 05:00:00+09:00,0.011084222932414666
2023-04-22 06:00:00+09:00,0.05354013685631678
2023-04-22 07:00:00+09:00,0.10198810088815477
2023-04-22 08:00:00+09:00,0.12490350795024824
2023-04-22 09:00:00+09:00,0.25413882565028817
2023-04-22 10:00:00+09:00,0.42736233824800446
2023-04-22 11:00:00+09:00,0.49172761649017227
2023-04-22 12:00:00+09:00,0.40866473245308166
2023-04-22 13:00:00+09:00,0.38528479885750466
2023-04-22 14:00:00+09:00,0.25016004388248336
2023-04-22 15:00:00+09:00,0.3257713626977066
2023-04-22 16:00:00+09:00,0.20090803535462437
2023-04-22 17:00:00+09:00,0.05453776153257621
2023-04-22 18:00:00+09:00,0.0015014002223204701
2023-04-22 19:00:00+09:00,0.0
2023-04-22 20:00:00+09:00,0.0
2023-04-22 21:00:00+09:00,0.0
2023-04-22 22:00:00+09:00,0.0
2023-04-22 23:00:00+09:00,0.0
2023-04-23 00:00:00+09:00,0.0
2023-04-23 01:00:00+09:00,0.0
2023-04-23 02:00:00+09:00,0.0
2023-04-23 03:00:00+09:00,0.0
2023-04-23 04:00:00+09:00,0.0
2023-04-23 05:00:00+09:00,0.022995739281474265
2023-04-23 06:00:00+09:00,0.16798405052250653
2023-04-23 07:00:00+09:00,0.42218503658712925
2023-04-23 08:00:00+09:00,0.5477417680816296
2023-04-23 09:00:00+09:00,0.6455358457018794
2023-04-23 10:00:00+09:00,0.8058134418232019
2023-04-23 11:00:00+09:00,0.8029741394890645
2023-04-23 12:00:00+09:00,0.7841181737943187
2023-04-23 13:00:00+09:00,0.6661635200329068
2023-04-23 14:00:00+09:00,0.5788381158787371
2023-04-23 15:00:00+09:00,0.36864977599292237
2023-04-23 16:00:00+09:00,0.14034700262454267
2023-04-23 17:00:00+09:00,0.03858247459291277
2023-04-23 18:00:00+09:00,0.0015528028566182703
2023-04-23 19:00:00+09:00,0.0
2023-04-23 20:00:00+09:00,0.0
2023-04-23 21:00:00+09:00,0.0
2023-04-23 22:00:00+09:00,0.0
2023-04-23 23:00:00+09:00,0.0
2023-04-24 00:00:00+09:00,0.0
2023-04-24 01:00:00+09:00,0.0
2023-04-24 02:00:00+09:00,0.0
2023-04-24 03:00:00+09:00,0.0
2023-04-24 04:00:00+09:00,0.0
2023-04-24 05:00:00+09:00,0.02415026259640086
2023-04-24 06:00:00+09:00,0.17050493229708288
2023-04-24 07:00:00+09:00,0.4207237458953649
2023-04-24 08:00:00+09:00,0.5392997673398429
2023-04-24 09:00:00+09:00,0.6704091678651624
2023-04-24 10:00:00+09:00,0.6842397047518801
2023-04-24 11:00:00+09:00,0.6933409129567597
2023-04-24 12:00:00+09:00,0.6856003088290467
2023-04-24 13:00:00+09:00,0.37085307731803135
2023-04-24 14:00:00+09:00,0.3573480683779219
2023-04-24 15:00:00+09:00,0.21638800381833223
2023-04-24 16:00:00+09:00,0.10541862399039317
2023-04-24 17:00:00+09:00,0.03739254270578783
2023-04-24 18:00:00+09:00,0.001061336727602114
2023-04-24 19:00:00+09:00,0.0
2023-04-24 20:00:00+09:00,0.0
2023-04-24 21:00:00+09:00,0.0
2023-04-24 22:00:00+09:00,0.0
2023-04-24 23:00:00+09:00,0.0
2023-04-25 00:00:00+09:00,0.0
2023-04-25 01:00:00+09:00,0.0
2023-04-25 02:00:00+09:00,0.0
2023-04-25 03:00:00+09:00,0.0
2023-04-25 04:00:00+09:00,0.0
2023-04-25 05:00:00+09:00,0.025447216283218974
2023-04-25 06:00:00+09:00,0.17209334688798059
2023-04-25 07:00:00+09:00,0.4216122597326298
2023-04-25 08:00:00+09:00,0.6388301564472899
2023-04-25 09:00:00+09:00,0.772502696888766
2023-04-25 10:00:00+09:00,0.6517880187557584
2023-04-25 11:00:00+09:00,0.6563164023958576
2023-04-25 12:00:00+09:00,0.5352518735956273
2023-04-25 13:00:00+09:00,0.5941258778330898
2023-04-25 14:00:00+09:00,0.5442092704849977
2023-04-25 15:00:00+09:00,0.4805201444296847
2023-04-25 16:00:00+09:00,0.26669690265048673
2023-04-25 17:00:00+09:00,0.07180017416583101
2023-04-25 18:00:00+09:00,0.002119359055598535
2023-04-25 19:00:00+09:00,0.0
2023-04-25 20:00:00+09:00,0.0
2023-04-25 21:00:00+09:00,0.0
2023-04-25 22:00:00+09:00,0.0
2023-04-25 23:00:00+09:00,0.0
2023-04-26 00:00:00+09:00,0.0
2023-04-26 01:00:00+09:00,0.0
2023-04-26 02:00:00+09:00,0.0
2023-04-26 03:00:00+09:00,0.0
2023-04-26 04:00:00+09:00,0.0
2023-04-26 05:00:00+09:00,0.0258058128108711
2023-04-26 06:00:00+09:00,0.16924499866915593
2023-04-26 07:00:00+09:00,0.41761674665630205
2023-04-26 08:00:00+09:00,0.6329112018239061
2023-04-26 09:00:00+09:00,0.7844561523626553
2023-04-26 10:00:00+09:00,0.8743732348858733
2023-04-26 11:00:00+09:00,0.6835668627065634
2023-04-26 12:00:00+09:00,0.671387145241269
2023-04-26 13:00:00+09:00,0.43635208560573185
2023-04-26 14:00:00+09:00,0.4359643624623775
2023-04-26 15:00:00+09:00,0.30820013095845433
2023-04-26 16:00:00+09:00,0.16387933884840677
2023-04-26 17:00:00+09:00,0.0332032975869972
2023-04-26 18:00:00+09:00,0.001169620014409742
2023-04-26 19:00:00+09:00,0.0
2023-04-26 20:00:00+09:00,0.0
2023-04-26 21:00:00+09:00,0.0
2023-04-26 22:00:00+09:00,0.0
2023-04-26 23:00:00+09:00,0.0
2023-04-27 00:00:00+09:00,0.0
2023-04-27 01:00:00+09:00,0.0
2023-04-27 02:00:00+09:00,0.0
2023-04-27 03:00:00+09:00,0.0
2023-04-27 04:00:00+09:00,0.0
2023-04-27 05:00:00+09:00,0.026416165804558422
2023-04-27 06:00:00+09:00,0.15900631733947787
2023-04-27 07:00:00+09:00,0.3525918946323365
2023-04-27 08:00:00+09:00,0.502418792264144
2023-04-27 09:00:00+09:00,0.688403099253734
2023-04-27 10:00:00+09:00,0.7526795797538356
2023-04-27 11:00:00+09:00,0.7699243475323077
2023-04-27 12:00:00+09:00,0.8647602585752595
2023-04-27 13:00:00+09:00,0.7348455092729216
2023-04-27 14:00:00+09:00,0.5776992534160986
2023-04-27 15:00:00+09:00,0.42695559113766474
2023-04-27 16:00:00+09:00,0.24733386172830038
2023-04-27 17:00:00+09:00,0.07193257653981297
2023-04-27 18:00:00+09:00,0.0028014450157770945
2023-04-27 19:00:00+09:00,0.0
2023-04-27 20:00:00+09:00,0.0
2023-04-27 21:00:00+09:00,0.0
2023-04-27 22:00:00+09:00,0.0
2023-04-27 23:00:00+09:00,0.0
2023-04-28 00:00:00+09:00,0.0
2023-04-28 01:00:00+09:00,0.0
2023-04-28 02:00:00+09:00,0.0
2023-04-28 03:00:00+09:00,0.0
2023-04-28 04:00:00+09:00,0.0
2023-04-28 05:00:00+09:00,0.02762722524723928
2023-04-28 06:00:00+09:00,0.15423391077922963
2023-04-28 07:00:00+09:00,0.3731333483846562
2023-04-28 08:00:00+09:00,0.4829522455096635
2023-04-28 09:00:00+09:00,0.5768050093337538
2023-04-28 10:00:00+09:00,0.6075822057733195
2023-04-28 11:00:00+09:00,0.8416830564672713
2023-04-28 12:00:00+09:00,0.7523831345731131
2023-04-28 13:00:00+09:00,0.676221013567375
2023-04-28 14:00:00+09:00,0.5712325201778354
2023-04-28 15:00:00+09:00,0.3809144856385968
2023-04-28 16:00:00+09:00,0.21779751998362532
2023-04-28 17:00:00+09:00,0.06514523067602805
2023-04-28 18:00:00+09:00,0.002806435211272508
2023-04-28 19:00:00+09:00,0.0
2023-04-28 20:00:00+09:00,0.0
2023-04-28 21:00:00+09:00,0.0
2023-04-28 22:00:00+09:00,0.0
2023-04-28 23:00:00+09:00,0.0
2023-04-29 00:00:00+09:00,0.0
2023-04-29 01:00:00+09:00,0.0
2023-04-29 02:00:00+09:00,0.0
2023-04-29 03:00:00+09:00,0.0
2023-04-29 04:00:00+09:00,0.0
2023-04-29 05:00:00+09:00,0.029843871467141427
2023-04-29 06:00:00+09:00,0.17163534620794457
2023-04-29 07:00:00+09:00,0.40195801416647137
2023-04-29 08:00:00+09:00,0.5247822406600614
2023-04-29 09:00:00+09:00,0.5648014986974015
2023-04-29 10:00:00+09:00,0.8252896423659631
2023-04-29 11:00:00+09:00,0.8734932303511982
2023-04-29 12:00:00+09:00,0.8702597487210029
2023-04-29 13:00:00+09:00,0.6644624421985822
2023-04-29 14:00:00+09:00,0.5435563129624055
2023-04-29 15:00:00+09:00,0.43498820848019143
2023-04-29 16:00:00+09:00,0.2568141539857916
2023-04-29 17:00:00+09:00,0.07325623592658309
2023-04-29 18:00:00+09:00,0.0030612965217487313
2023-04-29 19:00:00+09:00,0.0
2023-04-29 20:00:00+09:00,0.0
2023-04-29 21:00:00+09:00,0.0
2023-04-29 22:00:00+09:00,0.0
2023-04-29 23:00:00+09:00,0.0
2023-04-30 00:00:00+09:00,0.0
2023-04-30 01:00:00+09:00,0.0
2023-04-30 02:00:00+09:00,0.0
2023-04-30 03:00:00+09:00,0.0
2023-04-30 04:00:00+09:00,0.0
2023-04-30 05:00:00+09:00,0.04322375610212267
2023-04-30 06:00:00+09:00,0.16710269152106774
2023-04-30 07:00:00+09:00,0.4140122508974281
2023-04-30 08:00:00+09:00,0.6226169335597018
2023-04-30 09:00:00+09:00,0.7768813066657599
2023-04-30 10:00:00+09:00,0.7708458838971795
2023-04-30 11:00:00+09:00,0.7158554804594282
2023-04-30 12:00:00+09:00,0.7667942572869159
2023-04-30 13:00:00+09:00,0.7421443564560952
2023-04-30 14:00:00+09:00,0.5843619874107112
2023-04-30 15:00:00+09:00,0.42761381278117855
2023-04-30 16:00:00+09:00,0.252088256497049
2023-04-30 17:00:00+09:00,0.07275892466236498
2023-04-30 18:00:00+09:00,0.0033688980326403114
2023-04-30 19:00:00+09:00,0.0
2023-04-30 20:00:00+09:00,0.0
2023-04-30 21:00:00+09:00,0.0
2023-04-30 22:00:00+09:00,0.0
2023-04-30 23:00:00+09:00,0.0
2023-05-01 00:00:00+09:00,0.0
2023-05-01 01:00:00+09:00,0.0
2023-05-01 02:00:00+09:00,0.0
2023-05-01 03:00:00+09:00,0.0
2023-05-01 04:00:00+09:00,0.0
2023-05-01 05:00:00+09:00,0.03870463902258997
2023-05-01 06:00:00+09:00,0.11851391692496657
2023-05-01 07:00:00+09:00,0.21658834325455778
2023-05-01 08:00:00+09:00,0.2773235931065974
2023-05-01 09:00:00+09:00,0.5834792932060503
2023-05-01 10:00:00+09:00,0.5826158084083355
2023-05-01 11:00:00+09:00,0.6786379055789253
2023-05-01 12:00:00+09:00,0.7824815940989314
2023-05-01 13:00:00+09:00,0.7521184185494842
2023-05-01 14:00:00+09:00,0.5761708353644739
2023-05-01 15:00:00+09:00,0.4390341744855241
2023-05-01 16:00:00+09:00,0.2003782135909369
2023-05-01 17:00:00+09:00,0.05821143902170042
2023-05-01 18:00:00+09:00,0.0018145490264156769
2023-05-01 19:00:00+09:00,0.0
2023-05-01 20:00:00+09:00,0.0
2023-05-01 21:00:00+09:00,0.0
2023-05-01 22:00:00+09:00,0.0
2023-05-01 23:00:00+09:00,0.0
2023-05-02 00:00:00+09:00,0.0
2023-05-02 01:00:00+09:00,0.0
2023-05-02 02:00:00+09:00,0.0
2023-05-02 03:00:00+09:00,0.0
2023-05-02 04:00:00+09:00,0.0
2023-05-02 05:00:00+09:00,0.0394724143972137
2023-05-02 06:00:00+09:00,0.17364228179385158
2023-05-02 07:00:00+09:00,0.36201830364219834
2023-05-02 08:00:00+09:00,0.4960791729860428
2023-05-02 09:00:00+09:00,0.6828874736587122
2023-05-02 10:00:00+09:00,0.7453560824826061
2023-05-02 11:00:00+09:00,0.8039794988458224
2023-05-02 12:00:00+09:00,0.687985837757925
2023-05-02 13:00:00+09:00,0.592766366625322
2023-05-02 14:00:00+09:00,0.5983611822730753
2023-05-02 15:00:00+09:00,0.39974008103661063
2023-05-02 16:00:00+09:00,0.22374435826503342
2023-05-02 17:00:00+09:00,0.06847138382298257
2023-05-02 18:00:00+09:00,0.003955003394659664
2023-05-02 19:00:00+09:00,0.0
2023-05-02 20:00:00+09:00,0.0
2023-05-02 21:00:00+09:00,0.0
2023-05-02 22:00:00+09:00,0.0
2023-05-02 23:00:00+09:00,0.0
2023-05-03 00:00:00+09:00,0.0
2023-05-03 01:00:00+09:00,0.0
2023-05-03 02:00:00+09:00,0.0
2023-05-03 03:00:00+09:00,0.0
2023-05-03 04:00:00+09:00,0.0
2023-05-03 05:00:00+09:00,0.046516849809423375
2023-05-03 06:00:00+09:00,0.16872258428870382
2023-05-03 07:00:00+09:00,0.370180736133881
2023-05-03 08:00:00+09:00,0.5255160152334375
2023-05-03 09:00:00+09:00,0.7398702519645434
2023-05-03 10:00:00+09:00,0.8563346167401473
2023-05-03 11:00:00+09:00,0.8600501649635003
2023-05-03 12:00:00+09:00,0.7866646197265725
2023-05-03 13:00:00+09:00,0.44385122013402756
2023-05-03 14:00:00+09:00,0.46383451225294864
2023-05-03 15:00:00+09:00,0.1876826425436643
2023-05-03 16:00:00+09:00,0.07273642436320193
2023-05-03 17:00:00+09:00,0.017470582294204142
2023-05-03 18:00:00+09:00,0.0014409456242909838
2023-05-03 19:00:00+09:00,0.0
2023-05-03 20:00:00+09:00,0.0
2023-05-03 21:00:00+09:00,0.0
2023-05-03 22:00:00+09:00,0.0
2023-05-03 23:00:00+09:00,0.0
2023-05-04 00:00:00+09:00,0.0
2023-05-04 01:00:00+09:00,0.0
2023-05-04 02:00:00+09:00,0.0
2023-05-04 03:00:00+09:00,0.0
2023-05-04 04:00:00+09:00,0.0
2023-05-04 05:00:00+09:00,0.02171409135382593
2023-05-04 06:00:00+09:00,0.11741173583039638
2023-05-04 07:00:00+09:00,0.3728406056619204
2023-05-04 08:00:00+09:00,0.556050961508058
2023-05-04 09:00:00+09:00,0.6280288317416702
2023-05-04 10:00:00+09:00,0.8088878070789413
2023-05-04 11:00:00+09:00,0.8778714187896121
2023-05-04 12:00:00+09:00,0.818314989337197
2023-05-04 13:00:00+09:00,0.7638640211541997
2023-05-04 14:00:00+09:00,0.5698787033248265
2023-05-04 15:00:00+09:00,0.4730387332867962
2023-05-04 16:00:00+09:00,0.25863223533789315
2023-05-04 17:00:00+09:00,0.07425102769573916
2023-05-04 18:00:00+09:00,0.0043179319217101315
2023-05-04 19:00:00+09:00,0.0
2023-05-04 20:00:00+09:00,0.0
2023-05-04 21:00:00+09:00,0.0
2023-05-04 22:00:00+09:00,0.0
2023-05-04 23:00:00+09:00,0.0
2023-05-05 00:00:00+09:00,0.0
2023-05-05 01:00:00+09:00,0.0
2023-05-05 02:00:00+09:00,0.0
2023-05-05 03:00:00+09:00,0.0
2023-05-05 04:00:00+09:00,0.0
2023-05-05 05:00:00+09:00,0.04506108850921906
2023-05-05 06:00:00+09:00,0.15362217719660237
2023-05-05 07:00:00+09:00,0.31025590769006167
2023-05-05 08:00:00+09:00,0.3967634393339223
2023-05-05 09:00:00+09:00,0.44898922738599406
2023-05-05 10:00:00+09:00,0.6343863835287503
2023-05-05 11:00:00+09:00,0.5436295551367095
2023-05-05 12:00:00+09:00,0.5449076359438497
2023-05-05 13:00:00+09:00,0.39782927016548164
2023-05-05 14:00:00+09:00,0.4470360343311981
2023-05-05 15:00:00+09:00,0.40686399864850825
2023-05-05 16:00:00+09:00,0.18314738756524943
2023-05-05 17:00:00+09:00,0.04871594278602913
2023-05-05 18:00:00+09:00,0.0028113944077814553
2023-05-05 19:00:00+09:00,0.0
2023-05-05 20:00:00+09:00,0.0
2023-05-05 21:00:00+09:00,0.0
2023-05-05 22:00:00+09:00,0.0
2023-05-05 23:00:00+09:00,0.0
2023-05-06 00:00:00+09:00,0.0
2023-05-06 01:00:00+09:00,0.0
2023-05-06 02:00:00+09:00,0.0
2023-05-06 03:00:00+09:00,0.0
2023-05-06 04:00:00+09:00,0.0
2023-05-06 05:00:00+09:00,0.04664947332676719
2023-05-06 06:00:00+09:00,0.1344031612910741
2023-05-06 07:00:00+09:00,0.28228410773867574
2023-05-06 08:00:00+09:00,0.32980009124192683
2023-05-06 09:00:00+09:00,0.4004249672697217
2023-05-06 10:00:00+09:00,0.5077815885514536
2023-05-06 11:00:00+09:00,0.5371526535682002
2023-05-06 12:00:00+09:00,0.5981966833812056
2023-05-06 13:00:00+09:00,0.4124204855291284
2023-05-06 14:00:00+09:00,0.41147149614257755
2023-05-06 15:00:00+09:00,0.2569261718878084
2023-05-06 16:00:00+09:00,0.17160596084547175
2023-05-06 17:00:00+09:00,0.054526555257653264
2023-05-06 18:00:00+09:00,0.003108874277357544
2023-05-06 19:00:00+09:00,0.0
2023-05-06 20:00:00+09:00,0.0
2023-05-06 21:00:00+09:00,0.0
2023-05-06 22:00:00+09:00,0.0
2023-05-06 23:00:00+09:00,0.0
2023-05-07 00:00:00+09:00,0.0
2023-05-07 01:00:00+09:00,0.0
2023-05-07 02:00:00+09:00,0.0
2023-05-07 03:00:00+09:00,0.0
2023-05-07 04:00:00+09:00,0.0
2023-05-07 05:00:00+09:00,0.02795563862677449
2023-05-07 06:00:00+09:00,0.10769483218056833
2023-05-07 07:00:00+09:00,0.2674677145677704
2023-05-07 08:00:00+09:00,0.3241392295353152
2023-05-07 09:00:00+09:00,0.48604661714426717
2023-05-07 10:00:00+09:00,0.4831909098470304
2023-05-07 11:00:00+09:00,0.4658244943720374
2023-05-07 12:00:00+09:00,0.5153955505337093
2023-05-07 13:00:00+09:00,0.4013455692778672
2023-05-07 14:00:00+09:00,0.4754924754034737
2023-05-07 15:00:00+09:00,0.28852497049667697
2023-05-07 16:00:00+09:00,0.14643687105417233
2023-05-07 17:00:00+09:00,0.05941031083537172
2023-05-07 18:00:00+09:00,0.004840893988109481
2023-05-07 19:00:00+09:00,0.0
2023-05-07 20:00:00+09:00,0.0
2023-05-07 21:00:00+09:00,0.0
2023-05-07 22:00:00+09:00,0.0
2023-05-07 23:00:00+09:00,0.0
2023-05-08 00:00:00+09:00,0.0
2023-05-08 01:00:00+09:00,0.0
2023-05-08 02:00:00+09:00,0.0
2023-05-08 03:00:00+09:00,0.0
2023-05-08 04:00:00+09:00,0.0
2023-05-08 05:00:00+09:00,0.043109724386475874
2023-05-08 06:00:00+09:00,0.17027157964826703
2023-05-08 07:00:00+09:00,0.40143818816875004
2023-05-08 08:00:00+09:00,0.6062478610231251
2023-05-08 09:00:00+09:00,0.7590088942309111
2023-05-08 10:00:00+09:00,0.8447353946562074
2023-05-08 11:00:00+09:00,0.8753971811952479
2023-05-08 12:00:00+09:00,0.848296126059497
2023-05-08 13:00:00+09:00,0.7335409141658548
2023-05-08 14:00:00+09:00,0.45892413550785954
2023-05-08 15:00:00+09:00,0.4545173038218101
2023-05-08 16:00:00+09:00,0.26611092908032563
2023-05-08 17:00:00+09:00,0.08137172565808398
2023-05-08 18:00:00+09:00,0.005548654260738648
2023-05-08 19:00:00+09:00,0.0
2023-05-08 20:00:00+09:00,0.0
2023-05-08 21:00:00+09:00,0.0
2023-05-08 22:00:00+09:00,0.0
2023-05-08 23:00:00+09:00,0.0
2023-05-09 00:00:00+09:00,0.0
2023-05-09 01:00:00+09:00,0.0
2023-05-09 02:00:00+09:00,0.0
2023-05-09 03:00:00+09:00,0.0
2023-05-09 04:00:00+09:00,0.0
2023-05-09 05:00:00+09:00,0.05739117711410652
2023-05-09 06:00:00+09:00,0.1626123761790734
2023-05-09 07:00:00+09:00,0.3642582224674681
2023-05-09 08:00:00+09:00,0.5382404054255338
2023-05-09 09:00:00+09:00,0.7012291427715742
2023-05-09 10:00:00+09:00,0.8538634688946558
2023-05-09 11:00:00+09:00,0.8855500085441183
2023-05-09 12:00:00+09:00,0.8751919621037663
2023-05-09 13:00:00+09:00,0.7919716529443995
2023-05-09 14:00:00+09:00,0.5237240795126908
2023-05-09 15:00:00+09:00,0.4190273256107712
2023-05-09 16:00:00+09:00,0.22784778558855143
2023-05-09 17:00:00+09:00,0.0737500757117775
2023-05-09 18:00:00+09:00,0.0060386445471724845
2023-05-09 19:00:00+09:00,0.0
2023-05-09 20:00:00+09:00,0.0
2023-05-09 21:00:00+09:00,0.0
2023-05-09 22:00:00+09:00,0.0
2023-05-09 23:00:00+09:00,0.0
2023-05-10 00:00:00+09:00,0.0
2023-05-10 01:00:00+09:00,0.0
2023-05-10 02:00:00+09:00,0.0
2023-05-10 03:00:00+09:00,0.0
2023-05-10 04:00:00+09:00,0.0
2023-05-10 05:00:00+09:00,0.02963656312915823
2023-05-10 06:00:00+09:00,0.0974398113697847
2023-05-10 07:00:00+09:00,0.15778899242054692
2023-05-10 08:00:00+09:00,0.39747943700802435
2023-05-10 09:00:00+09:00,0.5715008528224726
2023-05-10 10:00:00+09:00,0.7535224632328784
2023-05-10 11:00:00+09:00,0.658522572816254
2023-05-10 12:00:00+09:00,0.5235388367423665
2023-05-10 13:00:00+09:00,0.2020366855022117
2023-05-10 14:00:00+09:00,0.165939888326527
2023-05-10 15:00:00+09:00,0.052622214679021645
2023-05-10 16:00:00+09:00,0.02724586884493193
2023-05-10 17:00:00+09:00,0.012574903365141893
2023-05-10 18:00:00+09:00,0.0019448471885409235
2023-05-10 19:00:00+09:00,0.0
2023-05-10 20:00:00+09:00,0.0
2023-05-10 21:00:00+09:00,0.0
2023-05-10 22:00:00+09:00,0.0
2023-05-10 23:00:00+09:00,0.0
2023-05-11 00:00:00+09:00,0.0
2023-05-11 01:00:00+09:00,0.0
2023-05-11 02:00:00+09:00,0.0
2023-05-11 03:00:00+09:00,0.0
2023-05-11 04:00:00+09:00,0.0
2023-05-11 05:00:00+09:00,0.0328113804346485
2023-05-11 06:00:00+09:00,0.0729670556033302
2023-05-11 07:00:00+09:00,0.13917805217775972
2023-05-11 08:00:00+09:00,0.166698943979227
2023-05-11 09:00:00+09:00,0.177000428479819
2023-05-11 10:00:00+09:00,0.18387962987443035
2023-05-11 11:00:00+09:00,0.19743684932087077
2023-05-11 12:00:00+09:00,0.2257983087188672
2023-05-11 13:00:00+09:00,0.23122678364813434
2023-05-11 14:00:00+09:00,0.1260904557206048
2023-05-11 15:00:00+09:00,0.08262204049451108
2023-05-11 16:00:00+09:00,0.021854760127878924
2023-05-11 17:00:00+09:00,0.010535021327518948
2023-05-11 18:00:00+09:00,0.0009997480884308876
2023-05-11 19:00:00+09:00,0.0
2023-05-11 20:00:00+09:00,0.0
2023-05-11 21:00:00+09:00,0.0
2023-05-11 22:00:00+09:00,0.0
2023-05-11 23:00:00+09:00,0.0
2023-05-12 00:00:00+09:00,0.0
2023-05-12 01:00:00+09:00,0.0
2023-05-12 02:00:00+09:00,0.0
2023-05-12 03:00:00+09:00,0.0
2023-05-12 04:00:00+09:00,0.0
2023-05-12 05:00:00+09:00,0.0414256044106284
2023-05-12 06:00:00+09:00,0.1271835124592019
2023-05-12 07:00:00+09:00,0.3634868534493294
2023-05-12 08:00:00+09:00,0.49243999455762427
2023-05-12 09:00:00+09:00,0.4344242644658993
2023-05-12 10:00:00+09:00,0.23976075913877962
2023-05-12 11:00:00+09:00,0.2783677644152774
2023-05-12 12:00:00+09:00,0.268996747483694
2023-05-12 13:00:00+09:00,0.30480406255297554
2023-05-12 14:00:00+09:00,0.21532682124778754
2023-05-12 15:00:00+09:00,0.12674935258842213
2023-05-12 16:00:00+09:00,0.05154194946016791
2023-05-12 17:00:00+09:00,0.014279803780130745
2023-05-12 18:00:00+09:00,0.0011732369594041232
2023-05-12 19:00:00+09:00,0.0
2023-05-12 20:00:00+09:00,0.0
2023-05-12 21:00:00+09:00,0.0
2023-05-12 22:00:00+09:00,0.0
2023-05-12 23:00:00+09:00,0.0
2023-05-13 00:00:00+09:00,0.0
2023-05-13 01:00:00+09:00,0.0
2023-05-13 02:00:00+09:00,0.0
2023-05-13 03:00:00+09:00,0.0
2023-05-13 04:00:00+09:00,0.0
2023-05-13 05:00:00+09:00,0.029299971938229582
2023-05-13 06:00:00+09:00,0.13856407486266123
2023-05-13 07:00:00+09:00,0.34718164519785194
2023-05-13 08:00:00+09:00,0.5504077759304248
2023-05-13 09:00:00+09:00,0.6758330412788361
2023-05-13 10:00:00+09:00,0.7955038306175031
2023-05-13 11:00:00+09:00,0.7407293033478632
2023-05-13 12:00:00+09:00,0.6432074772607125
2023-05-13 13:00:00+09:00,0.6773415140756684
2023-05-13 14:00:00+09:00,0.5745145376052596
2023-05-13 15:00:00+09:00,0.4684188752418484
2023-05-13 16:00:00+09:00,0.27065978085575476
2023-05-13 17:00:00+09:00,0.08565465750533074
2023-05-13 18:00:00+09:00,0.007321056700252239
2023-05-13 19:00:00+09:00,0.0
2023-05-13 20:00:00+09:00,0.0
2023-05-13 21:00:00+09:00,0.0
2023-05-13 22:00:00+09:00,0.0
2023-05-13 23:00:00+09:00,0.0
2023-05-14 00:00:00+09:00,0.0
2023-05-14 01:00:00+09:00,0.0
2023-05-14 02:00:00+09:00,0.0
2023-05-14 03:00:00+09:00,0.0
2023-05-14 04:00:00+09:00,0.0
2023-05-14 05:00:00+09:00,0.05013281405365888
2023-05-14 06:00:00+09:00,0.17206182720185229
2023-05-14 07:00:00+09:00,0.38461106361565095
2023-05-14 08:00:00+09:00,0.5778509846200627
2023-05-14 09:00:00+09:00,0.6857441395637419
2023-05-14 10:00:00+09:00,0.7215027136678601
2023-05-14 11:00:00+09:00,0.8499374551051256
2023-05-14 12:00:00+09:00,0.6889133761534878
2023-05-14 13:00:00+09:00,0.641613915024561
2023-05-14 14:00:00+09:00,0.5677624063179161
2023-05-14 15:00:00+09:00,0.4009916496388821
2023-05-14 16:00:00+09:00,0.22097835534636057
2023-05-14 17:00:00+09:00,0.08203983750561317
2023-05-14 18:00:00+09:00,0.007404192689558924
2023-05-14 19:00:00+09:00,0.0
2023-05-14 20:00:00+09:00,0.0
2023-05-14 21:00:00+09:00,0.0
2023-05-14 22:00:00+09:00,0.0
2023-05-14 23:00:00+09:00,0.0
2023-05-15 00:00:00+09:00,0.0
2023-05-15 01:00:00+09:00,0.0
2023-05-15 02:00:00+09:00,0.0
2023-05-15 03:00:00+09:00,0.0
2023-05-15 04:00:00+09:00,0.0
2023-05-15 05:00:00+09:00,0.049358236724136445
2023-05-15 06:00:00+09:00,0.17253352392553772
2023-05-15 07:00:00+09:00,0.40410573784871845
2023-05-15 08:00:00+09:00,0.6071002416902267
2023-05-15 09:00:00+09:00,0.7582676768064308
2023-05-15 10:00:00+09:00,0.8334578494963342
2023-05-15 11:00:00+09:00,0.8353467311933455
2023-05-15 12:00:00+09:00,0.8437697666143372
2023-05-15 13:00:00+09:00,0.7711309284143544
2023-05-15 14:00:00+09:00,0.6304899222611643
2023-05-15 15:00:00+09:00,0.45162015001792655
2023-05-15 16:00:00+09:00,0.24374264027538223
2023-05-15 17:00:00+09:00,0.07997230625387755
2023-05-15 18:00:00+09:00,0.008747436108587518
2023-05-15 19:00:00+09:00,0.0
2023-05-15 20:00:00+09:00,0.0
2023-05-15 21:00:00+09:00,0.0
2023-05-15 22:00:00+09:00,0.0
2023-05-15 23:00:00+09:00,0.0
2023-05-16 00:00:00+09:00,0.0
2023-05-16 01:00:00+09:00,0.0
2023-05-16 02:00:00+09:00,0.0
2023-05-16 03:00:00+09:00,0.0
2023-05-16 04:00:00+09:00,0.0
2023-05-16 05:00:00+09:00,0.05209282894417482
2023-05-16 06:00:00+09:00,0.16386771072791542
2023-05-16 07:00:00+09:00,0.3944909983909318
2023-05-16 08:00:00+09:00,0.5909994816103809
2023-05-16 09:00:00+09:00,0.7242493581465154
2023-05-16 10:00:00+09:00,0.8029587931441863
2023-05-16 11:00:00+09:00,0.8282959535156152
2023-05-16 12:00:00+09:00,0.8044954710484555
2023-05-16 13:00:00+09:00,0.6623530823294637
2023-05-16 14:00:00+09:00,0.43003089180206944
2023-05-16 15:00:00+09:00,0.33885283900405716
2023-05-16 16:00:00+09:00,0.17438403210344594
2023-05-16 17:00:00+09:00,0.06752859289325605
2023-05-16 18:00:00+09:00,0.007604288946508107
2023-05-16 19:00:00+09:00,0.0
2023-05-16 20:00:00+09:00,0.0
2023-05-16 21:00:00+09:00,0.0
2023-05-16 22:00:00+09:00,0.0
2023-05-16 23:00:00+09:00,0.0
2023-05-17 00:00:00+09:00,0.0
2023-05-17 01:00:00+09:00,0.0
2023-05-17 02:00:00+09:00,0.0
2023-05-17 03:00:00+09:00,0.0
2023-05-17 04:00:00+09:00,0.0
2023-05-17 05:00:00+09:00,0.04729018842270606
2023-05-17 06:00:00+09:00,0.14217739420922484
2023-05-17 07:00:00+09:00,0.2599644447444621
2023-05-17 08:00:00+09:00,0.40127120488217966
2023-05-17 09:00:00+09:00,0.5019576925676275
2023-05-17 10:00:00+09:00,0.5556260908423174
2023-05-17 11:00:00+09:00,0.6608066464172905
2023-05-17 12:00:00+09:00,0.5143602803511313
2023-05-17 13:00:00+09:00,0.3756151230846615
2023-05-17 14:00:00+09:00,0.32425707771665335
2023-05-17 15:00:00+09:00,0.2936022713199378
2023-05-17 16:00:00+09:00,0.1477143653649479
2023-05-17 17:00:00+09:00,0.07179284827543132
2023-05-17 18:00:00+09:00,0.009486014141747594
2023-05-17 19:00:00+09:00,0.0
2023-05-17 20:00:00+09:00,0.0
2023-05-17 21:00:00+09:00,0.0
2023-05-17 22:00:00+09:00,0.0
2023-05-17 23:00:00+09:00,0.0
2023-05-18 00:00:00+09:00,0.0
2023-05-18 01:00:00+09:00,0.0
2023-05-18 02:00:00+09:00,0.0
2023-05-18 03:00:00+09:00,0.0
2023-05-18 04:00:00+09:00,0.0
2023-05-18 05:00:00+09:00,0.05057562573748509
2023-05-18 06:00:00+09:00,0.17357204002497847
2023-05-18 07:00:00+09:00,0.40647424253475917
2023-05-18 08:00:00+09:00,0.6071988769769198
2023-05-18 09:00:00+09:00,0.7585390980655496
2023-05-18 10:00:00+09:00,0.8276556413046694
2023-05-18 11:00:00+09:00,0.8143103567095078
2023-05-18 12:00:00+09:00,0.7637392286768794
2023-05-18 13:00:00+09:00,0.667481164212564
2023-05-18 14:00:00+09:00,0.5857501533772769
2023-05-18 15:00:00+09:00,0.44125544258933336
2023-05-18 16:00:00+09:00,0.26551049946086586
2023-05-18 17:00:00+09:00,0.08668762191434644
2023-05-18 18:00:00+09:00,0.007964163722763741
2023-05-18 19:00:00+09:00,0.0
2023-05-18 20:00:00+09:00,0.0
2023-05-18 21:00:00+09:00,0.0
2023-05-18 22:00:00+09:00,0.0
2023-05-18 23:00:00+09:00,0.0
2023-05-19 00:00:00+09:00,0.0
2023-05-19 01:00:00+09:00,0.0
2023-05-19 02:00:00+09:00,0.0
2023-05-19 03:00:00+09:00,0.0
2023-05-19 04:00:00+09:00,0.0
2023-05-19 05:00:00+09:00,0.05005556315823382
2023-05-19 06:00:00+09:00,0.16847148715081542
2023-05-19 07:00:00+09:00,0.3933205440373245
2023-05-19 08:00:00+09:00,0.5861014839068976
2023-05-19 09:00:00+09:00,0.7341712767443768
2023-05-19 10:00:00+09:00,0.8288807712160591
2023-05-19 11:00:00+09:00,0.8561724981580149
2023-05-19 12:00:00+09:00,0.8213426416097334
2023-05-19 13:00:00+09:00,0.7498203186930009
2023-05-19 14:00:00+09:00,0.6047705512217642
2023-05-19 15:00:00+09:00,0.4488668621920368
2023-05-19 16:00:00+09:00,0.25388995359658967
2023-05-19 17:00:00+09:00,0.08389568527449075
2023-05-19 18:00:00+09:00,0.007903831593570734
2023-05-19 19:00:00+09:00,0.0
2023-05-19 20:00:00+09:00,0.0
2023-05-19 21:00:00+09:00,0.0
2023-05-19 22:00:00+09:00,0.0
2023-05-19 23:00:00+09:00,0.0
2023-05-20 00:00:00+09:00,0.0
2023-05-20 01:00:00+09:00,0.0
2023-05-20 02:00:00+09:00,0.0
2023-05-20 03:00:00+09:00,0.0
2023-05-20 04:00:00+09:00,0.0
2023-05-20 05:00:00+09:00,0.048664195256769634
2023-05-20 06:00:00+09:00,0.16612474471415942
2023-05-20 07:00:00+09:00,0.39058046796611157
2023-05-20 08:00:00+09:00,0.5857015885992309
2023-05-20 09:00:00+09:00,0.7292581987875
2023-05-20 10:00:00+09:00,0.8176916743999015
2023-05-20 11:00:00+09:00,0.8464961769504262
2023-05-20 12:00:00+09:00,0.8198955052541747
2023-05-20 13:00:00+09:00,0.7452164744535501
2023-05-20 14:00:00+09:00,0.6208605308432741
2023-05-20 15:00:00+09:00,0.3936378861636126
2023-05-20 16:00:00+09:00,0.23620477478423854
2023-05-20 17:00:00+09:00,0.08157370362735983
2023-05-20 18:00:00+09:00,0.008771308279019336
2023-05-20 19:00:00+09:00,0.0
2023-05-20 20:00:00+09:00,0.0
2023-05-20 21:00:00+09:00,0.0
2023-05-20 22:00:00+09:00,0.0
2023-05-20 23:00:00+09:00,0.0
2023-05-21 00:00:00+09:00,0.0
2023-05-21 01:00:00+09:00,0.0
2023-05-21 02:00:00+09:00,0.0
2023-05-21 03:00:00+09:00,0.0
2023-05-21 04:00:00+09:00,0.0
2023-05-21 05:00:00+09:00,0.04886379664688141
2023-05-21 06:00:00+09:00,0.16386522130656667
2023-05-21 07:00:00+09:00,0.37686379740867487
2023-05-21 08:00:00+09:00,0.543363627421748
2023-05-21 09:00:00+09:00,0.6993129883277113
2023-05-21 10:00:00+09:00,0.7870690703931584
2023-05-21 11:00:00+09:00,0.7055716878274088
2023-05-21 12:00:00+09:00,0.7250379646044062
2023-05-21 13:00:00+09:00,0.6832148934077741
2023-05-21 14:00:00+09:00,0.45463918200012426
2023-05-21 15:00:00+09:00,0.4122072432380586
2023-05-21 16:00:00+09:00,0.1703521832366764
2023-05-21 17:00:00+09:00,0.06536906458527698
2023-05-21 18:00:00+09:00,0.00672953273377965
2023-05-21 19:00:00+09:00,0.0
2023-05-21 20:00:00+09:00,0.0
2023-05-21 21:00:00+09:00,0.0
2023-05-21 22:00:00+09:00,0.0
2023-05-21 23:00:00+09:00,0.0
2023-05-22 00:00:00+09:00,0.0
2023-05-22 01:00:00+09:00,0.0
2023-05-22 02:00:00+09:00,0.0
2023-05-22 03:00:00+09:00,0.0
2023-05-22 04:00:00+09:00,0.0
2023-05-22 05:00:00+09:00,0.04969210457652857
2023-05-22 06:00:00+09:00,0.15386035166217554
2023-05-22 07:00:00+09:00,0.36548053036962785
2023-05-22 08:00:00+09:00,0.5491723157244955
2023-05-22 09:00:00+09:00,0.5531084644790072
2023-05-22 10:00:00+09:00,0.2404544233241602
2023-05-22 11:00:00+09:00,0.18255087424497446
2023-05-22 12:00:00+09:00,0.2226973572932975
2023-05-22 13:00:00+09:00,0.2266861832166294
2023-05-22 14:00:00+09:00,0.08379795535358059
2023-05-22 15:00:00+09:00,0.06365232241949932
2023-05-22 16:00:00+09:00,0.02276969931687039
2023-05-22 17:00:00+09:00,0.013522953879130262
2023-05-22 18:00:00+09:00,0.0037714016731173953
2023-05-22 19:00:00+09:00,0.0
2023-05-22 20:00:00+09:00,0.0
2023-05-22 21:00:00+09:00,0.0
2023-05-22 22:00:00+09:00,0.0
2023-05-22 23:00:00+09:00,0.0
2023-05-23 00:00:00+09:00,0.0
2023-05-23 01:00:00+09:00,0.0
2023-05-23 02:00:00+09:00,0.0
2023-05-23 03:00:00+09:00,0.0
2023-05-23 04:00:00+09:00,0.0
2023-05-23 05:00:00+09:00,0.05739498458174955
2023-05-23 06:00:00+09:00,0.14013317544129866
2023-05-23 07:00:00+09:00,0.36452614916273784
2023-05-23 08:00:00+09:00,0.3873570144010883
2023-05-23 09:00:00+09:00,0.35637944934449245
2023-05-23 10:00:00+09:00,0.42829758986359684
2023-05-23 11:00:00+09:00,0.4034365066263907
2023-05-23 12:00:00+09:00,0.3656250100828545
2023-05-23 13:00:00+09:00,0.22038168905768835
2023-05-23 14:00:00+09:00,0.12518998675738105
2023-05-23 15:00:00+09:00,0.25110185367256416
2023-05-23 16:00:00+09:00,0.1224880994793913
2023-05-23 17:00:00+09:00,0.03833370719959944
2023-05-23 18:00:00+09:00,0.0036409968612464453
2023-05-23 19:00:00+09:00,0.0
2023-05-23 20:00:00+09:00,0.0
2023-05-23 21:00:00+09:00,0.0
2023-05-23 22:00:00+09:00,0.0
2023-05-23 23:00:00+09:00,0.0
2023-05-24 00:00:00+09:00,0.0
2023-05-24 01:00:00+09:00,0.0
2023-05-24 02:00:00+09:00,0.0
2023-05-24 03:00:00+09:00,0.0
2023-05-24 04:00:00+09:00,0.0
2023-05-24 05:00:00+09:00,0.019978445455773798
2023-05-24 06:00:00+09:00,0.04466374905958287
2023-05-24 07:00:00+09:00,0.07193809220435157
2023-05-24 08:00:00+09:00,0.17482721683481
2023-05-24 09:00:00+09:00,0.29102411426094693
2023-05-24 10:00:00+09:00,0.5518410718047664
2023-05-24 11:00:00+09:00,0.4825067393499641
2023-05-24 12:00:00+09:00,0.37915914991904864
2023-05-24 13:00:00+09:00,0.648111675700011
2023-05-24 14:00:00+09:00,0.5622955879246709
2023-05-24 15:00:00+09:00,0.47332040294059113
2023-05-24 16:00:00+09:00,0.2716814929237927
2023-05-24 17:00:00+09:00,0.09145812895373129
2023-05-24 18:00:00+09:00,0.009987190207205062
2023-05-24 19:00:00+09:00,0.0
2023-05-24 20:00:00+09:00,0.0
2023-05-24 21:00:00+09:00,0.0
2023-05-24 22:00:00+09:00,0.0
2023-05-24 23:00:00+09:00,0.0
2023-05-25 00:00:00+09:00,0.0
2023-05-25 01:00:00+09:00,0.0
2023-05-25 02:00:00+09:00,0.0
2023-05-25 03:00:00+09:00,0.0
2023-05-25 04:00:00+09:00,0.0
2023-05-25 05:00:00+09:00,0.051808454022254674
2023-05-25 06:00:00+09:00,0.16755302955376292
2023-05-25 07:00:00+09:00,0.3527783208732668
2023-05-25 08:00:00+09:00,0.5763227649732575
2023-05-25 09:00:00+09:00,0.6713078488789307
2023-05-25 10:00:00+09:00,0.8154039202962994
2023-05-25 11:00:00+09:00,0.8324867950612703
2023-05-25 12:00:00+09:00,0.7703283457002571
2023-05-25 13:00:00+09:00,0.6391777337253105
2023-05-25 14:00:00+09:00,0.6091638236647661
2023-05-25 15:00:00+09:00,0.45792872420006836
2023-05-25 16:00:00+09:00,0.2525269469059871
2023-05-25 17:00:00+09:00,0.08706500548884323
2023-05-25 18:00:00+09:00,0.010162656391404396
2023-05-25 19:00:00+09:00,0.0
2023-05-25 20:00:00+09:00,0.0
2023-05-25 21:00:00+09:00,0.0
2023-05-25 22:00:00+09:00,0.0
2023-05-25 23:00:00+09:00,0.0
2023-05-26 00:00:00+09:00,0.0
2023-05-26 01:00:00+09:00,0.0
2023-05-26 02:00:00+09:00,0.0
2023-05-26 03:00:00+09:00,0.0
2023-05-26 04:00:00+09:00,0.0
2023-05-26 05:00:00+09:00,0.03685090197695208
2023-05-26 06:00:00+09:00,0.08999842900119276
2023-05-26 07:00:00+09:00,0.2045854382531006
2023-05-26 08:00:00+09:00,0.36878238756378445
2023-05-26 09:00:00+09:00,0.5037412926150497
2023-05-26 10:00:00+09:00,0.6430751536013051
2023-05-26 11:00:00+09:00,0.690712497167968
2023-05-26 12:00:00+09:00,0.6883531687580865
2023-05-26 13:00:00+09:00,0.6343618766414046
2023-05-26 14:00:00+09:00,0.5109604183706954
2023-05-26 15:00:00+09:00,0.26027206796432334
2023-05-26 16:00:00+09:00,0.14112568979464452
2023-05-26 17:00:00+09:00,0.05161118541938399
2023-05-26 18:00:00+09:00,0.007749801238145495
2023-05-26 19:00:00+09:00,0.0
2023-05-26 20:00:00+09:00,0.0
2023-05-26 21:00:00+09:00,0.0
2023-05-26 22:00:00+09:00,0.0
2023-05-26 23:00:00+09:00,0.0
2023-05-27 00:00:00+09:00,0.0
2023-05-27 01:00:00+09:00,0.0
2023-05-27 02:00:00+09:00,0.0
2023-05-27 03:00:00+09:00,0.0
2023-05-27 04:00:00+09:00,0.0
2023-05-27 05:00:00+09:00,0.04851017752135674
2023-05-27 06:00:00+09:00,0.14356424918214608
2023-05-27 07:00:00+09:00,0.2559144477350695
2023-05-27 08:00:00+09:00,0.5377487107920019
2023-05-27 09:00:00+09:00,0.6564341838238854
2023-05-27 10:00:00+09:00,0.6248010787194923
2023-05-27 11:00:00+09:00,0.5786545337077962
2023-05-27 12:00:00+09:00,0.6089311321362473
2023-05-27 13:00:00+09:00,0.5994496962230285
2023-05-27 14:00:00+09:00,0.6020204477769854
2023-05-27 15:00:00+09:00,0.3784105437173994
2023-05-27 16:00:00+09:00,0.2181446878407643
2023-05-27 17:00:00+09:00,0.083435297797786
2023-05-27 18:00:00+09:00,0.01353485701847061
2023-05-27 19:00:00+09:00,0.0
2023-05-27 20:00:00+09:00,0.0
2023-05-27 21:00:00+09:00,0.0
2023-05-27 22:00:00+09:00,0.0
2023-05-27 23:00:00+09:00,0.0
2023-05-28 00:00:00+09:00,0.0
2023-05-28 01:00:00+09:00,0.0
2023-05-28 02:00:00+09:00,0.0
2023-05-28 03:00:00+09:00,0.0
2023-05-28 04:00:00+09:00,0.0
2023-05-28 05:00:00+09:00,0.019647797464637132
2023-05-28 06:00:00+09:00,0.05242216732752605
2023-05-28 07:00:00+09:00,0.08614583758637213
2023-05-28 08:00:00+09:00,0.1547345832863566
2023-05-28 09:00:00+09:00,0.10295352762320813
2023-05-28 10:00:00+09:00,0.08176106589716041
2023-05-28 11:00:00+09:00,0.09976897259095079
2023-05-28 12:00:00+09:00,0.16447712215889637
2023-05-28 13:00:00+09:00,0.21336703749747699
2023-05-28 14:00:00+09:00,0.15751744560568537
2023-05-28 15:00:00+09:00,0.18325084616889661
2023-05-28 16:00:00+09:00,0.0938025264946139
2023-05-28 17:00:00+09:00,0.026282886781575598
2023-05-28 18:00:00+09:00,0.0031872302589240537
2023-05-28 19:00:00+09:00,0.0
2023-05-28 20:00:00+09:00,0.0
2023-05-28 21:00:00+09:00,0.0
2023-05-28 22:00:00+09:00,0.0
2023-05-28 23:00:00+09:00,0.0
2023-05-29 00:00:00+09:00,0.0
2023-05-29 01:00:00+09:00,0.0
2023-05-29 02:00:00+09:00,0.0
2023-05-29 03:00:00+09:00,0.0
2023-05-29 04:00:00+09:00,0.0
2023-05-29 05:00:00+09:00,0.013039729667611317
2023-05-29 06:00:00+09:00,0.021473641762111077
2023-05-29 07:00:00+09:00,0.027231478236111602
2023-05-29 08:00:00+09:00,0.051331832173491174
2023-05-29 09:00:00+09:00,0.050569124953740344
2023-05-29 10:00:00+09:00,0.0634510285788328
2023-05-29 11:00:00+09:00,0.06470783819563235
2023-05-29 12:00:00+09:00,0.03948531747957111
2023-05-29 13:00:00+09:00,0.0565578973408425
2023-05-29 14:00:00+09:00,0.03381996222867421
2023-05-29 15:00:00+09:00,0.028615292703913473
2023-05-29 16:00:00+09:00,0.016684030947367666
2023-05-29 17:00:00+09:00,0.007291565608053927
2023-05-29 18:00:00+09:00,0.0013418018037493359
2023-05-29 19:00:00+09:00,0.0
2023-05-29 20:00:00+09:00,0.0
2023-05-29 21:00:00+09:00,0.0
2023-05-29 22:00:00+09:00,0.0
2023-05-29 23:00:00+09:00,0.0
2023-05-30 00:00:00+09:00,0.0
2023-05-30 01:00:00+09:00,0.0
2023-05-30 02:00:00+09:00,0.0
2023-05-30 03:00:00+09:00,0.0
2023-05-30 04:00:00+09:00,0.0
2023-05-30 05:00:00+09:00,0.00604656249947064
2023-05-30 06:00:00+09:00,0.026172951025940406
2023-05-30 07:00:00+09:00,0.08327676246000419
2023-05-30 08:00:00+09:00,0.10907027893411997
2023-05-30 09:00:00+09:00,0.1564954043627542
2023-05-30 10:00:00+09:00,0.22887414429677855
2023-05-30 11:00:00+09:00,0.25701527247288547
2023-05-30 12:00:00+09:00,0.1514654863317084
2023-05-30 13:00:00+09:00,0.15910136593703167
2023-05-30 14:00:00+09:00,0.15389157524147903
2023-05-30 15:00:00+09:00,0.07459138414863783
2023-05-30 16:00:00+09:00,0.05015289032573406
2023-05-30 17:00:00+09:00,0.021071231358940654
2023-05-30 18:00:00+09:00,0.0027554146291480465
2023-05-30 19:00:00+09:00,0.0
2023-05-30 20:00:00+09:00,0.0
2023-05-30 21:00:00+09:00,0.0
2023-05-30 22:00:00+09:00,0.0
2023-05-30 23:00:00+09:00,0.0
2023-05-31 00:00:00+09:00,0.0
2023-05-31 01:00:00+09:00,0.0
2023-05-31 02:00:00+09:00,0.0
2023-05-31 03:00:00+09:00,0.0
2023-05-31 04:00:00+09:00,0.0
2023-05-31 05:00:00+09:00,0.021784890294216715
2023-05-31 06:00:00+09:00,0.05668065755769076
2023-05-31 07:00:00+09:00,0.11492362117242699
2023-05-31 08:00:00+09:00,0.2392374636702242
2023-05-31 09:00:00+09:00,0.3435590135658343
2023-05-31 10:00:00+09:00,0.4246234370516502
2023-05-31 11:00:00+09:00,0.6594574156833128
2023-05-31 12:00:00+09:00,0.6592314394930979
2023-05-31 13:00:00+09:00,0.5258323864632763
2023-05-31 14:00:00+09:00,0.4475443573230399
2023-05-31 15:00:00+09:00,0.269437909660147
2023-05-31 16:00:00+09:00,0.1664172866595042
2023-05-31 17:00:00+09:00,0.07057618815955433
2023-05-31 18:00:00+09:00,0.011359007028967298
2023-05-31 19:00:00+09:00,0.0
2023-05-31 20:00:00+09:00,0.0
2023-05-31 21:00:00+09:00,0.0
2023-05-31 22:00:00+09:00,0.0
2023-05-31 23:00:00+09:00,0.0
2023-06-01 00:00:00+09:00,0.0
2023-06-01 01:00:00+09:00,0.0
2023-06-01 02:00:00+09:00,0.0
2023-06-01 03:00:00+09:00,0.0
2023-06-01 04:00:00+09:00,0.0
2023-06-01 05:00:00+09:00,0.051319125888797355
2023-06-01 06:00:00+09:00,0.1335172543268466
2023-06-01 07:00:00+09:00,0.2894962109211318
2023-06-01 08:00:00+09:00,0.4091334911855713
2023-06-01 09:00:00+09:00,0.37422113497103504
2023-06-01 10:00:00+09:00,0.4366139851565433
2023-06-01 11:00:00+09:00,0.39223428899208357
2023-06-01 12:00:00+09:00,0.3771037470165719
2023-06-01 13:00:00+09:00,0.37855667524936315
2023-06-01 14:00:00+09:00,0.3778940276403862
2023-06-01 15:00:00+09:00,0.27287608171507144
2023-06-01 16:00:00+09:00,0.24589676031444518
2023-06-01 17:00:00+09:00,0.0762126237604431
2023-06-01 18:00:00+09:00,0.009259571884559852
2023-06-01 19:00:00+09:00,0.0
2023-06-01 20:00:00+09:00,0.0
2023-06-01 21:00:00+09:00,0.0
2023-06-01 22:00:00+09:00,0.0
2023-06-01 23:00:00+09:00,0.0
2023-06-02 00:00:00+09:00,0.0
2023-06-02 01:00:00+09:00,0.0
2023-06-02 02:00:00+09:00,0.0
2023-06-02 03:00:00+09:00,0.0
2023-06-02 04:00:00+09:00,0.0
2023-06-02 05:00:00+09:00,0.05272102244843696
2023-06-02 06:00:00+09:00,0.16091241176715063
2023-06-02 07:00:00+09:00,0.37934420301880445
2023-06-02 08:00:00+09:00,0.5721049344306816
2023-06-02 09:00:00+09:00,0.7204176177311464
2023-06-02 10:00:00+09:00,0.7995287524562543
2023-06-02 11:00:00+09:00,0.8276955424817019
2023-06-02 12:00:00+09:00,0.7879264497336181
2023-06-02 13:00:00+09:00,0.5427657832143424
2023-06-02 14:00:00+09:00,0.5110840948142328
2023-06-02 15:00:00+09:00,0.2800093977544899
2023-06-02 16:00:00+09:00,0.18193089992505823
2023-06-02 17:00:00+09:00,0.0849731279210748
2023-06-02 18:00:00+09:00,0.013930180203332209
2023-06-02 19:00:00+09:00,0.0
2023-06-02 20:00:00+09:00,0.0
2023-06-02 21:00:00+09:00,0.0
2023-06-02 22:00:00+09:00,0.0
2023-06-02 23:00:00+09:00,0.0
2023-06-03 00:00:00+09:00,0.0
2023-06-03 01:00:00+09:00,0.0
2023-06-03 02:00:00+09:00,0.0
2023-06-03 03:00:00+09:00,0.0
2023-06-03 04:00:00+09:00,0.0
2023-06-03 05:00:00+09:00,0.037270643858349606
2023-06-03 06:00:00+09:00,0.10608096701659236
2023-06-03 07:00:00+09:00,0.16553991889877437
2023-06-03 08:00:00+09:00,0.27449731144389905
2023-06-03 09:00:00+09:00,0.37669135469453896
2023-06-03 10:00:00+09:00,0.37844544201795044
2023-06-03 11:00:00+09:00,0.5483886156766988
2023-06-03 12:00:00+09:00,0.5571555573713712
2023-06-03 13:00:00+09:00,0.4816914710082476
2023-06-03 14:00:00+09:00,0.47067261960590756
2023-06-03 15:00:00+09:00,0.32922882510884616
2023-06-03 16:00:00+09:00,0.2136745675964893
2023-06-03 17:00:00+09:00,0.08131460509928462
2023-06-03 18:00:00+09:00,0.01232223174256413
2023-06-03 19:00:00+09:00,0.0
2023-06-03 20:00:00+09:00,0.0
2023-06-03 21:00:00+09:00,0.0
2023-06-03 22:00:00+09:00,0.0
2023-06-03 23:00:00+09:00,0.0
2023-06-04 00:00:00+09:00,0.0
2023-06-04 01:00:00+09:00,0.0
2023-06-04 02:00:00+09:00,0.0
2023-06-04 03:00:00+09:00,0.0
2023-06-04 04:00:00+09:00,0.0
2023-06-04 05:00:00+09:00,0.052825092644865075
2023-06-04 06:00:00+09:00,0.15385013658677762
2023-06-04 07:00:00+09:00,0.3610646642497519
2023-06-04 08:00:00+09:00,0.5524918563268901
2023-06-04 09:00:00+09:00,0.6703970467363969
2023-06-04 10:00:00+09:00,0.7798891458192558
2023-06-04 11:00:00+09:00,0.7841144871661483
2023-06-04 12:00:00+09:00,0.7266508603979005
2023-06-04 13:00:00+09:00,0.667088583513212
2023-06-04 14:00:00+09:00,0.5173269625726685
2023-06-04 15:00:00+09:00,0.41701425668225284
2023-06-04 16:00:00+09:00,0.22685119757003316
2023-06-04 17:00:00+09:00,0.07786853663868708
2023-06-04 18:00:00+09:00,0.012942012217844686
2023-06-04 19:00:00+09:00,0.0
2023-06-04 20:00:00+09:00,0.0
2023-06-04 21:00:00+09:00,0.0
2023-06-04 22:00:00+09:00,0.0
2023-06-04 23:00:00+09:00,0.0
2023-06-05 00:00:00+09:00,0.0
2023-06-05 01:00:00+09:00,0.0
2023-06-05 02:00:00+09:00,0.0
2023-06-05 03:00:00+09:00,0.0
2023-06-05 04:00:00+09:00,0.0
2023-06-05 05:00:00+09:00,0.058383723441649986
2023-06-05 06:00:00+09:00,0.13998575270946698
2023-06-05 07:00:00+09:00,0.30835387076883697
2023-06-05 08:00:00+09:00,0.46335080411787244
2023-06-05 09:00:00+09:00,0.5581610357198159
2023-06-05 10:00:00+09:00,0.5664387772817528
2023-06-05 11:00:00+09:00,0.5846037438853936
2023-06-05 12:00:00+09:00,0.5086091415978556
2023-06-05 13:00:00+09:00,0.4290358620134499
2023-06-05 14:00:00+09:00,0.356777474419176
2023-06-05 15:00:00+09:00,0.2949161775189141
2023-06-05 16:00:00+09:00,0.1457110518294187
2023-06-05 17:00:00+09:00,0.06808426945834473
2023-06-05 18:00:00+09:00,0.011996345611482464
2023-06-05 19:00:00+09:00,0.0
2023-06-05 20:00:00+09:00,0.0
2023-06-05 21:00:00+09:00,0.0
2023-06-05 22:00:00+09:00,0.0
2023-06-05 23:00:00+09:00,0.0
2023-06-06 00:00:00+09:00,0.0
2023-06-06 01:00:00+09:00,0.0
2023-06-06 02:00:00+09:00,0.0
2023-06-06 03:00:00+09:00,0.0
2023-06-06 04:00:00+09:00,0.0
2023-06-06 05:00:00+09:00,0.03780874289200555
2023-06-06 06:00:00+09:00,0.0824390469063385
2023-06-06 07:00:00+09:00,0.16117635390040894
2023-06-06 08:00:00+09:00,0.23330098088410944
2023-06-06 09:00:00+09:00,0.3551834231870212
2023-06-06 10:00:00+09:00,0.36780002698860426
2023-06-06 11:00:00+09:00,0.5567501490192126
2023-06-06 12:00:00+09:00,0.5895075799121411
2023-06-06 13:00:00+09:00,0.46070292678227914
2023-06-06 14:00:00+09:00,0.23349579850682348
2023-06-06 15:00:00+09:00,0.25233583221146
2023-06-06 16:00:00+09:00,0.1570611933417224
2023-06-06 17:00:00+09:00,0.07338873329565403
2023-06-06 18:00:00+09:00,0.010916379138779929
2023-06-06 19:00:00+09:00,0.0
2023-06-06 20:00:00+09:00,0.0
2023-06-06 21:00:00+09:00,0.0
2023-06-06 22:00:00+09:00,0.0
2023-06-06 23:00:00+09:00,0.0
2023-06-07 00:00:00+09:00,0.0
2023-06-07 01:00:00+09:00,0.0
2023-06-07 02:00:00+09:00,0.0
2023-06-07 03:00:00+09:00,0.0
2023-06-07 04:00:00+09:00,0.0
2023-06-07 05:00:00+09:00,0.045124965002004316
2023-06-07 06:00:00+09:00,0.12061421460030809
2023-06-07 07:00:00+09:00,0.2921405410233565
2023-06-07 08:00:00+09:00,0.48172895099248275
2023-06-07 09:00:00+09:00,0.6510080105709254
2023-06-07 10:00:00+09:00,0.7595453387548502
2023-06-07 11:00:00+09:00,0.8044164160826571
2023-06-07 12:00:00+09:00,0.6829845482867986
2023-06-07 13:00:00+09:00,0.5882244031686256
2023-06-07 14:00:00+09:00,0.3481511633011458
2023-06-07 15:00:00+09:00,0.3403517657665237
2023-06-07 16:00:00+09:00,0.11659971972719195
2023-06-07 17:00:00+09:00,0.07038179683019553
2023-06-07 18:00:00+09:00,0.01215461550840482
2023-06-07 19:00:00+09:00,0.0
2023-06-07 20:00:00+09:00,0.0
2023-06-07 21:00:00+09:00,0.0
2023-06-07 22:00:00+09:00,0.0
2023-06-07 23:00:00+09:00,0.0
2023-06-08 00:00:00+09:00,0.0
2023-06-08 01:00:00+09:00,0.0
2023-06-08 02:00:00+09:00,0.0
2023-06-08 03:00:00+09:00,0.0
2023-06-08 04:00:00+09:00,0.0
2023-06-08 05:00:00+09:00,0.05355031687240742
2023-06-08 06:00:00+09:00,0.13602964278780538
2023-06-08 07:00:00+09:00,0.25767772201007444
2023-06-08 08:00:00+09:00,0.4136178272046657
2023-06-08 09:00:00+09:00,0.6413637568777388
2023-06-08 10:00:00+09:00,0.673012743825002
2023-06-08 11:00:00+09:00,0.7532551579873227
2023-06-08 12:00:00+09:00,0.7067594930812993
2023-06-08 13:00:00+09:00,0.6565577248356188
2023-06-08 14:00:00+09:00,0.4948485788307029
2023-06-08 15:00:00+09:00,0.28956886951055666
2023-06-08 16:00:00+09:00,0.17376868065788204
2023-06-08 17:00:00+09:00,0.05493376899971009
2023-06-08 18:00:00+09:00,0.014421082318516722
2023-06-08 19:00:00+09:00,0.0
2023-06-08 20:00:00+09:00,0.0
2023-06-08 21:00:00+09:00,0.0
2023-06-08 22:00:00+09:00,0.0
2023-06-08 23:00:00+09:00,0.0
2023-06-09 00:00:00+09:00,0.0
2023-06-09 01:00:00+09:00,0.0
2023-06-09 02:00:00+09:00,0.0
2023-06-09 03:00:00+09:00,0.0
2023-06-09 04:00:00+09:00,0.0
2023-06-09 05:00:00+09:00,0.024403670529027276
2023-06-09 06:00:00+09:00,0.09370504256434517
2023-06-09 07:00:00+09:00,0.10899193964204372
2023-06-09 08:00:00+09:00,0.14841271956333604
2023-06-09 09:00:00+09:00,0.23176212288431275
2023-06-09 10:00:00+09:00,0.20971068934767703
2023-06-09 11:00:00+09:00,0.11910660646791214
2023-06-09 12:00:00+09:00,0.08036946762224685
2023-06-09 13:00:00+09:00,0.0767747807933399
2023-06-09 14:00:00+09:00,0.11320821438306677
2023-06-09 15:00:00+09:00,0.05748000154907904
2023-06-09 16:00:00+09:00,0.02738750334570261
2023-06-09 17:00:00+09:00,0.00777165093209495
2023-06-09 18:00:00+09:00,0.000903645604869221
2023-06-09 19:00:00+09:00,0.0
2023-06-09 20:00:00+09:00,0.0
2023-06-09 21:00:00+09:00,0.0
2023-06-09 22:00:00+09:00,0.0
2023-06-09 23:00:00+09:00,0.0
2023-06-10 00:00:00+09:00,0.0
2023-06-10 01:00:00+09:00,0.0
2023-06-10 02:00:00+09:00,0.0
2023-06-10 03:00:00+09:00,0.0
2023-06-10 04:00:00+09:00,0.0
2023-06-10 05:00:00+09:00,0.011246059157406124
2023-06-10 06:00:00+09:00,0.0286590510971399
2023-06-10 07:00:00+09:00,0.08606026733245717
2023-06-10 08:00:00+09:00,0.1407410087567476
2023-06-10 09:00:00+09:00,0.3225643059270752
2023-06-10 10:00:00+09:00,0.35382563532486516
2023-06-10 11:00:00+09:00,0.3080503086420158
2023-06-10 12:00:00+09:00,0.29106284118124476
2023-06-10 13:00:00+09:00,0.23901063759908878
2023-06-10 14:00:00+09:00,0.184287493737624
2023-06-10 15:00:00+09:00,0.17718583607419985
2023-06-10 16:00:00+09:00,0.13181857762980398
2023-06-10 17:00:00+09:00,0.06885054015146862
2023-06-10 18:00:00+09:00,0.015718351518211993
2023-06-10 19:00:00+09:00,0.0
2023-06-10 20:00:00+09:00,0.0
2023-06-10 21:00:00+09:00,0.0
2023-06-10 22:00:00+09:00,0.0
2023-06-10 23:00:00+09:00,0.0
2023-06-11 00:00:00+09:00,0.0
2023-06-11 01:00:00+09:00,0.0
2023-06-11 02:00:00+09:00,0.0
2023-06-11 03:00:00+09:00,0.0
2023-06-11 04:00:00+09:00,0.0
2023-06-11 05:00:00+09:00,0.0534353221661097
2023-06-11 06:00:00+09:00,0.15039121695233837
2023-06-11 07:00:00+09:00,0.36943063882628885
2023-06-11 08:00:00+09:00,0.5570220269921423
2023-06-11 09:00:00+09:00,0.6954124636587928
2023-06-11 10:00:00+09:00,0.7680583091506141
2023-06-11 11:00:00+09:00,0.8223214237031683
2023-06-11 12:00:00+09:00,0.781905307615792
2023-06-11 13:00:00+09:00,0.693022438923507
2023-06-11 14:00:00+09:00,0.5397809846653038
2023-06-11 15:00:00+09:00,0.4502110316748726
2023-06-11 16:00:00+09:00,0.24159478503440557
2023-06-11 17:00:00+09:00,0.09667452841356701
2023-06-11 18:00:00+09:00,0.019827869404535653
2023-06-11 19:00:00+09:00,0.0
2023-06-11 20:00:00+09:00,0.0
2023-06-11 21:00:00+09:00,0.0
2023-06-11 22:00:00+09:00,0.0
2023-06-11 23:00:00+09:00,0.0
2023-06-12 00:00:00+09:00,0.0
2023-06-12 01:00:00+09:00,0.0
2023-06-12 02:00:00+09:00,0.0
2023-06-12 03:00:00+09:00,0.0
2023-06-12 04:00:00+09:00,0.0
2023-06-12 05:00:00+09:00,0.041447526633888905
2023-06-12 06:00:00+09:00,0.08235794532401476
2023-06-12 07:00:00+09:00,0.11797578032239762
2023-06-12 08:00:00+09:00,0.16064806795904563
2023-06-12 09:00:00+09:00,0.2039761471342072
2023-06-12 10:00:00+09:00,0.25811026366880446
2023-06-12 11:00:00+09:00,0.32110881840843003
2023-06-12 12:00:00+09:00,0.262416697009601
2023-06-12 13:00:00+09:00,0.25831056661475776
2023-06-12 14:00:00+09:00,0.17573823889155155
2023-06-12 15:00:00+09:00,0.0940120571953975
2023-06-12 16:00:00+09:00,0.053188879512637566
2023-06-12 17:00:00+09:00,0.03064680294928571
2023-06-12 18:00:00+09:00,0.005076555708366468
2023-06-12 19:00:00+09:00,0.0
2023-06-12 20:00:00+09:00,0.0
2023-06-12 21:00:00+09:00,0.0
2023-06-12 22:00:00+09:00,0.0
2023-06-12 23:00:00+09:00,0.0
2023-06-13 00:00:00+09:00,0.0
2023-06-13 01:00:00+09:00,0.0
2023-06-13 02:00:00+09:00,0.0
2023-06-13 03:00:00+09:00,0.0
2023-06-13 04:00:00+09:00,0.0
2023-06-13 05:00:00+09:00,0.033621356837251315
2023-06-13 06:00:00+09:00,0.10497417152188715
2023-06-13 07:00:00+09:00,0.21247309539813672
2023-06-13 08:00:00+09:00,0.3209560656690398
2023-06-13 09:00:00+09:00,0.40671162263666943
2023-06-13 10:00:00+09:00,0.40345661952720085
2023-06-13 11:00:00+09:00,0.5396808132869448
2023-06-13 12:00:00+09:00,0.3281155374987626
2023-06-13 13:00:00+09:00,0.3456881976684286
2023-06-13 14:00:00+09:00,0.25052857833365705
2023-06-13 15:00:00+09:00,0.18723183253848646
2023-06-13 16:00:00+09:00,0.09697760276790317
2023-06-13 17:00:00+09:00,0.05207322476883389
2023-06-13 18:00:00+09:00,0.01026940594152155
2023-06-13 19:00:00+09:00,0.0
2023-06-13 20:00:00+09:00,0.0
2023-06-13 21:00:00+09:00,0.0
2023-06-13 22:00:00+09:00,0.0
2023-06-13 23:00:00+09:00,0.0
2023-06-14 00:00:00+09:00,0.0
2023-06-14 01:00:00+09:00,0.0
2023-06-14 02:00:00+09:00,0.0
2023-06-14 03:00:00+09:00,0.0
2023-06-14 04:00:00+09:00,0.0
2023-06-14 05:00:00+09:00,0.03833970011265396
2023-06-14 06:00:00+09:00,0.10424530690332905
2023-06-14 07:00:00+09:00,0.18327667001557402
2023-06-14 08:00:00+09:00,0.3695823544959798
2023-06-14 09:00:00+09:00,0.365045222331206
2023-06-14 10:00:00+09:00,0.468603109252753
2023-06-14 11:00:00+09:00,0.4859793366572341
2023-06-14 12:00:00+09:00,0.40896676700930074
2023-06-14 13:00:00+09:00,0.5101694191158793
2023-06-14 14:00:00+09:00,0.46821673859592416
2023-06-14 15:00:00+09:00,0.30323030456894345
2023-06-14 16:00:00+09:00,0.19879998657778397
2023-06-14 17:00:00+09:00,0.07843789535553841
2023-06-14 18:00:00+09:00,0.014565939247703927
2023-06-14 19:00:00+09:00,0.0
2023-06-14 20:00:00+09:00,0.0
2023-06-14 21:00:00+09:00,0.0
2023-06-14 22:00:00+09:00,0.0
2023-06-14 23:00:00+09:00,0.0
2023-06-15 00:00:00+09:00,0.0
2023-06-15 01:00:00+09:00,0.0
2023-06-15 02:00:00+09:00,0.0
2023-06-15 03:00:00+09:00,0.0
2023-06-15 04:00:00+09:00,0.0
2023-06-15 05:00:00+09:00,0.03489451952055908
2023-06-15 06:00:00+09:00,0.09575535676347963
2023-06-15 07:00:00+09:00,0.20015867809093335
2023-06-15 08:00:00+09:00,0.3252387719305452
2023-06-15 09:00:00+09:00,0.36641756417616217
2023-06-15 10:00:00+09:00,0.4992693989764292
2023-06-15 11:00:00+09:00,0.5570621534925551
2023-06-15 12:00:00+09:00,0.5498050082159905
2023-06-15 13:00:00+09:00,0.5276182237193929
2023-06-15 14:00:00+09:00,0.5029200457653907
2023-06-15 15:00:00+09:00,0.38695790761453797
2023-06-15 16:00:00+09:00,0.18257525046201223
2023-06-15 17:00:00+09:00,0.07483990716787584
2023-06-15 18:00:00+09:00,0.013421056307040224
2023-06-15 19:00:00+09:00,0.0
2023-06-15 20:00:00+09:00,0.0
2023-06-15 21:00:00+09:00,0.0
2023-06-15 22:00:00+09:00,0.0
2023-06-15 23:00:00+09:00,0.0
2023-06-16 00:00:00+09:00,0.0
2023-06-16 01:00:00+09:00,0.0
2023-06-16 02:00:00+09:00,0.0
2023-06-16 03:00:00+09:00,0.0
2023-06-16 04:00:00+09:00,0.0
2023-06-16 05:00:00+09:00,0.03491346881202286
2023-06-16 06:00:00+09:00,0.10126069110121458
2023-06-16 07:00:00+09:00,0.16333343949086085
2023-06-16 08:00:00+09:00,0.18447526916170623
2023-06-16 09:00:00+09:00,0.1875259773654709
2023-06-16 10:00:00+09:00,0.1720222755884664
2023-06-16 11:00:00+09:00,0.12272641285508895
2023-06-16 12:00:00+09:00,0.10417489712579944
2023-06-16 13:00:00+09:00,0.21921411547484052
2023-06-16 14:00:00+09:00,0.17600059265859205
2023-06-16 15:00:00+09:00,0.07635761145592203
2023-06-16 16:00:00+09:00,0.03806393365364307
2023-06-16 17:00:00+09:00,0.05400699664673147
2023-06-16 18:00:00+09:00,0.009029351314900225
2023-06-16 19:00:00+09:00,0.0
2023-06-16 20:00:00+09:00,0.0
2023-06-16 21:00:00+09:00,0.0
2023-06-16 22:00:00+09:00,0.0
2023-06-16 23:00:00+09:00,0.0
2023-06-17 00:00:00+09:00,0.0
2023-06-17 01:00:00+09:00,0.0
2023-06-17 02:00:00+09:00,0.0
2023-06-17 03:00:00+09:00,0.0
2023-06-17 04:00:00+09:00,0.0
2023-06-17 05:00:00+09:00,0.01658939252778981
2023-06-17 06:00:00+09:00,0.031076400585463702
2023-06-17 07:00:00+09:00,0.037015534114888254
2023-06-17 08:00:00+09:00,0.058266429118502536
2023-06-17 09:00:00+09:00,0.14452341918876302
2023-06-17 10:00:00+09:00,0.15076539868190117
2023-06-17 11:00:00+09:00,0.7137630090144963
2023-06-17 12:00:00+09:00,0.7413580015692728
2023-06-17 13:00:00+09:00,0.6791661657146408
2023-06-17 14:00:00+09:00,0.5333304514896051
2023-06-17 15:00:00+09:00,0.4350152310827123
2023-06-17 16:00:00+09:00,0.25813869044117016
2023-06-17 17:00:00+09:00,0.08822767227609092
2023-06-17 18:00:00+09:00,0.015956593955677733
2023-06-17 19:00:00+09:00,0.0
2023-06-17 20:00:00+09:00,0.0
2023-06-17 21:00:00+09:00,0.0
2023-06-17 22:00:00+09:00,0.0
2023-06-17 23:00:00+09:00,0.0
2023-06-18 00:00:00+09:00,0.0
2023-06-18 01:00:00+09:00,0.0
2023-06-18 02:00:00+09:00,0.0
2023-06-18 03:00:00+09:00,0.0
2023-06-18 04:00:00+09:00,0.0
2023-06-18 05:00:00+09:00,0.04820796671420338
2023-06-18 06:00:00+09:00,0.14162128349032216
2023-06-18 07:00:00+09:00,0.14733523754549574
2023-06-18 08:00:00+09:00,0.47052131863667657
2023-06-18 09:00:00+09:00,0.6803346448159572
2023-06-18 10:00:00+09:00,0.664209196633379
2023-06-18 11:00:00+09:00,0.6735690769021951
2023-06-18 12:00:00+09:00,0.5748438513228077
2023-06-18 13:00:00+09:00,0.5014795776100418
2023-06-18 14:00:00+09:00,0.47109082219051934
2023-06-18 15:00:00+09:00,0.3042482761995425
2023-06-18 16:00:00+09:00,0.255504505866488
2023-06-18 17:00:00+09:00,0.09659371337153805
2023-06-18 18:00:00+09:00,0.019584728325429287
2023-06-18 19:00:00+09:00,0.0
2023-06-18 20:00:00+09:00,0.0
2023-06-18 21:00:00+09:00,0.0
2023-06-18 22:00:00+09:00,0.0
2023-06-18 23:00:00+09:00,0.0
2023-06-19 00:00:00+09:00,0.0
2023-06-19 01:00:00+09:00,0.0
2023-06-19 02:00:00+09:00,0.0
2023-06-19 03:00:00+09:00,0.0
2023-06-19 04:00:00+09:00,0.0
2023-06-19 05:00:00+09:00,0.03568104732464264
2023-06-19 06:00:00+09:00,0.06404761995383294
2023-06-19 07:00:00+09:00,0.1440585119052904
2023-06-19 08:00:00+09:00,0.18323376335658792
2023-06-19 09:00:00+09:00,0.18986213699847684
2023-06-19 10:00:00+09:00,0.15166235849472248
2023-06-19 11:00:00+09:00,0.1821235605307186
2023-06-19 12:00:00+09:00,0.17971900969566149
2023-06-19 13:00:00+09:00,0.11505803984807027
2023-06-19 14:00:00+09:00,0.10434531762994344
2023-06-19 15:00:00+09:00,0.05065245089623481
2023-06-19 16:00:00+09:00,0.026174237334586094
2023-06-19 17:00:00+09:00,0.015315474512863116
2023-06-19 18:00:00+09:00,0.0019689641949668163
2023-06-19 19:00:00+09:00,0.0
2023-06-19 20:00:00+09:00,0.0
2023-06-19 21:00:00+09:00,0.0
2023-06-19 22:00:00+09:00,0.0
2023-06-19 23:00:00+09:00,0.0
2023-06-20 00:00:00+09:00,0.0
2023-06-20 01:00:00+09:00,0.0
2023-06-20 02:00:00+09:00,0.0
2023-06-20 03:00:00+09:00,0.0
2023-06-20 04:00:00+09:00,0.0
2023-06-20 05:00:00+09:00,0.042203777922334935
2023-06-20 06:00:00+09:00,0.08739999843101416
2023-06-20 07:00:00+09:00,0.2473116686482758
2023-06-20 08:00:00+09:00,0.4796485942007513
2023-06-20 09:00:00+09:00,0.5419071897602017
2023-06-20 10:00:00+09:00,0.7411153571154356
2023-06-20 11:00:00+09:00,0.7390802725269018
2023-06-20 12:00:00+09:00,0.5982936821928773
2023-06-20 13:00:00+09:00,0.5825304245280217
2023-06-20 14:00:00+09:00,0.29514895225870286
2023-06-20 15:00:00+09:00,0.10298877277918894
2023-06-20 16:00:00+09:00,0.054251306828723235
2023-06-20 17:00:00+09:00,0.015832674775374606
2023-06-20 18:00:00+09:00,0.011269889255665513
2023-06-20 19:00:00+09:00,0.0
2023-06-20 20:00:00+09:00,0.0
2023-06-20 21:00:00+09:00,0.0
2023-06-20 22:00:00+09:00,0.0
2023-06-20 23:00:00+09:00,0.0
2023-06-21 00:00:00+09:00,0.0
2023-06-21 01:00:00+09:00,0.0
2023-06-21 02:00:00+09:00,0.0
2023-06-21 03:00:00+09:00,0.0
2023-06-21 04:00:00+09:00,0.0
2023-06-21 05:00:00+09:00,0.056942215591560506
2023-06-21 06:00:00+09:00,0.1465202773777959
2023-06-21 07:00:00+09:00,0.3480658785832368
2023-06-21 08:00:00+09:00,0.3993796716089962
2023-06-21 09:00:00+09:00,0.537326596053421
2023-06-21 10:00:00+09:00,0.6592476573148437
2023-06-21 11:00:00+09:00,0.6332293330522771
2023-06-21 12:00:00+09:00,0.6384008480854013
2023-06-21 13:00:00+09:00,0.587347051650486
2023-06-21 14:00:00+09:00,0.5060203142731753
2023-06-21 15:00:00+09:00,0.15702867387016511
2023-06-21 16:00:00+09:00,0.1071019911073684
2023-06-21 17:00:00+09:00,0.04721307404310786
2023-06-21 18:00:00+09:00,0.0087232985228446
2023-06-21 19:00:00+09:00,0.0
2023-06-21 20:00:00+09:00,0.0
2023-06-21 21:00:00+09:00,0.0
2023-06-21 22:00:00+09:00,0.0
2023-06-21 23:00:00+09:00,0.0
2023-06-22 00:00:00+09:00,0.0
2023-06-22 01:00:00+09:00,0.0
2023-06-22 02:00:00+09:00,0.0
2023-06-22 03:00:00+09:00,0.0
2023-06-22 04:00:00+09:00,0.0
2023-06-22 05:00:00+09:00,0.010949593563868711
2023-06-22 06:00:00+09:00,0.054031983983779466
2023-06-22 07:00:00+09:00,0.05143228873458003
2023-06-22 08:00:00+09:00,0.03629159528364357
2023-06-22 09:00:00+09:00,0.11746278135488018
2023-06-22 10:00:00+09:00,0.16297202203011033
2023-06-22 11:00:00+09:00,0.12670486685748122
2023-06-22 12:00:00+09:00,0.42437360552845294
2023-06-22 13:00:00+09:00,0.42997187498813105
2023-06-22 14:00:00+09:00,0.45453635249997787
2023-06-22 15:00:00+09:00,0.3688542233771395
2023-06-22 16:00:00+09:00,0.24458450527707007
2023-06-22 17:00:00+09:00,0.1056292570551358
2023-06-22 18:00:00+09:00,0.016604268460338398
2023-06-22 19:00:00+09:00,0.0
2023-06-22 20:00:00+09:00,0.0
2023-06-22 21:00:00+09:00,0.0
2023-06-22 22:00:00+09:00,0.0
2023-06-22 23:00:00+09:00,0.0
2023-06-23 00:00:00+09:00,0.0
2023-06-23 01:00:00+09:00,0.0
2023-06-23 02:00:00+09:00,0.0
2023-06-23 03:00:00+09:00,0.0
2023-06-23 04:00:00+09:00,0.0
2023-06-23 05:00:00+09:00,0.05219811581343512
2023-06-23 06:00:00+09:00,0.14048430586583302
2023-06-23 07:00:00+09:00,0.3480298795472864
2023-06-23 08:00:00+09:00,0.44370245850035644
2023-06-23 09:00:00+09:00,0.5905507712853398
2023-06-23 10:00:00+09:00,0.5111761548799728
2023-06-23 11:00:00+09:00,0.6022209104211325
2023-06-23 12:00:00+09:00,0.6009409713797773
2023-06-23 13:00:00+09:00,0.5307029354721364
2023-06-23 14:00:00+09:00,0.3552742604331181
2023-06-23 15:00:00+09:00,0.3636376575795103
2023-06-23 16:00:00+09:00,0.2564046026133265
2023-06-23 17:00:00+09:00,0.07244845463447276
2023-06-23 18:00:00+09:00,0.017365561612680123
2023-06-23 19:00:00+09:00,0.0
2023-06-23 20:00:00+09:00,0.0
2023-06-23 21:00:00+09:00,0.0
2023-06-23 22:00:00+09:00,0.0
2023-06-23 23:00:00+09:00,0.0
2023-06-24 00:00:00+09:00,0.0
2023-06-24 01:00:00+09:00,0.0
2023-06-24 02:00:00+09:00,0.0
2023-06-24 03:00:00+09:00,0.0
2023-06-24 04:00:00+09:00,0.0
2023-06-24 05:00:00+09:00,0.04756098744595539
2023-06-24 06:00:00+09:00,0.12862990253749387
2023-06-24 07:00:00+09:00,0.28679220978369907
2023-06-24 08:00:00+09:00,0.44232100761645254
2023-06-24 09:00:00+09:00,0.5587777651529404
2023-06-24 10:00:00+09:00,0.5401219009626128
2023-06-24 11:00:00+09:00,0.5161012201392007
2023-06-24 12:00:00+09:00,0.5090483032676036
2023-06-24 13:00:00+09:00,0.6676919799058714
2023-06-24 14:00:00+09:00,0.47411267481416425
2023-06-24 15:00:00+09:00,0.28716982178769307
2023-06-24 16:00:00+09:00,0.13543550911620922
2023-06-24 17:00:00+09:00,0.06477141138663925
2023-06-24 18:00:00+09:00,0.01135629912925456
2023-06-24 19:00:00+09:00,0.0
2023-06-24 20:00:00+09:00,0.0
2023-06-24 21:00:00+09:00,0.0
2023-06-24 22:00:00+09:00,0.0
2023-06-24 23:00:00+09:00,0.0
2023-06-25 00:00:00+09:00,0.0
2023-06-25 01:00:00+09:00,0.0
2023-06-25 02:00:00+09:00,0.0
2023-06-25 03:00:00+09:00,0.0
2023-06-25 04:00:00+09:00,0.0
2023-06-25 05:00:00+09:00,0.018264864099799775
2023-06-25 06:00:00+09:00,0.04854766960290433
2023-06-25 07:00:00+09:00,0.09889170434369741
2023-06-25 08:00:00+09:00,0.1623917671474342
2023-06-25 09:00:00+09:00,0.2424782804518122
2023-06-25 10:00:00+09:00,0.24594524008116864
2023-06-25 11:00:00+09:00,0.28251077343792363
2023-06-25 12:00:00+09:00,0.2801451983036104
2023-06-25 13:00:00+09:00,0.3158803926338192
2023-06-25 14:00:00+09:00,0.24202528570894943
2023-06-25 15:00:00+09:00,0.32628686356788755
2023-06-25 16:00:00+09:00,0.2293652382739618
2023-06-25 17:00:00+09:00,0.10175715084084326
2023-06-25 18:00:00+09:00,0.016270833255718035
2023-06-25 19:00:00+09:00,0.0
2023-06-25 20:00:00+09:00,0.0
2023-06-25 21:00:00+09:00,0.0
2023-06-25 22:00:00+09:00,0.0
2023-06-25 23:00:00+09:00,0.0
2023-06-26 00:00:00+09:00,0.0
2023-06-26 01:00:00+09:00,0.0
2023-06-26 02:00:00+09:00,0.0
2023-06-26 03:00:00+09:00,0.0
2023-06-26 04:00:00+09:00,0.0
2023-06-26 05:00:00+09:00,0.053840459470378674
2023-06-26 06:00:00+09:00,0.13607723029163812
2023-06-26 07:00:00+09:00,0.32158491666317063
2023-06-26 08:00:00+09:00,0.4639435298042024
2023-06-26 09:00:00+09:00,0.6295289869892761
2023-06-26 10:00:00+09:00,0.7553813289022863
2023-06-26 11:00:00+09:00,0.8031360298018378
2023-06-26 12:00:00+09:00,0.7885055385474422
2023-06-26 13:00:00+09:00,0.738730127677319
2023-06-26 14:00:00+09:00,0.6299264266152892
2023-06-26 15:00:00+09:00,0.4779660942853446
2023-06-26 16:00:00+09:00,0.28711579881663185
2023-06-26 17:00:00+09:00,0.10979676352917872
2023-06-26 18:00:00+09:00,0.016963768435698908
2023-06-26 19:00:00+09:00,0.0
2023-06-26 20:00:00+09:00,0.0
2023-06-26 21:00:00+09:00,0.0
2023-06-26 22:00:00+09:00,0.0
2023-06-26 23:00:00+09:00,0.0
2023-06-27 00:00:00+09:00,0.0
2023-06-27 01:00:00+09:00,0.0
2023-06-27 02:00:00+09:00,0.0
2023-06-27 03:00:00+09:00,0.0
2023-06-27 04:00:00+09:00,0.0
2023-06-27 05:00:00+09:00,0.05281494006193495
2023-06-27 06:00:00+09:00,0.13676391505908506
2023-06-27 07:00:00+09:00,0.3371307454614476
2023-06-27 08:00:00+09:00,0.5615348535036537
2023-06-27 09:00:00+09:00,0.6647458791040785
2023-06-27 10:00:00+09:00,0.7932524214989204
2023-06-27 11:00:00+09:00,0.83432952924639
2023-06-27 12:00:00+09:00,0.8181358649106979
2023-06-27 13:00:00+09:00,0.7464062423906531
2023-06-27 14:00:00+09:00,0.6321631662626305
2023-06-27 15:00:00+09:00,0.47220780995089423
2023-06-27 16:00:00+09:00,0.28540477589088603
2023-06-27 17:00:00+09:00,0.10728783118552554
2023-06-27 18:00:00+09:00,0.017786088867007104
2023-06-27 19:00:00+09:00,0.0
2023-06-27 20:00:00+09:00,0.0
2023-06-27 21:00:00+09:00,0.0
2023-06-27 22:00:00+09:00,0.0
2023-06-27 23:00:00+09:00,0.0
2023-06-28 00:00:00+09:00,0.0
2023-06-28 01:00:00+09:00,0.0
2023-06-28 02:00:00+09:00,0.0
2023-06-28 03:00:00+09:00,0.0
2023-06-28 04:00:00+09:00,0.0
2023-06-28 05:00:00+09:00,0.05197672800566369
2023-06-28 06:00:00+09:00,0.13610212432745836
2023-06-28 07:00:00+09:00,0.3396661333749607
2023-06-28 08:00:00+09:00,0.5434185371462793
2023-06-28 09:00:00+09:00,0.6437752331360588
2023-06-28 10:00:00+09:00,0.7614160434406353
2023-06-28 11:00:00+09:00,0.8018258170696704
2023-06-28 12:00:00+09:00,0.7897107667841057
2023-06-28 13:00:00+09:00,0.7092975843519153
2023-06-28 14:00:00+09:00,0.5874903316823092
2023-06-28 15:00:00+09:00,0.436816840267309
2023-06-28 16:00:00+09:00,0.2685694843825249
2023-06-28 17:00:00+09:00,0.1088931675424959
2023-06-28 18:00:00+09:00,0.017417236365718302
2023-06-28 19:00:00+09:00,0.0
2023-06-28 20:00:00+09:00,0.0
2023-06-28 21:00:00+09:00,0.0
2023-06-28 22:00:00+09:00,0.0
2023-06-28 23:00:00+09:00,0.0
2023-06-29 00:00:00+09:00,0.0
2023-06-29 01:00:00+09:00,0.0
2023-06-29 02:00:00+09:00,0.0
2023-06-29 03:00:00+09:00,0.0
2023-06-29 04:00:00+09:00,0.0
2023-06-29 05:00:00+09:00,0.04684702669128874
2023-06-29 06:00:00+09:00,0.11296021503546039
2023-06-29 07:00:00+09:00,0.25670159963601125
2023-06-29 08:00:00+09:00,0.34623336333823124
2023-06-29 09:00:00+09:00,0.50099287123849
2023-06-29 10:00:00+09:00,0.5357335533330875
2023-06-29 11:00:00+09:00,0.5461153248003284
2023-06-29 12:00:00+09:00,0.5616101082129662
2023-06-29 13:00:00+09:00,0.4420233397095177
2023-06-29 14:00:00+09:00,0.48188416348672364
2023-06-29 15:00:00+09:00,0.3034121268423777
2023-06-29 16:00:00+09:00,0.18147971415551659
2023-06-29 17:00:00+09:00,0.07246139519895742
2023-06-29 18:00:00+09:00,0.017295014175610166
2023-06-29 19:00:00+09:00,0.0
2023-06-29 20:00:00+09:00,0.0
2023-06-29 21:00:00+09:00,0.0
2023-06-29 22:00:00+09:00,0.0
2023-06-29 23:00:00+09:00,0.0
2023-06-30 00:00:00+09:00,0.0
2023-06-30 01:00:00+09:00,0.0
2023-06-30 02:00:00+09:00,0.0
2023-06-30 03:00:00+09:00,0.0
2023-06-30 04:00:00+09:00,0.0
2023-06-30 05:00:00+09:00,0.035907391755325
2023-06-30 06:00:00+09:00,0.11096587815285794
2023-06-30 07:00:00+09:00,0.21111397280075594
2023-06-30 08:00:00+09:00,0.3546034340612033
2023-06-30 09:00:00+09:00,0.5075856443813888
2023-06-30 10:00:00+09:00,0.5707084184751214
2023-06-30 11:00:00+09:00,0.6548901872337188
2023-06-30 12:00:00+09:00,0.7210403234338514
2023-06-30 13:00:00+09:00,0.6076334622975569
2023-06-30 14:00:00+09:00,0.5945624764687332
2023-06-30 15:00:00+09:00,0.4492821916133017
2023-06-30 16:00:00+09:00,0.27116429092736744
2023-06-30 17:00:00+09:00,0.10404210205638742
2023-06-30 18:00:00+09:00,0.018134395381138216
2023-06-30 19:00:00+09:00,0.0
2023-06-30 20:00:00+09:00,0.0
2023-06-30 21:00:00+09:00,0.0
2023-06-30 22:00:00+09:00,0.0
2023-06-30 23:00:00+09:00,0.0
2023-07-01 00:00:00+09:00,0.0
2023-07-01 01:00:00+09:00,0.0
2023-07-01 02:00:00+09:00,0.0
2023-07-01 03:00:00+09:00,0.0
2023-07-01 04:00:00+09:00,0.0
2023-07-01 05:00:00+09:00,0.0248596901411397
2023-07-01 06:00:00+09:00,0.04374173062250575
2023-07-01 07:00:00+09:00,0.05809113000121693
2023-07-01 08:00:00+09:00,0.08184242130810529
2023-07-01 09:00:00+09:00,0.49924402851978733
2023-07-01 10:00:00+09:00,0.6364225326769691
2023-07-01 11:00:00+09:00,0.6855724502461575
2023-07-01 12:00:00+09:00,0.5137313556425394
2023-07-01 13:00:00+09:00,0.45535212552607246
2023-07-01 14:00:00+09:00,0.31816227504266087
2023-07-01 15:00:00+09:00,0.289600196417855
2023-07-01 16:00:00+09:00,0.1448114026086497
2023-07-01 17:00:00+09:00,0.08600389510498847
2023-07-01 18:00:00+09:00,0.020930507391876213
2023-07-01 19:00:00+09:00,0.0
2023-07-01 20:00:00+09:00,0.0
2023-07-01 21:00:00+09:00,0.0
2023-07-01 22:00:00+09:00,0.0
2023-07-01 23:00:00+09:00,0.0
2023-07-02 00:00:00+09:00,0.0
2023-07-02 01:00:00+09:00,0.0
2023-07-02 02:00:00+09:00,0.0
2023-07-02 03:00:00+09:00,0.0
2023-07-02 04:00:00+09:00,0.0
2023-07-02 05:00:00+09:00,0.04986235816796811
2023-07-02 06:00:00+09:00,0.13346038612696065
2023-07-02 07:00:00+09:00,0.3104888462825785
2023-07-02 08:00:00+09:00,0.4935167008379958
2023-07-02 09:00:00+09:00,0.6281631875610328
2023-07-02 10:00:00+09:00,0.6624665113001081
2023-07-02 11:00:00+09:00,0.7044337925471872
2023-07-02 12:00:00+09:00,0.685800620696273
2023-07-02 13:00:00+09:00,0.683195191614471
2023-07-02 14:00:00+09:00,0.5255974409998599
2023-07-02 15:00:00+09:00,0.3415783794387293
2023-07-02 16:00:00+09:00,0.27553781526310445
2023-07-02 17:00:00+09:00,0.10756503456913138
2023-07-02 18:00:00+09:00,0.022596420984985228
2023-07-02 19:00:00+09:00,0.0
2023-07-02 20:00:00+09:00,0.0
2023-07-02 21:00:00+09:00,0.0
2023-07-02 22:00:00+09:00,0.0
2023-07-02 23:00:00+09:00,0.0
2023-07-03 00:00:00+09:00,0.0
2023-07-03 01:00:00+09:00,0.0
2023-07-03 02:00:00+09:00,0.0
2023-07-03 03:00:00+09:00,0.0
2023-07-03 04:00:00+09:00,0.0
2023-07-03 05:00:00+09:00,0.037622347945901614
2023-07-03 06:00:00+09:00,0.10624161486375487
2023-07-03 07:00:00+09:00,0.24472425690164096
2023-07-03 08:00:00+09:00,0.4080598428852413
2023-07-03 09:00:00+09:00,0.3644486485091107
2023-07-03 10:00:00+09:00,0.30607522427803535
2023-07-03 11:00:00+09:00,0.3281040882743192
2023-07-03 12:00:00+09:00,0.16456042961716472
2023-07-03 13:00:00+09:00,0.24660998878741963
2023-07-03 14:00:00+09:00,0.11627391604428032
2023-07-03 15:00:00+09:00,0.14931812614498893
2023-07-03 16:00:00+09:00,0.04861386428927754
2023-07-03 17:00:00+09:00,0.011887013285045185
2023-07-03 18:00:00+09:00,0.002580723467791332
2023-07-03 19:00:00+09:00,0.0
2023-07-03 20:00:00+09:00,0.0
2023-07-03 21:00:00+09:00,0.0
2023-07-03 22:00:00+09:00,0.0
2023-07-03 23:00:00+09:00,0.0
2023-07-04 00:00:00+09:00,0.0
2023-07-04 01:00:00+09:00,0.0
2023-07-04 02:00:00+09:00,0.0
2023-07-04 03:00:00+09:00,0.0
2023-07-04 04:00:00+09:00,0.0
2023-07-04 05:00:00+09:00,0.03827072282395383
2023-07-04 06:00:00+09:00,0.11349712199641383
2023-07-04 07:00:00+09:00,0.20852597857585253
2023-07-04 08:00:00+09:00,0.2833239713315561
2023-07-04 09:00:00+09:00,0.3920178270083987
2023-07-04 10:00:00+09:00,0.3862951373234074
2023-07-04 11:00:00+09:00,0.3846269081473447
2023-07-04 12:00:00+09:00,0.5240929786339638
2023-07-04 13:00:00+09:00,0.47266843181573903
2023-07-04 14:00:00+09:00,0.4573387523601963
2023-07-04 15:00:00+09:00,0.18704556531131547
2023-07-04 16:00:00+09:00,0.14206524197499906
2023-07-04 17:00:00+09:00,0.06712712759621219
2023-07-04 18:00:00+09:00,0.019546346175981038
2023-07-04 19:00:00+09:00,0.0
2023-07-04 20:00:00+09:00,0.0
2023-07-04 21:00:00+09:00,0.0
2023-07-04 22:00:00+09:00,0.0
2023-07-04 23:00:00+09:00,0.0
2023-07-05 00:00:00+09:00,0.0
2023-07-05 01:00:00+09:00,0.0
2023-07-05 02:00:00+09:00,0.0
2023-07-05 03:00:00+09:00,0.0
2023-07-05 04:00:00+09:00,0.0
2023-07-05 05:00:00+09:00,0.03166209192175789
2023-07-05 06:00:00+09:00,0.06556971953954124
2023-07-05 07:00:00+09:00,0.0798449526080852
2023-07-05 08:00:00+09:00,0.07032912424585842
2023-07-05 09:00:00+09:00,0.10106218882904608
2023-07-05 10:00:00+09:00,0.10613575607892116
2023-07-05 11:00:00+09:00,0.11158130941081691
2023-07-05 12:00:00+09:00,0.14680171586592983
2023-07-05 13:00:00+09:00,0.3025617495829658
2023-07-05 14:00:00+09:00,0.13048161957707244
2023-07-05 15:00:00+09:00,0.16294261778834343
2023-07-05 16:00:00+09:00,0.08814144728635528
2023-07-05 17:00:00+09:00,0.03668639370838674
2023-07-05 18:00:00+09:00,0.005158429067727203
2023-07-05 19:00:00+09:00,0.0
2023-07-05 20:00:00+09:00,0.0
2023-07-05 21:00:00+09:00,0.0
2023-07-05 22:00:00+09:00,0.0
2023-07-05 23:00:00+09:00,0.0
2023-07-06 00:00:00+09:00,0.0
2023-07-06 01:00:00+09:00,0.0
2023-07-06 02:00:00+09:00,0.0
2023-07-06 03:00:00+09:00,0.0
2023-07-06 04:00:00+09:00,0.0
2023-07-06 05:00:00+09:00,0.04517262855984028
2023-07-06 06:00:00+09:00,0.12491978434081283
2023-07-06 07:00:00+09:00,0.2730092185567458
2023-07-06 08:00:00+09:00,0.4708696428251643
2023-07-06 09:00:00+09:00,0.6297565724357456
2023-07-06 10:00:00+09:00,0.7389214309041642
2023-07-06 11:00:00+09:00,0.7797469335774174
2023-07-06 12:00:00+09:00,0.7207786774619559
2023-07-06 13:00:00+09:00,0.5113275373819551
2023-07-06 14:00:00+09:00,0.3971339375622718
2023-07-06 15:00:00+09:00,0.2568219848303151
2023-07-06 16:00:00+09:00,0.16379676544857324
2023-07-06 17:00:00+09:00,0.07914674703360096
2023-07-06 18:00:00+09:00,0.01486042786609959
2023-07-06 19:00:00+09:00,0.0
2023-07-06 20:00:00+09:00,0.0
2023-07-06 21:00:00+09:00,0.0
2023-07-06 22:00:00+09:00,0.0
2023-07-06 23:00:00+09:00,0.0
2023-07-07 00:00:00+09:00,0.0
2023-07-07 01:00:00+09:00,0.0
2023-07-07 02:00:00+09:00,0.0
2023-07-07 03:00:00+09:00,0.0
2023-07-07 04:00:00+09:00,0.0
2023-07-07 05:00:00+09:00,0.04502573977941845
2023-07-07 06:00:00+09:00,0.11159517834746405
2023-07-07 07:00:00+09:00,0.21756106614253465
2023-07-07 08:00:00+09:00,0.2548420125317649
2023-07-07 09:00:00+09:00,0.35518131218682264
2023-07-07 10:00:00+09:00,0.21501642561348427
2023-07-07 11:00:00+09:00,0.22609903994391622
2023-07-07 12:00:00+09:00,0.3112609005367482
2023-07-07 13:00:00+09:00,0.39777178093594295
2023-07-07 14:00:00+09:00,0.4248918884435526
2023-07-07 15:00:00+09:00,0.16541041750508964
2023-07-07 16:00:00+09:00,0.17839159525888112
2023-07-07 17:00:00+09:00,0.08161314230203541
2023-07-07 18:00:00+09:00,0.009812512814865927
2023-07-07 19:00:00+09:00,0.0
2023-07-07 20:00:00+09:00,0.0
2023-07-07 21:00:00+09:00,0.0
2023-07-07 22:00:00+09:00,0.0
2023-07-07 23:00:00+09:00,0.0
2023-07-08 00:00:00+09:00,0.0
2023-07-08 01:00:00+09:00,0.0
2023-07-08 02:00:00+09:00,0.0
2023-07-08 03:00:00+09:00,0.0
2023-07-08 04:00:00+09:00,0.0
2023-07-08 05:00:00+09:00,0.04519631661428184
2023-07-08 06:00:00+09:00,0.11022868589112433
2023-07-08 07:00:00+09:00,0.24514520147641577
2023-07-08 08:00:00+09:00,0.3159891667249237
2023-07-08 09:00:00+09:00,0.20664425381603688
2023-07-08 10:00:00+09:00,0.46504026972438145
2023-07-08 11:00:00+09:00,0.36176426158260183
2023-07-08 12:00:00+09:00,0.3978942067736475
2023-07-08 13:00:00+09:00,0.17422810856439758
2023-07-08 14:00:00+09:00,0.1282412727698065
2023-07-08 15:00:00+09:00,0.08044607617860638
2023-07-08 16:00:00+09:00,0.13368866515013922
2023-07-08 17:00:00+09:00,0.08150518164947376
2023-07-08 18:00:00+09:00,0.016170464207793573
2023-07-08 19:00:00+09:00,0.0
2023-07-08 20:00:00+09:00,0.0
2023-07-08 21:00:00+09:00,0.0
2023-07-08 22:00:00+09:00,0.0
2023-07-08 23:00:00+09:00,0.0
2023-07-09 00:00:00+09:00,0.0
2023-07-09 01:00:00+09:00,0.0
2023-07-09 02:00:00+09:00,0.0
2023-07-09 03:00:00+09:00,0.0
2023-07-09 04:00:00+09:00,0.0
2023-07-09 05:00:00+09:00,0.04656889546733482
2023-07-09 06:00:00+09:00,0.1256885614603944
2023-07-09 07:00:00+09:00,0.32242343736262774
2023-07-09 08:00:00+09:00,0.4889249835536482
2023-07-09 09:00:00+09:00,0.6134655138081632
2023-07-09 10:00:00+09:00,0.7107583662591817
2023-07-09 11:00:00+09:00,0.7209771691309267
2023-07-09 12:00:00+09:00,0.7008786174399544
2023-07-09 13:00:00+09:00,0.5693460618792934
2023-07-09 14:00:00+09:00,0.47322516518768243
2023-07-09 15:00:00+09:00,0.3902292242099334
2023-07-09 16:00:00+09:00,0.2105331022025107
2023-07-09 17:00:00+09:00,0.07231466629588523
2023-07-09 18:00:00+09:00,0.017822422006787925
2023-07-09 19:00:00+09:00,0.0
2023-07-09 20:00:00+09:00,0.0
2023-07-09 21:00:00+09:00,0.0
2023-07-09 22:00:00+09:00,0.0
2023-07-09 23:00:00+09:00,0.0
2023-07-10 00:00:00+09:00,0.0
2023-07-10 01:00:00+09:00,0.0
2023-07-10 02:00:00+09:00,0.0
2023-07-10 03:00:00+09:00,0.0
2023-07-10 04:00:00+09:00,0.0
2023-07-10 05:00:00+09:00,0.054215154742003356
2023-07-10 06:00:00+09:00,0.12722732501179226
2023-07-10 07:00:00+09:00,0.31543343408580005
2023-07-10 08:00:00+09:00,0.4568702090603046
2023-07-10 09:00:00+09:00,0.6120751614899498
2023-07-10 10:00:00+09:00,0.7125526589365541
2023-07-10 11:00:00+09:00,0.723967089896819
2023-07-10 12:00:00+09:00,0.7187103562425314
2023-07-10 13:00:00+09:00,0.62117924143053
2023-07-10 14:00:00+09:00,0.5356321447292655
2023-07-10 15:00:00+09:00,0.3579660725211934
2023-07-10 16:00:00+09:00,0.19622040048685388
2023-07-10 17:00:00+09:00,0.07931720061373815
2023-07-10 18:00:00+09:00,0.018722178644618528
2023-07-10 19:00:00+09:00,0.0
2023-07-10 20:00:00+09:00,0.0
2023-07-10 21:00:00+09:00,0.0
2023-07-10 22:00:00+09:00,0.0
2023-07-10 23:00:00+09:00,0.0
2023-07-11 00:00:00+09:00,0.0
2023-07-11 01:00:00+09:00,0.0
2023-07-11 02:00:00+09:00,0.0
2023-07-11 03:00:00+09:00,0.0
2023-07-11 04:00:00+09:00,0.0
2023-07-11 05:00:00+09:00,0.03141684954358041
2023-07-11 06:00:00+09:00,0.07577237514953539
2023-07-11 07:00:00+09:00,0.08986172893930612
2023-07-11 08:00:00+09:00,0.20418940150701861
2023-07-11 09:00:00+09:00,0.22391324735017903
2023-07-11 10:00:00+09:00,0.2762859798985917
2023-07-11 11:00:00+09:00,0.6308089799356162
2023-07-11 12:00:00+09:00,0.7204248231969106
2023-07-11 13:00:00+09:00,0.6133481831333911
2023-07-11 14:00:00+09:00,0.4969461354478721
2023-07-11 15:00:00+09:00,0.40388966882191685
2023-07-11 16:00:00+09:00,0.24365478435449198
2023-07-11 17:00:00+09:00,0.09462987583478082
2023-07-11 18:00:00+09:00,0.016563078524471943
2023-07-11 19:00:00+09:00,0.0
2023-07-11 20:00:00+09:00,0.0
2023-07-11 21:00:00+09:00,0.0
2023-07-11 22:00:00+09:00,0.0
2023-07-11 23:00:00+09:00,0.0
2023-07-12 00:00:00+09:00,0.0
2023-07-12 01:00:00+09:00,0.0
2023-07-12 02:00:00+09:00,0.0
2023-07-12 03:00:00+09:00,0.0
2023-07-12 04:00:00+09:00,0.0
2023-07-12 05:00:00+09:00,0.02313446369329105
2023-07-12 06:00:00+09:00,0.04403379030064865
2023-07-12 07:00:00+09:00,0.12075119359577899
2023-07-12 08:00:00+09:00,0.15856719789996915
2023-07-12 09:00:00+09:00,0.3419366435557877
2023-07-12 10:00:00+09:00,0.5170778804834372
2023-07-12 11:00:00+09:00,0.6695850371039149
2023-07-12 12:00:00+09:00,0.7288376875590242
2023-07-12 13:00:00+09:00,0.6737760909738073
2023-07-12 14:00:00+09:00,0.4627856575133426
2023-07-12 15:00:00+09:00,0.2564728053812193
2023-07-12 16:00:00+09:00,0.20178003656474
2023-07-12 17:00:00+09:00,0.09653890315406037
2023-07-12 18:00:00+09:00,0.01343151567942831
2023-07-12 19:00:00+09:00,0.0
2023-07-12 20:00:00+09:00,0.0
2023-07-12 21:00:00+09:00,0.0
2023-07-12 22:00:00+09:00,0.0
2023-07-12 23:00:00+09:00,0.0
2023-07-13 00:00:00+09:00,0.0
2023-07-13 01:00:00+09:00,0.0
2023-07-13 02:00:00+09:00,0.0
2023-07-13 03:00:00+09:00,0.0
2023-07-13 04:00:00+09:00,0.0
2023-07-13 05:00:00+09:00,0.019183984598299317
2023-07-13 06:00:00+09:00,0.05411704853114654
2023-07-13 07:00:00+09:00,0.11688250638883464
2023-07-13 08:00:00+09:00,0.14414904382206417
2023-07-13 09:00:00+09:00,0.11108509621765122
2023-07-13 10:00:00+09:00,0.1578542398504378
2023-07-13 11:00:00+09:00,0.19273493590327095
2023-07-13 12:00:00+09:00,0.11823332954220002
2023-07-13 13:00:00+09:00,0.10270737675645714
2023-07-13 14:00:00+09:00,0.1433129453663431
2023-07-13 15:00:00+09:00,0.07449400693462659
2023-07-13 16:00:00+09:00,0.08151882442895826
2023-07-13 17:00:00+09:00,0.02341135626633371
2023-07-13 18:00:00+09:00,0.0037809808841445416
2023-07-13 19:00:00+09:00,0.0
2023-07-13 20:00:00+09:00,0.0
2023-07-13 21:00:00+09:00,0.0
2023-07-13 22:00:00+09:00,0.0
2023-07-13 23:00:00+09:00,0.0
2023-07-14 00:00:00+09:00,0.0
2023-07-14 01:00:00+09:00,0.0
2023-07-14 02:00:00+09:00,0.0
2023-07-14 03:00:00+09:00,0.0
2023-07-14 04:00:00+09:00,0.0
2023-07-14 05:00:00+09:00,0.02300791518931523
2023-07-14 06:00:00+09:00,0.07380066389613718
2023-07-14 07:00:00+09:00,0.09501944375589969
2023-07-14 08:00:00+09:00,0.08840970584540642
2023-07-14 09:00:00+09:00,0.3630155953000448
2023-07-14 10:00:00+09:00,0.5821279513184422
2023-07-14 11:00:00+09:00,0.6487166297660748
2023-07-14 12:00:00+09:00,0.5800671151962132
2023-07-14 13:00:00+09:00,0.3883035585753376
2023-07-14 14:00:00+09:00,0.2871404662976111
2023-07-14 15:00:00+09:00,0.3848202314251282
2023-07-14 16:00:00+09:00,0.170348054017598
2023-07-14 17:00:00+09:00,0.06090991758622515
2023-07-14 18:00:00+09:00,0.014034363496741063
2023-07-14 19:00:00+09:00,0.0
2023-07-14 20:00:00+09:00,0.0
2023-07-14 21:00:00+09:00,0.0
2023-07-14 22:00:00+09:00,0.0
2023-07-14 23:00:00+09:00,0.0
2023-07-15 00:00:00+09:00,0.0
2023-07-15 01:00:00+09:00,0.0
2023-07-15 02:00:00+09:00,0.0
2023-07-15 03:00:00+09:00,0.0
2023-07-15 04:00:00+09:00,0.0
2023-07-15 05:00:00+09:00,0.018420473336991292
2023-07-15 06:00:00+09:00,0.05770038195199197
2023-07-15 07:00:00+09:00,0.2839976747571165
2023-07-15 08:00:00+09:00,0.44366297319194997
2023-07-15 09:00:00+09:00,0.4429824812055387
2023-07-15 10:00:00+09:00,0.42336635194375144
2023-07-15 11:00:00+09:00,0.510499137638503
2023-07-15 12:00:00+09:00,0.41411398399434546
2023-07-15 13:00:00+09:00,0.5930818284071795
2023-07-15 14:00:00+09:00,0.3286120729725368
2023-07-15 15:00:00+09:00,0.28057527137358124
2023-07-15 16:00:00+09:00,0.19421524759186595
2023-07-15 17:00:00+09:00,0.0845363913506843
2023-07-15 18:00:00+09:00,0.01491139886455781
2023-07-15 19:00:00+09:00,0.0
2023-07-15 20:00:00+09:00,0.0
2023-07-15 21:00:00+09:00,0.0
2023-07-15 22:00:00+09:00,0.0
2023-07-15 23:00:00+09:00,0.0
2023-07-16 00:00:00+09:00,0.0
2023-07-16 01:00:00+09:00,0.0
2023-07-16 02:00:00+09:00,0.0
2023-07-16 03:00:00+09:00,0.0
2023-07-16 04:00:00+09:00,0.0
2023-07-16 05:00:00+09:00,0.04038783400630749
2023-07-16 06:00:00+09:00,0.11721451712582472
2023-07-16 07:00:00+09:00,0.2828789519482796
2023-07-16 08:00:00+09:00,0.4513141765788226
2023-07-16 09:00:00+09:00,0.5287348234727417
2023-07-16 10:00:00+09:00,0.653231766616429
2023-07-16 11:00:00+09:00,0.7320748333792728
2023-07-16 12:00:00+09:00,0.7322828531419505
2023-07-16 13:00:00+09:00,0.6105312592388514
2023-07-16 14:00:00+09:00,0.5273144816174454
2023-07-16 15:00:00+09:00,0.4298630955242558
2023-07-16 16:00:00+09:00,0.23341869687374528
2023-07-16 17:00:00+09:00,0.0873049455471517
2023-07-16 18:00:00+09:00,0.014336562370239163
2023-07-16 19:00:00+09:00,0.0
2023-07-16 20:00:00+09:00,0.0
2023-07-16 21:00:00+09:00,0.0
2023-07-16 22:00:00+09:00,0.0
2023-07-16 23:00:00+09:00,0.0
2023-07-17 00:00:00+09:00,0.0
2023-07-17 01:00:00+09:00,0.0
2023-07-17 02:00:00+09:00,0.0
2023-07-17 03:00:00+09:00,0.0
2023-07-17 04:00:00+09:00,0.0
2023-07-17 05:00:00+09:00,0.027633659330340468
2023-07-17 06:00:00+09:00,0.06392901380972334
2023-07-17 07:00:00+09:00,0.10994450218920956
2023-07-17 08:00:00+09:00,0.1545429262049963
2023-07-17 09:00:00+09:00,0.2036306917240758
2023-07-17 10:00:00+09:00,0.22100573432052426
2023-07-17 11:00:00+09:00,0.27770835037886016
2023-07-17 12:00:00+09:00,0.23601887565440088
2023-07-17 13:00:00+09:00,0.29258179496790304
2023-07-17 14:00:00+09:00,0.20779249156693422
2023-07-17 15:00:00+09:00,0.12469668281339148
2023-07-17 16:00:00+09:00,0.08989021017433604
2023-07-17 17:00:00+09:00,0.03056526498077619
2023-07-17 18:00:00+09:00,0.003074688409409062
2023-07-17 19:00:00+09:00,0.0
2023-07-17 20:00:00+09:00,0.0
2023-07-17 21:00:00+09:00,0.0
2023-07-17 22:00:00+09:00,0.0
2023-07-17 23:00:00+09:00,0.0
2023-07-18 00:00:00+09:00,0.0
2023-07-18 01:00:00+09:00,0.0
2023-07-18 02:00:00+09:00,0.0
2023-07-18 03:00:00+09:00,0.0
2023-07-18 04:00:00+09:00,0.0
2023-07-18 05:00:00+09:00,0.02845100484247063
2023-07-18 06:00:00+09:00,0.04216905873907704
2023-07-18 07:00:00+09:00,0.08778743779453571
2023-07-18 08:00:00+09:00,0.23333921319294137
2023-07-18 09:00:00+09:00,0.4160877427873243
2023-07-18 10:00:00+09:00,0.565040126197952
2023-07-18 11:00:00+09:00,0.589766767761187
2023-07-18 12:00:00+09:00,0.6227153382147843
2023-07-18 13:00:00+09:00,0.6760459302128997
2023-07-18 14:00:00+09:00,0.5238913044114867
2023-07-18 15:00:00+09:00,0.26977876547323304
2023-07-18 16:00:00+09:00,0.18037153212389875
2023-07-18 17:00:00+09:00,0.05042309945978449
2023-07-18 18:00:00+09:00,0.00732749329104925
2023-07-18 19:00:00+09:00,0.0
2023-07-18 20:00:00+09:00,0.0
2023-07-18 21:00:00+09:00,0.0
2023-07-18 22:00:00+09:00,0.0
2023-07-18 23:00:00+09:00,0.0
2023-07-19 00:00:00+09:00,0.0
2023-07-19 01:00:00+09:00,0.0
2023-07-19 02:00:00+09:00,0.0
2023-07-19 03:00:00+09:00,0.0
2023-07-19 04:00:00+09:00,0.0
2023-07-19 05:00:00+09:00,0.015575863711747929
2023-07-19 06:00:00+09:00,0.05117417899707562
2023-07-19 07:00:00+09:00,0.08206092445264986
2023-07-19 08:00:00+09:00,0.13773155958738087
2023-07-19 09:00:00+09:00,0.23205755319082347
2023-07-19 10:00:00+09:00,0.22080753121250718
2023-07-19 11:00:00+09:00,0.3022365305986063
2023-07-19 12:00:00+09:00,0.2571470333777148
2023-07-19 13:00:00+09:00,0.2194217476284361
2023-07-19 14:00:00+09:00,0.11120317059146279
2023-07-19 15:00:00+09:00,0.24033317652970462
2023-07-19 16:00:00+09:00,0.18034690721732985
2023-07-19 17:00:00+09:00,0.06853269767745965
2023-07-19 18:00:00+09:00,0.014406817425895967
2023-07-19 19:00:00+09:00,0.0
2023-07-19 20:00:00+09:00,0.0
2023-07-19 21:00:00+09:00,0.0
2023-07-19 22:00:00+09:00,0.0
2023-07-19 23:00:00+09:00,0.0
2023-07-20 00:00:00+09:00,0.0
2023-07-20 01:00:00+09:00,0.0
2023-07-20 02:00:00+09:00,0.0
2023-07-20 03:00:00+09:00,0.0
2023-07-20 04:00:00+09:00,0.0
2023-07-20 05:00:00+09:00,0.031516480887715526
2023-07-20 06:00:00+09:00,0.09797507034088272
2023-07-20 07:00:00+09:00,0.210981672717992
2023-07-20 08:00:00+09:00,0.3009478665493107
2023-07-20 09:00:00+09:00,0.41606345852629933
2023-07-20 10:00:00+09:00,0.5234726492467723
2023-07-20 11:00:00+09:00,0.5701403607202908
2023-07-20 12:00:00+09:00,0.6812953500099717
2023-07-20 13:00:00+09:00,0.7012287716575561
2023-07-20 14:00:00+09:00,0.5759972635737344
2023-07-20 15:00:00+09:00,0.4277936003176521
2023-07-20 16:00:00+09:00,0.2706436239879913
2023-07-20 17:00:00+09:00,0.09730091436375662
2023-07-20 18:00:00+09:00,0.01250685052639247
2023-07-20 19:00:00+09:00,0.0
2023-07-20 20:00:00+09:00,0.0
2023-07-20 21:00:00+09:00,0.0
2023-07-20 22:00:00+09:00,0.0
2023-07-20 23:00:00+09:00,0.0
2023-07-21 00:00:00+09:00,0.0
2023-07-21 01:00:00+09:00,0.0
2023-07-21 02:00:00+09:00,0.0
2023-07-21 03:00:00+09:00,0.0
2023-07-21 04:00:00+09:00,0.0
2023-07-21 05:00:00+09:00,0.02355059431426499
2023-07-21 06:00:00+09:00,0.05271044444389507
2023-07-21 07:00:00+09:00,0.06415988562396552
2023-07-21 08:00:00+09:00,0.16146889674890097
2023-07-21 09:00:00+09:00,0.4211981955542665
2023-07-21 10:00:00+09:00,0.34729740019975885
2023-07-21 11:00:00+09:00,0.5348408377351316
2023-07-21 12:00:00+09:00,0.618349594562796
2023-07-21 13:00:00+09:00,0.5935060917637942
2023-07-21 14:00:00+09:00,0.47854832125701025
2023-07-21 15:00:00+09:00,0.20896101322842275
2023-07-21 16:00:00+09:00,0.1447084372949757
2023-07-21 17:00:00+09:00,0.06097498843518315
2023-07-21 18:00:00+09:00,0.013587529652188752
2023-07-21 19:00:00+09:00,0.0
2023-07-21 20:00:00+09:00,0.0
2023-07-21 21:00:00+09:00,0.0
2023-07-21 22:00:00+09:00,0.0
2023-07-21 23:00:00+09:00,0.0
2023-07-22 00:00:00+09:00,0.0
2023-07-22 01:00:00+09:00,0.0
2023-07-22 02:00:00+09:00,0.0
2023-07-22 03:00:00+09:00,0.0
2023-07-22 04:00:00+09:00,0.0
2023-07-22 05:00:00+09:00,0.025021410447849595
2023-07-22 06:00:00+09:00,0.0603661947166874
2023-07-22 07:00:00+09:00,0.14250441506695177
2023-07-22 08:00:00+09:00,0.1843906855230053
2023-07-22 09:00:00+09:00,0.22821801701998592
2023-07-22 10:00:00+09:00,0.6549599286092328
2023-07-22 11:00:00+09:00,0.7249455130990483
2023-07-22 12:00:00+09:00,0.4110796101477123
2023-07-22 13:00:00+09:00,0.2406013874314651
2023-07-22 14:00:00+09:00,0.3045520844959457
2023-07-22 15:00:00+09:00,0.12007273488707734
2023-07-22 16:00:00+09:00,0.07630027497801631
2023-07-22 17:00:00+09:00,0.04069555899303985
2023-07-22 18:00:00+09:00,0.009760922199607055
2023-07-22 19:00:00+09:00,0.0
2023-07-22 20:00:00+09:00,0.0
2023-07-22 21:00:00+09:00,0.0
2023-07-22 22:00:00+09:00,0.0
2023-07-22 23:00:00+09:00,0.0
2023-07-23 00:00:00+09:00,0.0
2023-07-23 01:00:00+09:00,0.0
2023-07-23 02:00:00+09:00,0.0
2023-07-23 03:00:00+09:00,0.0
2023-07-23 04:00:00+09:00,0.0
2023-07-23 05:00:00+09:00,0.03118587550773007
2023-07-23 06:00:00+09:00,0.09547762266345487
2023-07-23 07:00:00+09:00,0.22321521081857945
2023-07-23 08:00:00+09:00,0.3450947643973485
2023-07-23 09:00:00+09:00,0.5394976651569244
2023-07-23 10:00:00+09:00,0.5737166101837804
2023-07-23 11:00:00+09:00,0.516655571444555
2023-07-23 12:00:00+09:00,0.6549655097536564
2023-07-23 13:00:00+09:00,0.595952646100556
2023-07-23 14:00:00+09:00,0.4848184949128392
2023-07-23 15:00:00+09:00,0.36627207389073324
2023-07-23 16:00:00+09:00,0.18333867222570824
2023-07-23 17:00:00+09:00,0.0835000599969761
2023-07-23 18:00:00+09:00,0.01520575027066292
2023-07-23 19:00:00+09:00,0.0
2023-07-23 20:00:00+09:00,0.0
2023-07-23 21:00:00+09:00,0.0
2023-07-23 22:00:00+09:00,0.0
2023-07-23 23:00:00+09:00,0.0
2023-07-24 00:00:00+09:00,0.0
2023-07-24 01:00:00+09:00,0.0
2023-07-24 02:00:00+09:00,0.0
2023-07-24 03:00:00+09:00,0.0
2023-07-24 04:00:00+09:00,0.0
2023-07-24 05:00:00+09:00,0.01848263867340015
2023-07-24 06:00:00+09:00,0.045508734247818185
2023-07-24 07:00:00+09:00,0.07417891132606913
2023-07-24 08:00:00+09:00,0.10794764455111962
2023-07-24 09:00:00+09:00,0.22531284350345993
2023-07-24 10:00:00+09:00,0.3176184297000283
2023-07-24 11:00:00+09:00,0.1303952097457903
2023-07-24 12:00:00+09:00,0.17356549695418047
2023-07-24 13:00:00+09:00,0.18305198814121426
2023-07-24 14:00:00+09:00,0.159644817879368
2023-07-24 15:00:00+09:00,0.07565955499982134
2023-07-24 16:00:00+09:00,0.040868975933045934
2023-07-24 17:00:00+09:00,0.020846928026786758
2023-07-24 18:00:00+09:00,0.004762870133701167
2023-07-24 19:00:00+09:00,0.0
2023-07-24 20:00:00+09:00,0.0
2023-07-24 21:00:00+09:00,0.0
2023-07-24 22:00:00+09:00,0.0
2023-07-24 23:00:00+09:00,0.0
2023-07-25 00:00:00+09:00,0.0
2023-07-25 01:00:00+09:00,0.0
2023-07-25 02:00:00+09:00,0.0
2023-07-25 03:00:00+09:00,0.0
2023-07-25 04:00:00+09:00,0.0
2023-07-25 05:00:00+09:00,0.027715609873357284
2023-07-25 06:00:00+09:00,0.0868507092282885
2023-07-25 07:00:00+09:00,0.1641573977159948
2023-07-25 08:00:00+09:00,0.3641704371075383
2023-07-25 09:00:00+09:00,0.3485517192496208
2023-07-25 10:00:00+09:00,0.26788572020630336
2023-07-25 11:00:00+09:00,0.4084574213655233
2023-07-25 12:00:00+09:00,0.4149476975092285
2023-07-25 13:00:00+09:00,0.36314864067142466
2023-07-25 14:00:00+09:00,0.2946939809006459
2023-07-25 15:00:00+09:00,0.17972250611249085
2023-07-25 16:00:00+09:00,0.1536945358400957
2023-07-25 17:00:00+09:00,0.060413380205291446
2023-07-25 18:00:00+09:00,0.008494588429288654
2023-07-25 19:00:00+09:00,0.0
2023-07-25 20:00:00+09:00,0.0
2023-07-25 21:00:00+09:00,0.0
2023-07-25 22:00:00+09:00,0.0
2023-07-25 23:00:00+09:00,0.0
2023-07-26 00:00:00+09:00,0.0
2023-07-26 01:00:00+09:00,0.0
2023-07-26 02:00:00+09:00,0.0
2023-07-26 03:00:00+09:00,0.0
2023-07-26 04:00:00+09:00,0.0
2023-07-26 05:00:00+09:00,0.03133408906274969
2023-07-26 06:00:00+09:00,0.09234424881778819
2023-07-26 07:00:00+09:00,0.18010183062461246
2023-07-26 08:00:00+09:00,0.2849500164848246
2023-07-26 09:00:00+09:00,0.40083160261692474
2023-07-26 10:00:00+09:00,0.535244553921953
2023-07-26 11:00:00+09:00,0.5859831793278596
2023-07-26 12:00:00+09:00,0.5423049580007113
2023-07-26 13:00:00+09:00,0.45596265585730245
2023-07-26 14:00:00+09:00,0.4250003713396993
2023-07-26 15:00:00+09:00,0.11539309335947948
2023-07-26 16:00:00+09:00,0.10317137359257118
2023-07-26 17:00:00+09:00,0.041571712156769844
2023-07-26 18:00:00+09:00,0.006929547637124986
2023-07-26 19:00:00+09:00,0.0
2023-07-26 20:00:00+09:00,0.0
2023-07-26 21:00:00+09:00,0.0
2023-07-26 22:00:00+09:00,0.0
2023-07-26 23:00:00+09:00,0.0
2023-07-27 00:00:00+09:00,0.0
2023-07-27 01:00:00+09:00,0.0
2023-07-27 02:00:00+09:00,0.0
2023-07-27 03:00:00+09:00,0.0
2023-07-27 04:00:00+09:00,0.0
2023-07-27 05:00:00+09:00,0.013442364125537815
2023-07-27 06:00:00+09:00,0.0246033103092141
2023-07-27 07:00:00+09:00,0.09232922070113914
2023-07-27 08:00:00+09:00,0.12827496974009356
2023-07-27 09:00:00+09:00,0.10869254439033964
2023-07-27 10:00:00+09:00,0.24913837045864204
2023-07-27 11:00:00+09:00,0.39804340692419643
2023-07-27 12:00:00+09:00,0.43290962444602443
2023-07-27 13:00:00+09:00,0.32965045739068016
2023-07-27 14:00:00+09:00,0.18257830302429842
2023-07-27 15:00:00+09:00,0.2555989425598619
2023-07-27 16:00:00+09:00,0.05608424107112315
2023-07-27 17:00:00+09:00,0.01830231479744967
2023-07-27 18:00:00+09:00,0.0025345269740771567
2023-07-27 19:00:00+09:00,0.0
2023-07-27 20:00:00+09:00,0.0
2023-07-27 21:00:00+09:00,0.0
2023-07-27 22:00:00+09:00,0.0
2023-07-27 23:00:00+09:00,0.0
2023-07-28 00:00:00+09:00,0.0
2023-07-28 01:00:00+09:00,0.0
2023-07-28 02:00:00+09:00,0.0
2023-07-28 03:00:00+09:00,0.0
2023-07-28 04:00:00+09:00,0.0
2023-07-28 05:00:00+09:00,0.029087775613184864
2023-07-28 06:00:00+09:00,0.0980341426440511
2023-07-28 07:00:00+09:00,0.17351274330800504
2023-07-28 08:00:00+09:00,0.31753416809741025
2023-07-28 09:00:00+09:00,0.5924565559563928
2023-07-28 10:00:00+09:00,0.6250308977499517
2023-07-28 11:00:00+09:00,0.7536132753347757
2023-07-28 12:00:00+09:00,0.7966718431803915
2023-07-28 13:00:00+09:00,0.7155165424420309
2023-07-28 14:00:00+09:00,0.483210452676291
2023-07-28 15:00:00+09:00,0.35198602513228827
2023-07-28 16:00:00+09:00,0.15895342116517638
2023-07-28 17:00:00+09:00,0.06933975811327125
2023-07-28 18:00:00+09:00,0.01014957755773951
2023-07-28 19:00:00+09:00,0.0
2023-07-28 20:00:00+09:00,0.0
2023-07-28 21:00:00+09:00,0.0
2023-07-28 22:00:00+09:00,0.0
2023-07-28 23:00:00+09:00,0.0
2023-07-29 00:00:00+09:00,0.0
2023-07-29 01:00:00+09:00,0.0
2023-07-29 02:00:00+09:00,0.0
2023-07-29 03:00:00+09:00,0.0
2023-07-29 04:00:00+09:00,0.0
2023-07-29 05:00:00+09:00,0.03692297645886264
2023-07-29 06:00:00+09:00,0.11156370171343168
2023-07-29 07:00:00+09:00,0.2556695882342707
2023-07-29 08:00:00+09:00,0.3169425868957802
2023-07-29 09:00:00+09:00,0.3832911690830985
2023-07-29 10:00:00+09:00,0.45277522067139314
2023-07-29 11:00:00+09:00,0.3529178332184574
2023-07-29 12:00:00+09:00,0.1649370045064384
2023-07-29 13:00:00+09:00,0.12962711508550637
2023-07-29 14:00:00+09:00,0.09868295084705792
2023-07-29 15:00:00+09:00,0.12204909119666521
2023-07-29 16:00:00+09:00,0.1126732522564677
2023-07-29 17:00:00+09:00,0.03256962688169207
2023-07-29 18:00:00+09:00,0.0038091727230182607
2023-07-29 19:00:00+09:00,0.0
2023-07-29 20:00:00+09:00,0.0
2023-07-29 21:00:00+09:00,0.0
2023-07-29 22:00:00+09:00,0.0
2023-07-29 23:00:00+09:00,0.0
2023-07-30 00:00:00+09:00,0.0
2023-07-30 01:00:00+09:00,0.0
2023-07-30 02:00:00+09:00,0.0
2023-07-30 03:00:00+09:00,0.0
2023-07-30 04:00:00+09:00,0.0
2023-07-30 05:00:00+09:00,0.012909274548996022
2023-07-30 06:00:00+09:00,0.045804572961706265
2023-07-30 07:00:00+09:00,0.11428882513938855
2023-07-30 08:00:00+09:00,0.23896231200315307
2023-07-30 09:00:00+09:00,0.3356796066666578
2023-07-30 10:00:00+09:00,0.4279260794433283
2023-07-30 11:00:00+09:00,0.42686887003050794
2023-07-30 12:00:00+09:00,0.5188101119912396
2023-07-30 13:00:00+09:00,0.4918963667129647
2023-07-30 14:00:00+09:00,0.39430583883995185
2023-07-30 15:00:00+09:00,0.3109505392596127
2023-07-30 16:00:00+09:00,0.15141173406291625
2023-07-30 17:00:00+09:00,0.06570416113681786
2023-07-30 18:00:00+09:00,0.0070463903426888855
2023-07-30 19:00:00+09:00,0.0
2023-07-30 20:00:00+09:00,0.0
2023-07-30 21:00:00+09:00,0.0
2023-07-30 22:00:00+09:00,0.0
2023-07-30 23:00:00+09:00,0.0
2023-07-31 00:00:00+09:00,0.0
2023-07-31 01:00:00+09:00,0.0
2023-07-31 02:00:00+09:00,0.0
2023-07-31 03:00:00+09:00,0.0
2023-07-31 04:00:00+09:00,0.0
2023-07-31 05:00:00+09:00,0.01799565119593694
2023-07-31 06:00:00+09:00,0.0608958616717163
2023-07-31 07:00:00+09:00,0.15962857599390512
2023-07-31 08:00:00+09:00,0.17575948351372248
2023-07-31 09:00:00+09:00,0.22866603134069227
2023-07-31 10:00:00+09:00,0.3577583552697079
2023-07-31 11:00:00+09:00,0.4427135973956986
2023-07-31 12:00:00+09:00,0.4341700859161705
2023-07-31 13:00:00+09:00,0.35697049695958516
2023-07-31 14:00:00+09:00,0.2613180631650294
2023-07-31 15:00:00+09:00,0.2633907729682047
2023-07-31 16:00:00+09:00,0.16965686022136636
2023-07-31 17:00:00+09:00,0.059791353148398
2023-07-31 18:00:00+09:00,0.00958902009940115
2023-07-31 19:00:00+09:00,0.0
2023-07-31 20:00:00+09:00,0.0
2023-07-31 21:00:00+09:00,0.0
2023-07-31 22:00:00+09:00,0.0
2023-07-31 23:00:00+09:00,0.0
2023-08-01 00:00:00+09:00,0.0
2023-08-01 01:00:00+09:00,0.0
2023-08-01 02:00:00+09:00,0.0
2023-08-01 03:00:00+09:00,0.0
2023-08-01 04:00:00+09:00,0.0
2023-08-01 05:00:00+09:00,0.004060140213658831
2023-08-01 06:00:00+09:00,0.012467337245471324
2023-08-01 07:00:00+09:00,0.0340571454703525
2023-08-01 08:00:00+09:00,0.10226623045028832
2023-08-01 09:00:00+09:00,0.5633482317956686
2023-08-01 10:00:00+09:00,0.5720145044167834
2023-08-01 11:00:00+09:00,0.5209860212065542
2023-08-01 12:00:00+09:00,0.5177140383664328
2023-08-01 13:00:00+09:00,0.30635450628307626
2023-08-01 14:00:00+09:00,0.2069240805352516
2023-08-01 15:00:00+09:00,0.13885696445719453
2023-08-01 16:00:00+09:00,0.09283289248746648
2023-08-01 17:00:00+09:00,0.048006589270236474
2023-08-01 18:00:00+09:00,0.008244382639390148
2023-08-01 19:00:00+09:00,0.0
2023-08-01 20:00:00+09:00,0.0
2023-08-01 21:00:00+09:00,0.0
2023-08-01 22:00:00+09:00,0.0
2023-08-01 23:00:00+09:00,0.0
2023-08-02 00:00:00+09:00,0.0
2023-08-02 01:00:00+09:00,0.0
2023-08-02 02:00:00+09:00,0.0
2023-08-02 03:00:00+09:00,0.0
2023-08-02 04:00:00+09:00,0.0
2023-08-02 05:00:00+09:00,0.04119137953249115
2023-08-02 06:00:00+09:00,0.11678899771197188
2023-08-02 07:00:00+09:00,0.29105692018419493
2023-08-02 08:00:00+09:00,0.4872401526180894
2023-08-02 09:00:00+09:00,0.6319441824034083
2023-08-02 10:00:00+09:00,0.728851260708305
2023-08-02 11:00:00+09:00,0.7869413571539077
2023-08-02 12:00:00+09:00,0.7270343035954168
2023-08-02 13:00:00+09:00,0.6631809531217329
2023-08-02 14:00:00+09:00,0.4150884003467334
2023-08-02 15:00:00+09:00,0.3712235303981637
2023-08-02 16:00:00+09:00,0.1549988122699973
2023-08-02 17:00:00+09:00,0.0743604062488607
2023-08-02 18:00:00+09:00,0.007483512950528664
2023-08-02 19:00:00+09:00,0.0
2023-08-02 20:00:00+09:00,0.0
2023-08-02 21:00:00+09:00,0.0
2023-08-02 22:00:00+09:00,0.0
2023-08-02 23:00:00+09:00,0.0
2023-08-03 00:00:00+09:00,0.0
2023-08-03 01:00:00+09:00,0.0
2023-08-03 02:00:00+09:00,0.0
2023-08-03 03:00:00+09:00,0.0
2023-08-03 04:00:00+09:00,0.0
2023-08-03 05:00:00+09:00,0.033473405123733986
2023-08-03 06:00:00+09:00,0.11519567812114845
2023-08-03 07:00:00+09:00,0.2958226183238712
2023-08-03 08:00:00+09:00,0.4854721034548554
2023-08-03 09:00:00+09:00,0.6374088512169157
2023-08-03 10:00:00+09:00,0.6714064766887321
2023-08-03 11:00:00+09:00,0.7126995979662821
2023-08-03 12:00:00+09:00,0.7228053179076762
2023-08-03 13:00:00+09:00,0.628072832876674
2023-08-03 14:00:00+09:00,0.5401644047801474
2023-08-03 15:00:00+09:00,0.36939662129571815
2023-08-03 16:00:00+09:00,0.24803558522780134
2023-08-03 17:00:00+09:00,0.08598674773477893
2023-08-03 18:00:00+09:00,0.008004610879602119
2023-08-03 19:00:00+09:00,0.0
2023-08-03 20:00:00+09:00,0.0
2023-08-03 21:00:00+09:00,0.0
2023-08-03 22:00:00+09:00,0.0
2023-08-03 23:00:00+09:00,0.0
2023-08-04 00:00:00+09:00,0.0
2023-08-04 01:00:00+09:00,0.0
2023-08-04 02:00:00+09:00,0.0
2023-08-04 03:00:00+09:00,0.0
2023-08-04 04:00:00+09:00,0.0
2023-08-04 05:00:00+09:00,0.026701022772297047
2023-08-04 06:00:00+09:00,0.08823090519292459
2023-08-04 07:00:00+09:00,0.16627300187682434
2023-08-04 08:00:00+09:00,0.3348874306707863
2023-08-04 09:00:00+09:00,0.576854467110524
2023-08-04 10:00:00+09:00,0.7057162614423454
2023-08-04 11:00:00+09:00,0.7021075056566668
2023-08-04 12:00:00+09:00,0.6939999832324735
2023-08-04 13:00:00+09:00,0.3755583932212559
2023-08-04 14:00:00+09:00,0.3483768731335214
2023-08-04 15:00:00+09:00,0.1325234411717576
2023-08-04 16:00:00+09:00,0.08280988445530243
2023-08-04 17:00:00+09:00,0.044844501872706506
2023-08-04 18:00:00+09:00,0.007121390581785492
2023-08-04 19:00:00+09:00,0.0
2023-08-04 20:00:00+09:00,0.0
2023-08-04 21:00:00+09:00,0.0
2023-08-04 22:00:00+09:00,0.0
2023-08-04 23:00:00+09:00,0.0
2023-08-05 00:00:00+09:00,0.0
2023-08-05 01:00:00+09:00,0.0
2023-08-05 02:00:00+09:00,0.0
2023-08-05 03:00:00+09:00,0.0
2023-08-05 04:00:00+09:00,0.0
2023-08-05 05:00:00+09:00,0.034534534424915546
2023-08-05 06:00:00+09:00,0.10879697411228258
2023-08-05 07:00:00+09:00,0.2851448594849723
2023-08-05 08:00:00+09:00,0.5049990173726111
2023-08-05 09:00:00+09:00,0.618122769972499
2023-08-05 10:00:00+09:00,0.7375358150438055
2023-08-05 11:00:00+09:00,0.7454347311802137
2023-08-05 12:00:00+09:00,0.611215093655446
2023-08-05 13:00:00+09:00,0.6227281861430537
2023-08-05 14:00:00+09:00,0.5405728373525004
2023-08-05 15:00:00+09:00,0.36128182649482327
2023-08-05 16:00:00+09:00,0.18411504811287102
2023-08-05 17:00:00+09:00,0.07325182413380689
2023-08-05 18:00:00+09:00,0.006352511732573705
2023-08-05 19:00:00+09:00,0.0
2023-08-05 20:00:00+09:00,0.0
2023-08-05 21:00:00+09:00,0.0
2023-08-05 22:00:00+09:00,0.0
2023-08-05 23:00:00+09:00,0.0
2023-08-06 00:00:00+09:00,0.0
2023-08-06 01:00:00+09:00,0.0
2023-08-06 02:00:00+09:00,0.0
2023-08-06 03:00:00+09:00,0.0
2023-08-06 04:00:00+09:00,0.0
2023-08-06 05:00:00+09:00,0.032417652737201666
2023-08-06 06:00:00+09:00,0.11585842536165263
2023-08-06 07:00:00+09:00,0.3111429895980275
2023-08-06 08:00:00+09:00,0.5037279313389639
2023-08-06 09:00:00+09:00,0.6528827253170199
2023-08-06 10:00:00+09:00,0.7207109318292289
2023-08-06 11:00:00+09:00,0.6842445941579061
2023-08-06 12:00:00+09:00,0.709561571077739
2023-08-06 13:00:00+09:00,0.5492373825122375
2023-08-06 14:00:00+09:00,0.4820639124861332
2023-08-06 15:00:00+09:00,0.2801699696671983
2023-08-06 16:00:00+09:00,0.16753467626890747
2023-08-06 17:00:00+09:00,0.07206074019410462
2023-08-06 18:00:00+09:00,0.007662805434524876
2023-08-06 19:00:00+09:00,0.0
2023-08-06 20:00:00+09:00,0.0
2023-08-06 21:00:00+09:00,0.0
2023-08-06 22:00:00+09:00,0.0
2023-08-06 23:00:00+09:00,0.0
2023-08-07 00:00:00+09:00,0.0
2023-08-07 01:00:00+09:00,0.0
2023-08-07 02:00:00+09:00,0.0
2023-08-07 03:00:00+09:00,0.0
2023-08-07 04:00:00+09:00,0.0
2023-08-07 05:00:00+09:00,0.024744412841822085
2023-08-07 06:00:00+09:00,0.1036376918318804
2023-08-07 07:00:00+09:00,0.27436870226934895
2023-08-07 08:00:00+09:00,0.46112817379016857
2023-08-07 09:00:00+09:00,0.6249561641645037
2023-08-07 10:00:00+09:00,0.7005976299290914
2023-08-07 11:00:00+09:00,0.5642055189432525
2023-08-07 12:00:00+09:00,0.5368763482367709
2023-08-07 13:00:00+09:00,0.6214401395562753
2023-08-07 14:00:00+09:00,0.49001327864560246
2023-08-07 15:00:00+09:00,0.34284647319880057
2023-08-07 16:00:00+09:00,0.19653846863561383
2023-08-07 17:00:00+09:00,0.04709467332512872
2023-08-07 18:00:00+09:00,0.0058588936678244065
2023-08-07 19:00:00+09:00,0.0
2023-08-07 20:00:00+09:00,0.0
2023-08-07 21:00:00+09:00,0.0
2023-08-07 22:00:00+09:00,0.0
2023-08-07 23:00:00+09:00,0.0
2023-08-08 00:00:00+09:00,0.0
2023-08-08 01:00:00+09:00,0.0
2023-08-08 02:00:00+09:00,0.0
2023-08-08 03:00:00+09:00,0.0
2023-08-08 04:00:00+09:00,0.0
2023-08-08 05:00:00+09:00,0.021399480744912106
2023-08-08 06:00:00+09:00,0.09301376053293997
2023-08-08 07:00:00+09:00,0.2822640937633487
2023-08-08 08:00:00+09:00,0.4008597647348799
2023-08-08 09:00:00+09:00,0.5000830033764627
2023-08-08 10:00:00+09:00,0.4989999903224625
2023-08-08 11:00:00+09:00,0.49347944707911795
2023-08-08 12:00:00+09:00,0.36548504296577655
2023-08-08 13:00:00+09:00,0.16503470282762728
2023-08-08 14:00:00+09:00,0.09326555666920067
2023-08-08 15:00:00+09:00,0.18212043654636836
2023-08-08 16:00:00+09:00,0.07735908193648418
2023-08-08 17:00:00+09:00,0.043094829506443055
2023-08-08 18:00:00+09:00,0.0033522164491133653
2023-08-08 19:00:00+09:00,0.0
2023-08-08 20:00:00+09:00,0.0
2023-08-08 21:00:00+09:00,0.0
2023-08-08 22:00:00+09:00,0.0
2023-08-08 23:00:00+09:00,0.0
2023-08-09 00:00:00+09:00,0.0
2023-08-09 01:00:00+09:00,0.0
2023-08-09 02:00:00+09:00,0.0
2023-08-09 03:00:00+09:00,0.0
2023-08-09 04:00:00+09:00,0.0
2023-08-09 05:00:00+09:00,0.023495478406385873
2023-08-09 06:00:00+09:00,0.0814188685782857
2023-08-09 07:00:00+09:00,0.14917153157996024
2023-08-09 08:00:00+09:00,0.2036925659081379
2023-08-09 09:00:00+09:00,0.18321286412953336
2023-08-09 10:00:00+09:00,0.20986602887711905
2023-08-09 11:00:00+09:00,0.2642033557595412
2023-08-09 12:00:00+09:00,0.2822507832076402
2023-08-09 13:00:00+09:00,0.2243600019895625
2023-08-09 14:00:00+09:00,0.16567596557627817
2023-08-09 15:00:00+09:00,0.0858539696660492
2023-08-09 16:00:00+09:00,0.045563552164758936
2023-08-09 17:00:00+09:00,0.015942064767309944
2023-08-09 18:00:00+09:00,0.002199802750750569
2023-08-09 19:00:00+09:00,0.0
2023-08-09 20:00:00+09:00,0.0
2023-08-09 21:00:00+09:00,0.0
2023-08-09 22:00:00+09:00,0.0
2023-08-09 23:00:00+09:00,0.0
2023-08-10 00:00:00+09:00,0.0
2023-08-10 01:00:00+09:00,0.0
2023-08-10 02:00:00+09:00,0.0
2023-08-10 03:00:00+09:00,0.0
2023-08-10 04:00:00+09:00,0.0
2023-08-10 05:00:00+09:00,0.004973246773673882
2023-08-10 06:00:00+09:00,0.01930827792224136
2023-08-10 07:00:00+09:00,0.039085697475470894
2023-08-10 08:00:00+09:00,0.06291163266394668
2023-08-10 09:00:00+09:00,0.06836470655068083
2023-08-10 10:00:00+09:00,0.09462255810454598
2023-08-10 11:00:00+09:00,0.30997978750370336
2023-08-10 12:00:00+09:00,0.23627076737925742
2023-08-10 13:00:00+09:00,0.2639045266336132
2023-08-10 14:00:00+09:00,0.19258201777592832
2023-08-10 15:00:00+09:00,0.11759834812750608
2023-08-10 16:00:00+09:00,0.054510953706450545
2023-08-10 17:00:00+09:00,0.014312342498915736
2023-08-10 18:00:00+09:00,0.0017647874054093906
2023-08-10 19:00:00+09:00,0.0
2023-08-10 20:00:00+09:00,0.0
2023-08-10 21:00:00+09:00,0.0
2023-08-10 22:00:00+09:00,0.0
2023-08-10 23:00:00+09:00,0.0
2023-08-11 00:00:00+09:00,0.0
2023-08-11 01:00:00+09:00,0.0
2023-08-11 02:00:00+09:00,0.0
2023-08-11 03:00:00+09:00,0.0
2023-08-11 04:00:00+09:00,0.0
2023-08-11 05:00:00+09:00,0.017018898846529254
2023-08-11 06:00:00+09:00,0.07897223369952673
2023-08-11 07:00:00+09:00,0.23381378115720539
2023-08-11 08:00:00+09:00,0.36272761884703075
2023-08-11 09:00:00+09:00,0.5174056227729136
2023-08-11 10:00:00+09:00,0.6813198346597151
2023-08-11 11:00:00+09:00,0.7794926265839079
2023-08-11 12:00:00+09:00,0.7010202337476195
2023-08-11 13:00:00+09:00,0.4619243216719192
2023-08-11 14:00:00+09:00,0.36171055522761797
2023-08-11 15:00:00+09:00,0.13028345621381837
2023-08-11 16:00:00+09:00,0.06809827568957373
2023-08-11 17:00:00+09:00,0.025886119736305543
2023-08-11 18:00:00+09:00,0.0034631323606989974
2023-08-11 19:00:00+09:00,0.0
2023-08-11 20:00:00+09:00,0.0
2023-08-11 21:00:00+09:00,0.0
2023-08-11 22:00:00+09:00,0.0
2023-08-11 23:00:00+09:00,0.0
2023-08-12 00:00:00+09:00,0.0
2023-08-12 01:00:00+09:00,0.0
2023-08-12 02:00:00+09:00,0.0
2023-08-12 03:00:00+09:00,0.0
2023-08-12 04:00:00+09:00,0.0
2023-08-12 05:00:00+09:00,0.016080160821272605
2023-08-12 06:00:00+09:00,0.10016775002696378
2023-08-12 07:00:00+09:00,0.22262282976800113
2023-08-12 08:00:00+09:00,0.29746259144780873
2023-08-12 09:00:00+09:00,0.2629742741202529
2023-08-12 10:00:00+09:00,0.24840592238031467
2023-08-12 11:00:00+09:00,0.2622196323467095
2023-08-12 12:00:00+09:00,0.13839666030618258
2023-08-12 13:00:00+09:00,0.09541319669473888
2023-08-12 14:00:00+09:00,0.06767922607292531
2023-08-12 15:00:00+09:00,0.059133172866498
2023-08-12 16:00:00+09:00,0.04902734227518979
2023-08-12 17:00:00+09:00,0.021676756590915024
2023-08-12 18:00:00+09:00,0.0015622524315408145
2023-08-12 19:00:00+09:00,0.0
2023-08-12 20:00:00+09:00,0.0
2023-08-12 21:00:00+09:00,0.0
2023-08-12 22:00:00+09:00,0.0
2023-08-12 23:00:00+09:00,0.0
2023-08-13 00:00:00+09:00,0.0
2023-08-13 01:00:00+09:00,0.0
2023-08-13 02:00:00+09:00,0.0
2023-08-13 03:00:00+09:00,0.0
2023-08-13 04:00:00+09:00,0.0
2023-08-13 05:00:00+09:00,0.020959239883975026
2023-08-13 06:00:00+09:00,0.12349485781831804
2023-08-13 07:00:00+09:00,0.330538520615024
2023-08-13 08:00:00+09:00,0.5523709786111594
2023-08-13 09:00:00+09:00,0.703302143172372
2023-08-13 10:00:00+09:00,0.8028871681498835
2023-08-13 11:00:00+09:00,0.8405181018945447
2023-08-13 12:00:00+09:00,0.7956589673248392
2023-08-13 13:00:00+09:00,0.6771495153663118
2023-08-13 14:00:00+09:00,0.515815709889401
2023-08-13 15:00:00+09:00,0.3250078406751954
2023-08-13 16:00:00+09:00,0.1597222090953373
2023-08-13 17:00:00+09:00,0.03834901132704853
2023-08-13 18:00:00+09:00,0.0036777454728075852
2023-08-13 19:00:00+09:00,0.0
2023-08-13 20:00:00+09:00,0.0
2023-08-13 21:00:00+09:00,0.0
2023-08-13 22:00:00+09:00,0.0
2023-08-13 23:00:00+09:00,0.0
2023-08-14 00:00:00+09:00,0.0
2023-08-14 01:00:00+09:00,0.0
2023-08-14 02:00:00+09:00,0.0
2023-08-14 03:00:00+09:00,0.0
2023-08-14 04:00:00+09:00,0.0
2023-08-14 05:00:00+09:00,0.02076601740302786
2023-08-14 06:00:00+09:00,0.0479745761746127
2023-08-14 07:00:00+09:00,0.13439365205481438
2023-08-14 08:00:00+09:00,0.2641048208959289
2023-08-14 09:00:00+09:00,0.5789461985997154
2023-08-14 10:00:00+09:00,0.7421173392554696
2023-08-14 11:00:00+09:00,0.6908226979456096
2023-08-14 12:00:00+09:00,0.6670184665057024
2023-08-14 13:00:00+09:00,0.6757092832998883
2023-08-14 14:00:00+09:00,0.500919308659749
2023-08-14 15:00:00+09:00,0.43503752146203206
2023-08-14 16:00:00+09:00,0.25030621934187997
2023-08-14 17:00:00+09:00,0.07480801896961621
2023-08-14 18:00:00+09:00,0.004157887704916194
2023-08-14 19:00:00+09:00,0.0
2023-08-14 20:00:00+09:00,0.0
2023-08-14 21:00:00+09:00,0.0
2023-08-14 22:00:00+09:00,0.0
2023-08-14 23:00:00+09:00,0.0
2023-08-15 00:00:00+09:00,0.0
2023-08-15 01:00:00+09:00,0.0
2023-08-15 02:00:00+09:00,0.0
2023-08-15 03:00:00+09:00,0.0
2023-08-15 04:00:00+09:00,0.0
2023-08-15 05:00:00+09:00,0.017763520463618333
2023-08-15 06:00:00+09:00,0.08615729202119794
2023-08-15 07:00:00+09:00,0.1481967838689938
2023-08-15 08:00:00+09:00,0.20883857560764416
2023-08-15 09:00:00+09:00,0.27330176714267923
2023-08-15 10:00:00+09:00,0.2852168917274098
2023-08-15 11:00:00+09:00,0.2616488738839378
2023-08-15 12:00:00+09:00,0.4244797352092945
2023-08-15 13:00:00+09:00,0.4561656219496206
2023-08-15 14:00:00+09:00,0.35311713000343825
2023-08-15 15:00:00+09:00,0.22943528845866876
2023-08-15 16:00:00+09:00,0.15801670531850814
2023-08-15 17:00:00+09:00,0.0663332443915607
2023-08-15 18:00:00+09:00,0.004252531915998113
2023-08-15 19:00:00+09:00,0.0
2023-08-15 20:00:00+09:00,0.0
2023-08-15 21:00:00+09:00,0.0
2023-08-15 22:00:00+09:00,0.0
2023-08-15 23:00:00+09:00,0.0
2023-08-16 00:00:00+09:00,0.0
2023-08-16 01:00:00+09:00,0.0
2023-08-16 02:00:00+09:00,0.0
2023-08-16 03:00:00+09:00,0.0
2023-08-16 04:00:00+09:00,0.0
2023-08-16 05:00:00+09:00,0.009237629657797009
2023-08-16 06:00:00+09:00,0.0473433658496007
2023-08-16 07:00:00+09:00,0.07955540866843311
2023-08-16 08:00:00+09:00,0.12041630525601787
2023-08-16 09:00:00+09:00,0.10220968177247586
2023-08-16 10:00:00+09:00,0.11041751695298616
2023-08-16 11:00:00+09:00,0.10298832374571855
2023-08-16 12:00:00+09:00,0.13379316833468388
2023-08-16 13:00:00+09:00,0.07781289211368839
2023-08-16 14:00:00+09:00,0.06518321377539671
2023-08-16 15:00:00+09:00,0.016646799681454678
2023-08-16 16:00:00+09:00,0.0770137897286826
2023-08-16 17:00:00+09:00,0.034014535032593315
2023-08-16 18:00:00+09:00,0.0022532452210667396
2023-08-16 19:00:00+09:00,0.0
2023-08-16 20:00:00+09:00,0.0
2023-08-16 21:00:00+09:00,0.0
2023-08-16 22:00:00+09:00,0.0
2023-08-16 23:00:00+09:00,0.0
2023-08-17 00:00:00+09:00,0.0
2023-08-17 01:00:00+09:00,0.0
2023-08-17 02:00:00+09:00,0.0
2023-08-17 03:00:00+09:00,0.0
2023-08-17 04:00:00+09:00,0.0
2023-08-17 05:00:00+09:00,0.016693662150754063
2023-08-17 06:00:00+09:00,0.06016687643272524
2023-08-17 07:00:00+09:00,0.09083114611240536
2023-08-17 08:00:00+09:00,0.1383620828967448
2023-08-17 09:00:00+09:00,0.138735084374452
2023-08-17 10:00:00+09:00,0.13293588823643604
2023-08-17 11:00:00+09:00,0.15600993635312974
2023-08-17 12:00:00+09:00,0.11649300650682255
2023-08-17 13:00:00+09:00,0.13332552602618075
2023-08-17 14:00:00+09:00,0.1068129736995889
2023-08-17 15:00:00+09:00,0.10070014393782452
2023-08-17 16:00:00+09:00,0.04518584701792232
2023-08-17 17:00:00+09:00,0.017463300210676408
2023-08-17 18:00:00+09:00,0.001639326647135664
2023-08-17 19:00:00+09:00,0.0
2023-08-17 20:00:00+09:00,0.0
2023-08-17 21:00:00+09:00,0.0
2023-08-17 22:00:00+09:00,0.0
2023-08-17 23:00:00+09:00,0.0
2023-08-18 00:00:00+09:00,0.0
2023-08-18 01:00:00+09:00,0.0
2023-08-18 02:00:00+09:00,0.0
2023-08-18 03:00:00+09:00,0.0
2023-08-18 04:00:00+09:00,0.0
2023-08-18 05:00:00+09:00,0.014985165586058032
2023-08-18 06:00:00+09:00,0.07482338306201061
2023-08-18 07:00:00+09:00,0.1746593723021512
2023-08-18 08:00:00+09:00,0.26183967603303054
2023-08-18 09:00:00+09:00,0.3556314228742443
2023-08-18 10:00:00+09:00,0.43220820631412954
2023-08-18 11:00:00+09:00,0.4625586607960019
2023-08-18 12:00:00+09:00,0.6808694799805256
2023-08-18 13:00:00+09:00,0.5986129313216594
2023-08-18 14:00:00+09:00,0.5662475278661084
2023-08-18 15:00:00+09:00,0.3687925422989623
2023-08-18 16:00:00+09:00,0.1585314986284499
2023-08-18 17:00:00+09:00,0.03435165133780297
2023-08-18 18:00:00+09:00,0.001747419890881148
2023-08-18 19:00:00+09:00,0.0
2023-08-18 20:00:00+09:00,0.0
2023-08-18 21:00:00+09:00,0.0
2023-08-18 22:00:00+09:00,0.0
2023-08-18 23:00:00+09:00,0.0
2023-08-19 00:00:00+09:00,0.0
2023-08-19 01:00:00+09:00,0.0
2023-08-19 02:00:00+09:00,0.0
2023-08-19 03:00:00+09:00,0.0
2023-08-19 04:00:00+09:00,0.0
2023-08-19 05:00:00+09:00,0.01722734645247101
2023-08-19 06:00:00+09:00,0.10047695976951468
2023-08-19 07:00:00+09:00,0.2573811358065177
2023-08-19 08:00:00+09:00,0.36356948857964566
2023-08-19 09:00:00+09:00,0.41840405080132115
2023-08-19 10:00:00+09:00,0.5217527546351033
2023-08-19 11:00:00+09:00,0.7391248288444924
2023-08-19 12:00:00+09:00,0.6372168103796576
2023-08-19 13:00:00+09:00,0.5103486332029531
2023-08-19 14:00:00+09:00,0.4130960216756468
2023-08-19 15:00:00+09:00,0.366751207063641
2023-08-19 16:00:00+09:00,0.17678604059216296
2023-08-19 17:00:00+09:00,0.04718098057125679
2023-08-19 18:00:00+09:00,0.002118605884098387
2023-08-19 19:00:00+09:00,0.0
2023-08-19 20:00:00+09:00,0.0
2023-08-19 21:00:00+09:00,0.0
2023-08-19 22:00:00+09:00,0.0
2023-08-19 23:00:00+09:00,0.0
2023-08-20 00:00:00+09:00,0.0
2023-08-20 01:00:00+09:00,0.0
2023-08-20 02:00:00+09:00,0.0
2023-08-20 03:00:00+09:00,0.0
2023-08-20 04:00:00+09:00,0.0
2023-08-20 05:00:00+09:00,0.016967469196083048
2023-08-20 06:00:00+09:00,0.11287847056559916
2023-08-20 07:00:00+09:00,0.2981613253766607
2023-08-20 08:00:00+09:00,0.4271490464376991
2023-08-20 09:00:00+09:00,0.5012593694509723
2023-08-20 10:00:00+09:00,0.7520008761682787
2023-08-20 11:00:00+09:00,0.7417296627942569
2023-08-20 12:00:00+09:00,0.7060651423189775
2023-08-20 13:00:00+09:00,0.6083091941031857
2023-08-20 14:00:00+09:00,0.49480622128152424
2023-08-20 15:00:00+09:00,0.41660667345083013
2023-08-20 16:00:00+09:00,0.19006583028355217
2023-08-20 17:00:00+09:00,0.061050337086050205
2023-08-20 18:00:00+09:00,0.002325522227032253
2023-08-20 19:00:00+09:00,0.0
2023-08-20 20:00:00+09:00,0.0
2023-08-20 21:00:00+09:00,0.0
2023-08-20 22:00:00+09:00,0.0
2023-08-20 23:00:00+09:00,0.0
2023-08-21 00:00:00+09:00,0.0
2023-08-21 01:00:00+09:00,0.0
2023-08-21 02:00:00+09:00,0.0
2023-08-21 03:00:00+09:00,0.0
2023-08-21 04:00:00+09:00,0.0
2023-08-21 05:00:00+09:00,
2023-08-21 06:00:00+09:00,0.11127257204521704
2023-08-21 07:00:00+09:00,0.2896563462631951
2023-08-21 08:00:00+09:00,0.3853803148971494
2023-08-21 09:00:00+09:00,0.4652305681707115
2023-08-21 10:00:00+09:00,0.6996436051441655
2023-08-21 11:00:00+09:00,0.7750698090982859
2023-08-21 12:00:00+09:00,0.7445043424108327
2023-08-21 13:00:00+09:00,0.32122419103861016
2023-08-21 14:00:00+09:00,0.14736137349644154
2023-08-21 15:00:00+09:00,0.3640541225577144
2023-08-21 16:00:00+09:00,0.13645597154205835
2023-08-21 17:00:00+09:00,0.04115804269421648
2023-08-21 18:00:00+09:00,0.0018712929218067194
2023-08-21 19:00:00+09:00,0.0
2023-08-21 20:00:00+09:00,0.0
2023-08-21 21:00:00+09:00,0.0
2023-08-21 22:00:00+09:00,0.0
2023-08-21 23:00:00+09:00,0.0
2023-08-22 00:00:00+09:00,0.0
2023-08-22 01:00:00+09:00,0.0
2023-08-22 02:00:00+09:00,0.0
2023-08-22 03:00:00+09:00,0.0
2023-08-22 04:00:00+09:00,0.0
2023-08-22 05:00:00+09:00,
2023-08-22 06:00:00+09:00,0.10268387630073049
2023-08-22 07:00:00+09:00,0.2754445721230995
2023-08-22 08:00:00+09:00,0.38768517039318984
2023-08-22 09:00:00+09:00,0.6139952551267186
2023-08-22 10:00:00+09:00,0.7269033291156561
2023-08-22 11:00:00+09:00,0.7216065466819098
2023-08-22 12:00:00+09:00,0.6717747161197873
2023-08-22 13:00:00+09:00,0.6231042955339616
2023-08-22 14:00:00+09:00,0.4652660482885119
2023-08-22 15:00:00+09:00,0.22218656797017772
2023-08-22 16:00:00+09:00,0.15117541722395242
2023-08-22 17:00:00+09:00,0.04705075069098169
2023-08-22 18:00:00+09:00,0.0016603523285998708
2023-08-22 19:00:00+09:00,0.0
2023-08-22 20:00:00+09:00,0.0
2023-08-22 21:00:00+09:00,0.0
2023-08-22 22:00:00+09:00,0.0
2023-08-22 23:00:00+09:00,0.0
2023-08-23 00:00:00+09:00,0.0
2023-08-23 01:00:00+09:00,0.0
2023-08-23 02:00:00+09:00,0.0
2023-08-23 03:00:00+09:00,0.0
2023-08-23 04:00:00+09:00,0.0
2023-08-23 05:00:00+09:00,
2023-08-23 06:00:00+09:00,0.08703156037009843
2023-08-23 07:00:00+09:00,0.21222349971493476
2023-08-23 08:00:00+09:00,0.2833446724319109
2023-08-23 09:00:00+09:00,0.5182921544894045
2023-08-23 10:00:00+09:00,0.6494892851921843
2023-08-23 11:00:00+09:00,0.6305377228426565
2023-08-23 12:00:00+09:00,0.5662427386719943
2023-08-23 13:00:00+09:00,0.3939104165893401
2023-08-23 14:00:00+09:00,0.2943008429897864
2023-08-23 15:00:00+09:00,0.14864785200328415
2023-08-23 16:00:00+09:00,0.12221020767756366
2023-08-23 17:00:00+09:00,0.034721136162856034
2023-08-23 18:00:00+09:00,0.0004168422565099651
2023-08-23 19:00:00+09:00,0.0
2023-08-23 20:00:00+09:00,0.0
2023-08-23 21:00:00+09:00,0.0
2023-08-23 22:00:00+09:00,0.0
2023-08-23 23:00:00+09:00,0.0
2023-08-24 00:00:00+09:00,0.0
2023-08-24 01:00:00+09:00,0.0
2023-08-24 02:00:00+09:00,0.0
2023-08-24 03:00:00+09:00,0.0
2023-08-24 04:00:00+09:00,0.0
2023-08-24 05:00:00+09:00,0.0
2023-08-24 06:00:00+09:00,0.11882994365918056
2023-08-24 07:00:00+09:00,0.27361785433147207
2023-08-24 08:00:00+09:00,0.40821667096169706
2023-08-24 09:00:00+09:00,0.6014120664376263
2023-08-24 10:00:00+09:00,0.7366013939960884
2023-08-24 11:00:00+09:00,0.7767864686684808
2023-08-24 12:00:00+09:00,0.7109860674094611
2023-08-24 13:00:00+09:00,0.5881294343537841
2023-08-24 14:00:00+09:00,0.3191458891451829
2023-08-24 15:00:00+09:00,0.2917550900359585
2023-08-24 16:00:00+09:00,0.08293560060794254
2023-08-24 17:00:00+09:00,0.012057946959115941
2023-08-24 18:00:00+09:00,0.00025016468128767296
2023-08-24 19:00:00+09:00,0.0
2023-08-24 20:00:00+09:00,0.0
2023-08-24 21:00:00+09:00,0.0
2023-08-24 22:00:00+09:00,0.0
2023-08-24 23:00:00+09:00,0.0
2023-08-25 00:00:00+09:00,0.0
2023-08-25 01:00:00+09:00,0.0
2023-08-25 02:00:00+09:00,0.0
2023-08-25 03:00:00+09:00,0.0
2023-08-25 04:00:00+09:00,0.0
2023-08-25 05:00:00+09:00,0.0
2023-08-25 06:00:00+09:00,0.09426812158933684
2023-08-25 07:00:00+09:00,0.19106334983394954
2023-08-25 08:00:00+09:00,0.2752963740491233
2023-08-25 09:00:00+09:00,0.312997653314963
2023-08-25 10:00:00+09:00,0.3298638567077555
2023-08-25 11:00:00+09:00,0.30819227337124383
2023-08-25 12:00:00+09:00,0.14940491061985056
2023-08-25 13:00:00+09:00,0.0498816059025521
2023-08-25 14:00:00+09:00,0.22995173102130936
2023-08-25 15:00:00+09:00,0.061181337913678226
2023-08-25 16:00:00+09:00,0.06598722329936775
2023-08-25 17:00:00+09:00,0.022744902725423986
2023-08-25 18:00:00+09:00,0.0007915557863303612
2023-08-25 19:00:00+09:00,0.0
2023-08-25 20:00:00+09:00,0.0
2023-08-25 21:00:00+09:00,0.0
2023-08-25 22:00:00+09:00,0.0
2023-08-25 23:00:00+09:00,0.0
2023-08-26 00:00:00+09:00,0.0
2023-08-26 01:00:00+09:00,0.0
2023-08-26 02:00:00+09:00,0.0
2023-08-26 03:00:00+09:00,0.0
2023-08-26 04:00:00+09:00,0.0
2023-08-26 05:00:00+09:00,0.0
2023-08-26 06:00:00+09:00,0.010369725684331232
2023-08-26 07:00:00+09:00,0.028037108546183766
2023-08-26 08:00:00+09:00,0.04320852161555235
2023-08-26 09:00:00+09:00,0.055170337638455934
2023-08-26 10:00:00+09:00,0.06811215633734884
2023-08-26 11:00:00+09:00,0.09761740478898862
2023-08-26 12:00:00+09:00,0.09663654209274808
2023-08-26 13:00:00+09:00,0.05086198666592872
2023-08-26 14:00:00+09:00,0.05413199178190772
2023-08-26 15:00:00+09:00,0.03833521979675069
2023-08-26 16:00:00+09:00,0.016392533145950707
2023-08-26 17:00:00+09:00,0.005864892701378178
2023-08-26 18:00:00+09:00,8.479064596714019e-05
2023-08-26 19:00:00+09:00,0.0
2023-08-26 20:00:00+09:00,0.0
2023-08-26 21:00:00+09:00,0.0
2023-08-26 22:00:00+09:00,0.0
2023-08-26 23:00:00+09:00,0.0
2023-08-27 00:00:00+09:00,0.0
2023-08-27 01:00:00+09:00,0.0
2023-08-27 02:00:00+09:00,0.0
2023-08-27 03:00:00+09:00,0.0
2023-08-27 04:00:00+09:00,0.0
2023-08-27 05:00:00+09:00,0.0
2023-08-27 06:00:00+09:00,0.04782821479381619
2023-08-27 07:00:00+09:00,0.14699773193425414
2023-08-27 08:00:00+09:00,0.2362618613800653
2023-08-27 09:00:00+09:00,0.2124313214061416
2023-08-27 10:00:00+09:00,0.2191030209918602
2023-08-27 11:00:00+09:00,0.20339307435415713
2023-08-27 12:00:00+09:00,0.21763957690732907
2023-08-27 13:00:00+09:00,0.1656884691209729
2023-08-27 14:00:00+09:00,0.10083868567603067
2023-08-27 15:00:00+09:00,0.07126834058614885
2023-08-27 16:00:00+09:00,0.04610082208380582
2023-08-27 17:00:00+09:00,0.014532657858693756
2023-08-27 18:00:00+09:00,0.0001276127006586064
2023-08-27 19:00:00+09:00,0.0
2023-08-27 20:00:00+09:00,0.0
2023-08-27 21:00:00+09:00,0.0
2023-08-27 22:00:00+09:00,0.0
2023-08-27 23:00:00+09:00,0.0
2023-08-28 00:00:00+09:00,0.0
2023-08-28 01:00:00+09:00,0.0
2023-08-28 02:00:00+09:00,0.0
2023-08-28 03:00:00+09:00,0.0
2023-08-28 04:00:00+09:00,0.0
2023-08-28 05:00:00+09:00,0.0
2023-08-28 06:00:00+09:00,0.034202516909346246
2023-08-28 07:00:00+09:00,0.10221433019839929
2023-08-28 08:00:00+09:00,0.16902344600921754
2023-08-28 09:00:00+09:00,0.23901842140506013
2023-08-28 10:00:00+09:00,0.2646655328469303
2023-08-28 11:00:00+09:00,0.22654154882647295
2023-08-28 12:00:00+09:00,0.3137461844648152
2023-08-28 13:00:00+09:00,0.3565901939467414
2023-08-28 14:00:00+09:00,0.17311638178290886
2023-08-28 15:00:00+09:00,0.13764275065978418
2023-08-28 16:00:00+09:00,0.10180386874674245
2023-08-28 17:00:00+09:00,0.0214162331152749
2023-08-28 18:00:00+09:00,0.00016948946068961074
2023-08-28 19:00:00+09:00,0.0
2023-08-28 20:00:00+09:00,0.0
2023-08-28 21:00:00+09:00,0.0
2023-08-28 22:00:00+09:00,0.0
2023-08-28 23:00:00+09:00,0.0
2023-08-29 00:00:00+09:00,0.0
2023-08-29 01:00:00+09:00,0.0
2023-08-29 02:00:00+09:00,0.0
2023-08-29 03:00:00+09:00,0.0
2023-08-29 04:00:00+09:00,0.0
2023-08-29 05:00:00+09:00,0.0
2023-08-29 06:00:00+09:00,0.09822675123246326
2023-08-29 07:00:00+09:00,0.22551303307583276
2023-08-29 08:00:00+09:00,0.39257466577306915
2023-08-29 09:00:00+09:00,0.5323417060506863
2023-08-29 10:00:00+09:00,0.5285854513891548
2023-08-29 11:00:00+09:00,0.44085240476788085
2023-08-29 12:00:00+09:00,0.5475972901713467
2023-08-29 13:00:00+09:00,0.4601754600872064
2023-08-29 14:00:00+09:00,0.4679641915463106
2023-08-29 15:00:00+09:00,0.2281421938720896
2023-08-29 16:00:00+09:00,0.11733119424876445
2023-08-29 17:00:00+09:00,0.037911559105994634
2023-08-29 18:00:00+09:00,0.00016859509919826238
2023-08-29 19:00:00+09:00,0.0
2023-08-29 20:00:00+09:00,0.0
2023-08-29 21:00:00+09:00,0.0
2023-08-29 22:00:00+09:00,0.0
2023-08-29 23:00:00+09:00,0.0
2023-08-30 00:00:00+09:00,0.0
2023-08-30 01:00:00+09:00,0.0
2023-08-30 02:00:00+09:00,0.0
2023-08-30 03:00:00+09:00,0.0
2023-08-30 04:00:00+09:00,0.0
2023-08-30 05:00:00+09:00,0.0
2023-08-30 06:00:00+09:00,0.032241968360794966
2023-08-30 07:00:00+09:00,0.09137316024550064
2023-08-30 08:00:00+09:00,0.21821090185665412
2023-08-30 09:00:00+09:00,0.25163412897613346
2023-08-30 10:00:00+09:00,0.5362102790273181
2023-08-30 11:00:00+09:00,0.6454143350200701
2023-08-30 12:00:00+09:00,0.6582946136513074
2023-08-30 13:00:00+09:00,0.61523666441515
2023-08-30 14:00:00+09:00,0.3725002122539007
2023-08-30 15:00:00+09:00,0.38296660514032804
2023-08-30 16:00:00+09:00,0.15648177863129875
2023-08-30 17:00:00+09:00,0.032418514264104165
2023-08-30 18:00:00+09:00,8.445909435889601e-05
2023-08-30 19:00:00+09:00,0.0
2023-08-30 20:00:00+09:00,0.0
2023-08-30 21:00:00+09:00,0.0
2023-08-30 22:00:00+09:00,0.0
2023-08-30 23:00:00+09:00,0.0
2023-08-31 00:00:00+09:00,0.0
2023-08-31 01:00:00+09:00,0.0
2023-08-31 02:00:00+09:00,0.0
2023-08-31 03:00:00+09:00,0.0
2023-08-31 04:00:00+09:00,0.0
2023-08-31 05:00:00+09:00,0.0
2023-08-31 06:00:00+09:00,0.08695145927865532
2023-08-31 07:00:00+09:00,0.24508872893874373
2023-08-31 08:00:00+09:00,0.37151018596199686
2023-08-31 09:00:00+09:00,0.5676478845954789
2023-08-31 10:00:00+09:00,0.5064736632836113
2023-08-31 11:00:00+09:00,0.7043257614002625
2023-08-31 12:00:00+09:00,0.6537818600739969
2023-08-31 13:00:00+09:00,0.48441872282759224
2023-08-31 14:00:00+09:00,0.39332689238029284
2023-08-31 15:00:00+09:00,0.317308210435054
2023-08-31 16:00:00+09:00,0.1413705414471233
2023-08-31 17:00:00+09:00,0.036625902079361
2023-08-31 18:00:00+09:00,4.220906653817358e-05
2023-08-31 19:00:00+09:00,0.0
2023-08-31 20:00:00+09:00,0.0
2023-08-31 21:00:00+09:00,0.0
2023-08-31 22:00:00+09:00,0.0
2023-08-31 23:00:00+09:00,0.0
2023-09-01 00:00:00+09:00,0.0
2023-09-01 01:00:00+09:00,0.0
2023-09-01 02:00:00+09:00,0.0
2023-09-01 03:00:00+09:00,0.0
2023-09-01 04:00:00+09:00,0.0
2023-09-01 05:00:00+09:00,0.0
2023-09-01 06:00:00+09:00,0.040886534641175046
2023-09-01 07:00:00+09:00,0.07920789327617529
2023-09-01 08:00:00+09:00,0.09394793085699937
2023-09-01 09:00:00+09:00,0.7030593420827869
2023-09-01 10:00:00+09:00,0.7912526588880932
2023-09-01 11:00:00+09:00,0.7753010847304713
2023-09-01 12:00:00+09:00,0.7953875415768372
2023-09-01 13:00:00+09:00,0.6738178467088511
2023-09-01 14:00:00+09:00,0.4334038569310641
2023-09-01 15:00:00+09:00,0.29351487403884946
2023-09-01 16:00:00+09:00,0.12217204384406598
2023-09-01 17:00:00+09:00,0.028529419336113842
2023-09-01 18:00:00+09:00,
2023-09-01 19:00:00+09:00,0.0
2023-09-01 20:00:00+09:00,0.0
2023-09-01 21:00:00+09:00,0.0
2023-09-01 22:00:00+09:00,0.0
2023-09-01 23:00:00+09:00,0.0
2023-09-02 00:00:00+09:00,0.0
2023-09-02 01:00:00+09:00,0.0
2023-09-02 02:00:00+09:00,0.0
2023-09-02 03:00:00+09:00,0.0
2023-09-02 04:00:00+09:00,0.0
2023-09-02 05:00:00+09:00,0.0
2023-09-02 06:00:00+09:00,0.058577630087795804
2023-09-02 07:00:00+09:00,0.137038815512322
2023-09-02 08:00:00+09:00,0.2534672613904818
2023-09-02 09:00:00+09:00,0.3609919602618263
2023-09-02 10:00:00+09:00,0.35563113098599997
2023-09-02 11:00:00+09:00,0.3579007116284487
2023-09-02 12:00:00+09:00,0.3404278959084435
2023-09-02 13:00:00+09:00,0.36079516905780606
2023-09-02 14:00:00+09:00,0.32647691239690935
2023-09-02 15:00:00+09:00,0.30764612032631916
2023-09-02 16:00:00+09:00,0.13728722017565873
2023-09-02 17:00:00+09:00,0.02397276885425946
2023-09-02 18:00:00+09:00,
2023-09-02 19:00:00+09:00,0.0
2023-09-02 20:00:00+09:00,0.0
2023-09-02 21:00:00+09:00,0.0
2023-09-02 22:00:00+09:00,0.0
2023-09-02 23:00:00+09:00,0.0
2023-09-03 00:00:00+09:00,0.0
2023-09-03 01:00:00+09:00,0.0
2023-09-03 02:00:00+09:00,0.0
2023-09-03 03:00:00+09:00,0.0
2023-09-03 04:00:00+09:00,0.0
2023-09-03 05:00:00+09:00,0.0
2023-09-03 06:00:00+09:00,0.04536491855479192
2023-09-03 07:00:00+09:00,0.10890811567410838
2023-09-03 08:00:00+09:00,0.2930107751333628
2023-09-03 09:00:00+09:00,0.5192046195590265
2023-09-03 10:00:00+09:00,0.7323613153739336
2023-09-03 11:00:00+09:00,0.7069544716097557
2023-09-03 12:00:00+09:00,0.6603105907006588
2023-09-03 13:00:00+09:00,0.6217147332634826
2023-09-03 14:00:00+09:00,0.48345564541749203
2023-09-03 15:00:00+09:00,0.37860036037002903
2023-09-03 16:00:00+09:00,0.19191112056221357
2023-09-03 17:00:00+09:00,0.03434534797076316
2023-09-03 18:00:00+09:00,
2023-09-03 19:00:00+09:00,0.0
2023-09-03 20:00:00+09:00,0.0
2023-09-03 21:00:00+09:00,0.0
2023-09-03 22:00:00+09:00,0.0
2023-09-03 23:00:00+09:00,0.0
2023-09-04 00:00:00+09:00,0.0
2023-09-04 01:00:00+09:00,0.0
2023-09-04 02:00:00+09:00,0.0
2023-09-04 03:00:00+09:00,0.0
2023-09-04 04:00:00+09:00,0.0
2023-09-04 05:00:00+09:00,0.0
2023-09-04 06:00:00+09:00,0.08733462891039002
2023-09-04 07:00:00+09:00,0.13929714542345153
2023-09-04 08:00:00+09:00,0.18826077679220293
2023-09-04 09:00:00+09:00,0.29314081910474477
2023-09-04 10:00:00+09:00,0.5409933330475435
2023-09-04 11:00:00+09:00,0.5134993775938622
2023-09-04 12:00:00+09:00,0.6128786950314623
2023-09-04 13:00:00+09:00,0.5226795960697593
2023-09-04 14:00:00+09:00,0.49243845730013824
2023-09-04 15:00:00+09:00,0.2723059318361405
2023-09-04 16:00:00+09:00,0.13553949952911434
2023-09-04 17:00:00+09:00,0.0324209734881002
2023-09-04 18:00:00+09:00,
2023-09-04 19:00:00+09:00,0.0
2023-09-04 20:00:00+09:00,0.0
2023-09-04 21:00:00+09:00,0.0
2023-09-04 22:00:00+09:00,0.0
2023-09-04 23:00:00+09:00,0.0
2023-09-05 00:00:00+09:00,0.0
2023-09-05 01:00:00+09:00,0.0
2023-09-05 02:00:00+09:00,0.0
2023-09-05 03:00:00+09:00,0.0
2023-09-05 04:00:00+09:00,0.0
2023-09-05 05:00:00+09:00,0.0
2023-09-05 06:00:00+09:00,0.08130476805418026
2023-09-05 07:00:00+09:00,0.19971053493352547
2023-09-05 08:00:00+09:00,0.2473827215870169
2023-09-05 09:00:00+09:00,0.3135399532265311
2023-09-05 10:00:00+09:00,0.300110000859088
2023-09-05 11:00:00+09:00,0.1826696837068476
2023-09-05 12:00:00+09:00,0.1519165436709636
2023-09-05 13:00:00+09:00,0.09211338860560961
2023-09-05 14:00:00+09:00,0.10060954077272585
2023-09-05 15:00:00+09:00,0.11168061597772018
2023-09-05 16:00:00+09:00,0.08006786874204222
2023-09-05 17:00:00+09:00,0.006215170295862744
2023-09-05 18:00:00+09:00,0.0
2023-09-05 19:00:00+09:00,0.0
2023-09-05 20:00:00+09:00,0.0
2023-09-05 21:00:00+09:00,0.0
2023-09-05 22:00:00+09:00,0.0
2023-09-05 23:00:00+09:00,0.0
2023-09-06 00:00:00+09:00,0.0
2023-09-06 01:00:00+09:00,0.0
2023-09-06 02:00:00+09:00,0.0
2023-09-06 03:00:00+09:00,0.0
2023-09-06 04:00:00+09:00,0.0
2023-09-06 05:00:00+09:00,0.0
2023-09-06 06:00:00+09:00,0.09392433889723509
2023-09-06 07:00:00+09:00,0.2178184968972233
2023-09-06 08:00:00+09:00,0.39504415956777617
2023-09-06 09:00:00+09:00,0.40450556382193653
2023-09-06 10:00:00+09:00,0.5546763248151226
2023-09-06 11:00:00+09:00,0.6174949912544754
2023-09-06 12:00:00+09:00,0.6099741315715911
2023-09-06 13:00:00+09:00,0.55798057882099
2023-09-06 14:00:00+09:00,0.37785955809462485
2023-09-06 15:00:00+09:00,0.2940251519777998
2023-09-06 16:00:00+09:00,0.14114174371915894
2023-09-06 17:00:00+09:00,0.02832958073599764
2023-09-06 18:00:00+09:00,0.0
2023-09-06 19:00:00+09:00,0.0
2023-09-06 20:00:00+09:00,0.0
2023-09-06 21:00:00+09:00,0.0
2023-09-06 22:00:00+09:00,0.0
2023-09-06 23:00:00+09:00,0.0
2023-09-07 00:00:00+09:00,0.0
2023-09-07 01:00:00+09:00,0.0
2023-09-07 02:00:00+09:00,0.0
2023-09-07 03:00:00+09:00,0.0
2023-09-07 04:00:00+09:00,0.0
2023-09-07 05:00:00+09:00,0.0
2023-09-07 06:00:00+09:00,0.059514500668098914
2023-09-07 07:00:00+09:00,0.11208305852341355
2023-09-07 08:00:00+09:00,0.2084139073651071
2023-09-07 09:00:00+09:00,0.1902491153133022
2023-09-07 10:00:00+09:00,0.2597877674686261
2023-09-07 11:00:00+09:00,0.20866705952198775
2023-09-07 12:00:00+09:00,0.18858255423368592
2023-09-07 13:00:00+09:00,0.14583207706933407
2023-09-07 14:00:00+09:00,0.1275429879542234
2023-09-07 15:00:00+09:00,0.12510167967847366
2023-09-07 16:00:00+09:00,0.041598672045507795
2023-09-07 17:00:00+09:00,0.008341653447392032
2023-09-07 18:00:00+09:00,0.0
2023-09-07 19:00:00+09:00,0.0
2023-09-07 20:00:00+09:00,0.0
2023-09-07 21:00:00+09:00,0.0
2023-09-07 22:00:00+09:00,0.0
2023-09-07 23:00:00+09:00,0.0
2023-09-08 00:00:00+09:00,0.0
2023-09-08 01:00:00+09:00,0.0
2023-09-08 02:00:00+09:00,0.0
2023-09-08 03:00:00+09:00,0.0
2023-09-08 04:00:00+09:00,0.0
2023-09-08 05:00:00+09:00,0.0
2023-09-08 06:00:00+09:00,0.02518157202826514
2023-09-08 07:00:00+09:00,0.03693214479648783
2023-09-08 08:00:00+09:00,0.06602106855859814
2023-09-08 09:00:00+09:00,0.07455792517479894
2023-09-08 10:00:00+09:00,0.17364295539569843
2023-09-08 11:00:00+09:00,0.1654404106646374
2023-09-08 12:00:00+09:00,0.16531686614164495
2023-09-08 13:00:00+09:00,0.18714879254487857
2023-09-08 14:00:00+09:00,0.11541839878474491
2023-09-08 15:00:00+09:00,0.024622269644537856
2023-09-08 16:00:00+09:00,0.025936713747835044
2023-09-08 17:00:00+09:00,0.005891677185823044
2023-09-08 18:00:00+09:00,0.0
2023-09-08 19:00:00+09:00,0.0
2023-09-08 20:00:00+09:00,0.0
2023-09-08 21:00:00+09:00,0.0
2023-09-08 22:00:00+09:00,0.0
2023-09-08 23:00:00+09:00,0.0
2023-09-09 00:00:00+09:00,0.0
2023-09-09 01:00:00+09:00,0.0
2023-09-09 02:00:00+09:00,0.0
2023-09-09 03:00:00+09:00,0.0
2023-09-09 04:00:00+09:00,0.0
2023-09-09 05:00:00+09:00,0.0
2023-09-09 06:00:00+09:00,0.1486226899356805
2023-09-09 07:00:00+09:00,0.38559588588883004
2023-09-09 08:00:00+09:00,0.5663662010979521
2023-09-09 09:00:00+09:00,0.7189957557896823
2023-09-09 10:00:00+09:00,0.6796385650611867
2023-09-09 11:00:00+09:00,0.5670596611970751
2023-09-09 12:00:00+09:00,0.758959357405109
2023-09-09 13:00:00+09:00,0.6061956430651819
2023-09-09 14:00:00+09:00,0.5454025248896183
2023-09-09 15:00:00+09:00,0.345589029140598
2023-09-09 16:00:00+09:00,0.1510947161384175
2023-09-09 17:00:00+09:00,0.026330762934930394
2023-09-09 18:00:00+09:00,0.0
2023-09-09 19:00:00+09:00,0.0
2023-09-09 20:00:00+09:00,0.0
2023-09-09 21:00:00+09:00,0.0
2023-09-09 22:00:00+09:00,0.0
2023-09-09 23:00:00+09:00,0.0
2023-09-10 00:00:00+09:00,0.0
2023-09-10 01:00:00+09:00,0.0
2023-09-10 02:00:00+09:00,0.0
2023-09-10 03:00:00+09:00,0.0
2023-09-10 04:00:00+09:00,0.0
2023-09-10 05:00:00+09:00,0.0
2023-09-10 06:00:00+09:00,0.08202714500623733
2023-09-10 07:00:00+09:00,0.23135598023287185
2023-09-10 08:00:00+09:00,0.5389373163754898
2023-09-10 09:00:00+09:00,0.7058578497272052
2023-09-10 10:00:00+09:00,0.8058954180881349
2023-09-10 11:00:00+09:00,0.845463507498357
2023-09-10 12:00:00+09:00,0.6968962030045954
2023-09-10 13:00:00+09:00,0.541343379358142
2023-09-10 14:00:00+09:00,0.510684098871162
2023-09-10 15:00:00+09:00,0.2192196582613321
2023-09-10 16:00:00+09:00,0.1097524993704782
2023-09-10 17:00:00+09:00,0.018907494574931932
2023-09-10 18:00:00+09:00,0.0
2023-09-10 19:00:00+09:00,0.0
2023-09-10 20:00:00+09:00,0.0
2023-09-10 21:00:00+09:00,0.0
2023-09-10 22:00:00+09:00,0.0
2023-09-10 23:00:00+09:00,0.0
2023-09-11 00:00:00+09:00,0.0
2023-09-11 01:00:00+09:00,0.0
2023-09-11 02:00:00+09:00,0.0
2023-09-11 03:00:00+09:00,0.0
2023-09-11 04:00:00+09:00,0.0
2023-09-11 05:00:00+09:00,0.0
2023-09-11 06:00:00+09:00,0.12013546887547791
2023-09-11 07:00:00+09:00,0.2790887950209065
2023-09-11 08:00:00+09:00,0.4117266063401462
2023-09-11 09:00:00+09:00,0.6607682727685528
2023-09-11 10:00:00+09:00,0.6906869837039536
2023-09-11 11:00:00+09:00,0.7365918066385672
2023-09-11 12:00:00+09:00,0.6833161074916603
2023-09-11 13:00:00+09:00,0.6492870652146651
2023-09-11 14:00:00+09:00,0.5690379029370671
2023-09-11 15:00:00+09:00,0.3211830419258235
2023-09-11 16:00:00+09:00,0.14311453091486062
2023-09-11 17:00:00+09:00,0.021322940071899346
2023-09-11 18:00:00+09:00,0.0
2023-09-11 19:00:00+09:00,0.0
2023-09-11 20:00:00+09:00,0.0
2023-09-11 21:00:00+09:00,0.0
2023-09-11 22:00:00+09:00,0.0
2023-09-11 23:00:00+09:00,0.0
2023-09-12 00:00:00+09:00,0.0
2023-09-12 01:00:00+09:00,0.0
2023-09-12 02:00:00+09:00,0.0
2023-09-12 03:00:00+09:00,0.0
2023-09-12 04:00:00+09:00,0.0
2023-09-12 05:00:00+09:00,0.0
2023-09-12 06:00:00+09:00,0.12893083758285742
2023-09-12 07:00:00+09:00,0.3039288043975353
2023-09-12 08:00:00+09:00,0.5323945910087007
2023-09-12 09:00:00+09:00,0.6514314887224344
2023-09-12 10:00:00+09:00,0.7009374682285174
2023-09-12 11:00:00+09:00,0.6530994322883765
2023-09-12 12:00:00+09:00,0.44369512251343096
2023-09-12 13:00:00+09:00,0.37126748869122983
2023-09-12 14:00:00+09:00,0.3793757510269364
2023-09-12 15:00:00+09:00,0.3644796378162038
2023-09-12 16:00:00+09:00,0.16773590994229026
2023-09-12 17:00:00+09:00,0.023692310925086474
2023-09-12 18:00:00+09:00,0.0
2023-09-12 19:00:00+09:00,0.0
2023-09-12 20:00:00+09:00,0.0
2023-09-12 21:00:00+09:00,0.0
2023-09-12 22:00:00+09:00,0.0
2023-09-12 23:00:00+09:00,0.0
2023-09-13 00:00:00+09:00,0.0
2023-09-13 01:00:00+09:00,0.0
2023-09-13 02:00:00+09:00,0.0
2023-09-13 03:00:00+09:00,0.0
2023-09-13 04:00:00+09:00,0.0
2023-09-13 05:00:00+09:00,0.0
2023-09-13 06:00:00+09:00,0.04662253458792705
2023-09-13 07:00:00+09:00,0.1693179661100445
2023-09-13 08:00:00+09:00,0.35753528867148154
2023-09-13 09:00:00+09:00,0.3946756557738244
2023-09-13 10:00:00+09:00,0.689769147923295
2023-09-13 11:00:00+09:00,0.737328508377612
2023-09-13 12:00:00+09:00,0.4351203016496803
2023-09-13 13:00:00+09:00,0.5080340160162279
2023-09-13 14:00:00+09:00,0.3684565394852536
2023-09-13 15:00:00+09:00,0.18396036449941877
2023-09-13 16:00:00+09:00,0.10403130611737217
2023-09-13 17:00:00+09:00,0.01396070189404073
2023-09-13 18:00:00+09:00,0.0
2023-09-13 19:00:00+09:00,0.0
2023-09-13 20:00:00+09:00,0.0
2023-09-13 21:00:00+09:00,0.0
2023-09-13 22:00:00+09:00,0.0
2023-09-13 23:00:00+09:00,0.0
2023-09-14 00:00:00+09:00,0.0
2023-09-14 01:00:00+09:00,0.0
2023-09-14 02:00:00+09:00,0.0
2023-09-14 03:00:00+09:00,0.0
2023-09-14 04:00:00+09:00,0.0
2023-09-14 05:00:00+09:00,0.0
2023-09-14 06:00:00+09:00,0.13995317539221075
2023-09-14 07:00:00+09:00,0.3647273161117553
2023-09-14 08:00:00+09:00,0.5571643505535736
2023-09-14 09:00:00+09:00,0.6819020114948867
2023-09-14 10:00:00+09:00,0.7920852202734877
2023-09-14 11:00:00+09:00,0.8081270605301739
2023-09-14 12:00:00+09:00,0.7662605776271392
2023-09-14 13:00:00+09:00,0.6294150007188359
2023-09-14 14:00:00+09:00,0.3906328362887091
2023-09-14 15:00:00+09:00,0.25864288268196906
2023-09-14 16:00:00+09:00,0.11395680572675942
2023-09-14 17:00:00+09:00,0.013394402325836824
2023-09-14 18:00:00+09:00,0.0
2023-09-14 19:00:00+09:00,0.0
2023-09-14 20:00:00+09:00,0.0
2023-09-14 21:00:00+09:00,0.0
2023-09-14 22:00:00+09:00,0.0
2023-09-14 23:00:00+09:00,0.0
2023-09-15 00:00:00+09:00,0.0
2023-09-15 01:00:00+09:00,0.0
2023-09-15 02:00:00+09:00,0.0
2023-09-15 03:00:00+09:00,0.0
2023-09-15 04:00:00+09:00,0.0
2023-09-15 05:00:00+09:00,0.0
2023-09-15 06:00:00+09:00,0.048208678631850965
2023-09-15 07:00:00+09:00,0.06434122767239106
2023-09-15 08:00:00+09:00,0.1481327287711145
2023-09-15 09:00:00+09:00,0.1577234669876314
2023-09-15 10:00:00+09:00,0.11693517733926616
2023-09-15 11:00:00+09:00,0.12914070364917585
2023-09-15 12:00:00+09:00,0.16598743680752126
2023-09-15 13:00:00+09:00,0.09841732806057314
2023-09-15 14:00:00+09:00,0.24052962394926947
2023-09-15 15:00:00+09:00,0.31675312368396247
2023-09-15 16:00:00+09:00,0.15247330868849113
2023-09-15 17:00:00+09:00,0.019469338227911154
2023-09-15 18:00:00+09:00,0.0
2023-09-15 19:00:00+09:00,0.0
2023-09-15 20:00:00+09:00,0.0
2023-09-15 21:00:00+09:00,0.0
2023-09-15 22:00:00+09:00,0.0
2023-09-15 23:00:00+09:00,0.0
2023-09-16 00:00:00+09:00,0.0
2023-09-16 01:00:00+09:00,0.0
2023-09-16 02:00:00+09:00,0.0
2023-09-16 03:00:00+09:00,0.0
2023-09-16 04:00:00+09:00,0.0
2023-09-16 05:00:00+09:00,0.0
2023-09-16 06:00:00+09:00,0.016056442237084866
2023-09-16 07:00:00+09:00,0.04774291058615078
2023-09-16 08:00:00+09:00,0.07497502357027956
2023-09-16 09:00:00+09:00,0.10795664962698835
2023-09-16 10:00:00+09:00,0.09039984815957602
2023-09-16 11:00:00+09:00,0.09595156121148833
2023-09-16 12:00:00+09:00,0.06753608916441907
2023-09-16 13:00:00+09:00,0.0939337241978876
2023-09-16 14:00:00+09:00,0.029089331419482372
2023-09-16 15:00:00+09:00,0.05308240888626013
2023-09-16 16:00:00+09:00,0.08415925500597367
2023-09-16 17:00:00+09:00,0.012423262213921288
2023-09-16 18:00:00+09:00,0.0
2023-09-16 19:00:00+09:00,0.0
2023-09-16 20:00:00+09:00,0.0
2023-09-16 21:00:00+09:00,0.0
2023-09-16 22:00:00+09:00,0.0
2023-09-16 23:00:00+09:00,0.0
2023-09-17 00:00:00+09:00,0.0
2023-09-17 01:00:00+09:00,0.0
2023-09-17 02:00:00+09:00,0.0
2023-09-17 03:00:00+09:00,0.0
2023-09-17 04:00:00+09:00,0.0
2023-09-17 05:00:00+09:00,0.0
2023-09-17 06:00:00+09:00,0.1734554465443029
2023-09-17 07:00:00+09:00,0.4175375501270669
2023-09-17 08:00:00+09:00,0.6315256373352797
2023-09-17 09:00:00+09:00,0.7877671382810909
2023-09-17 10:00:00+09:00,0.8805688843461312
2023-09-17 11:00:00+09:00,0.9051972251142852
2023-09-17 12:00:00+09:00,0.8665453661429576
2023-09-17 13:00:00+09:00,0.7714738007200691
2023-09-17 14:00:00+09:00,0.6250294536922117
2023-09-17 15:00:00+09:00,0.42247255382829624
2023-09-17 16:00:00+09:00,0.19580813243016224
2023-09-17 17:00:00+09:00,0.02209483165873349
2023-09-17 18:00:00+09:00,0.0
2023-09-17 19:00:00+09:00,0.0
2023-09-17 20:00:00+09:00,0.0
2023-09-17 21:00:00+09:00,0.0
2023-09-17 22:00:00+09:00,0.0
2023-09-17 23:00:00+09:00,0.0
2023-09-18 00:00:00+09:00,0.0
2023-09-18 01:00:00+09:00,0.0
2023-09-18 02:00:00+09:00,0.0
2023-09-18 03:00:00+09:00,0.0
2023-09-18 04:00:00+09:00,0.0
2023-09-18 05:00:00+09:00,0.0
2023-09-18 06:00:00+09:00,0.16365479352952772
2023-09-18 07:00:00+09:00,0.40611044795659634
2023-09-18 08:00:00+09:00,0.614037124665184
2023-09-18 09:00:00+09:00,0.7679461266252176
2023-09-18 10:00:00+09:00,0.8627302368505183
2023-09-18 11:00:00+09:00,0.893283938185274
2023-09-18 12:00:00+09:00,0.8597537822228207
2023-09-18 13:00:00+09:00,0.765478885872009
2023-09-18 14:00:00+09:00,0.6149082075521913
2023-09-18 15:00:00+09:00,0.41822943074161595
2023-09-18 16:00:00+09:00,0.1914009838738447
2023-09-18 17:00:00+09:00,0.020392455506464506
2023-09-18 18:00:00+09:00,0.0
2023-09-18 19:00:00+09:00,0.0
2023-09-18 20:00:00+09:00,0.0
2023-09-18 21:00:00+09:00,0.0
2023-09-18 22:00:00+09:00,0.0
2023-09-18 23:00:00+09:00,0.0
2023-09-19 00:00:00+09:00,0.0
2023-09-19 01:00:00+09:00,0.0
2023-09-19 02:00:00+09:00,0.0
2023-09-19 03:00:00+09:00,0.0
2023-09-19 04:00:00+09:00,0.0
2023-09-19 05:00:00+09:00,0.0
2023-09-19 06:00:00+09:00,0.16697412159375238
2023-09-19 07:00:00+09:00,0.40751243111434343
2023-09-19 08:00:00+09:00,0.5923025359369313
2023-09-19 09:00:00+09:00,0.7666356961130759
2023-09-19 10:00:00+09:00,0.8506354937790418
2023-09-19 11:00:00+09:00,0.8723134721623383
2023-09-19 12:00:00+09:00,0.8099705061091852
2023-09-19 13:00:00+09:00,0.729309653635011
2023-09-19 14:00:00+09:00,0.5370478213477152
2023-09-19 15:00:00+09:00,0.39912758616338395
2023-09-19 16:00:00+09:00,0.16802414228060894
2023-09-19 17:00:00+09:00,0.016839914186626292
2023-09-19 18:00:00+09:00,0.0
2023-09-19 19:00:00+09:00,0.0
2023-09-19 20:00:00+09:00,0.0
2023-09-19 21:00:00+09:00,0.0
2023-09-19 22:00:00+09:00,0.0
2023-09-19 23:00:00+09:00,0.0
2023-09-20 00:00:00+09:00,0.0
2023-09-20 01:00:00+09:00,0.0
2023-09-20 02:00:00+09:00,0.0
2023-09-20 03:00:00+09:00,0.0
2023-09-20 04:00:00+09:00,0.0
2023-09-20 05:00:00+09:00,0.0
2023-09-20 06:00:00+09:00,0.16152864698337946
2023-09-20 07:00:00+09:00,0.40691875477046796
2023-09-20 08:00:00+09:00,0.6138444343800101
2023-09-20 09:00:00+09:00,0.768943419643262
2023-09-20 10:00:00+09:00,0.8542835631155785
2023-09-20 11:00:00+09:00,0.8788914158989178
2023-09-20 12:00:00+09:00,0.8445844907201633
2023-09-20 13:00:00+09:00,0.7507370524171444
2023-09-20 14:00:00+09:00,0.6048467004142652
2023-09-20 15:00:00+09:00,0.40179519029468663
2023-09-20 16:00:00+09:00,0.17980172798840494
2023-09-20 17:00:00+09:00,0.016933097432025986
2023-09-20 18:00:00+09:00,0.0
2023-09-20 19:00:00+09:00,0.0
2023-09-20 20:00:00+09:00,0.0
2023-09-20 21:00:00+09:00,0.0
2023-09-20 22:00:00+09:00,0.0
2023-09-20 23:00:00+09:00,0.0
2023-09-21 00:00:00+09:00,0.0
2023-09-21 01:00:00+09:00,0.0
2023-09-21 02:00:00+09:00,0.0
2023-09-21 03:00:00+09:00,0.0
2023-09-21 04:00:00+09:00,0.0
2023-09-21 05:00:00+09:00,0.0
2023-09-21 06:00:00+09:00,0.1191743337114349
2023-09-21 07:00:00+09:00,0.29308265729428495
2023-09-21 08:00:00+09:00,0.5733067839302922
2023-09-21 09:00:00+09:00,0.7389586112087695
2023-09-21 10:00:00+09:00,0.8400849979601028
2023-09-21 11:00:00+09:00,0.8709952431288813
2023-09-21 12:00:00+09:00,0.8355249685314637
2023-09-21 13:00:00+09:00,0.7474003669281837
2023-09-21 14:00:00+09:00,0.6027286158904588
2023-09-21 15:00:00+09:00,0.3988620431205711
2023-09-21 16:00:00+09:00,0.17561006660449718
2023-09-21 17:00:00+09:00,0.015362900506199387
2023-09-21 18:00:00+09:00,0.0
2023-09-21 19:00:00+09:00,0.0
2023-09-21 20:00:00+09:00,0.0
2023-09-21 21:00:00+09:00,0.0
2023-09-21 22:00:00+09:00,0.0
2023-09-21 23:00:00+09:00,0.0
2023-09-22 00:00:00+09:00,0.0
2023-09-22 01:00:00+09:00,0.0
2023-09-22 02:00:00+09:00,0.0
2023-09-22 03:00:00+09:00,0.0
2023-09-22 04:00:00+09:00,0.0
2023-09-22 05:00:00+09:00,0.0
2023-09-22 06:00:00+09:00,0.12338374625818957
2023-09-22 07:00:00+09:00,0.27455617902612306
2023-09-22 08:00:00+09:00,0.4807668924720819
2023-09-22 09:00:00+09:00,0.6528045840381338
2023-09-22 10:00:00+09:00,0.7460286671686184
2023-09-22 11:00:00+09:00,0.6429751906793006
2023-09-22 12:00:00+09:00,0.5347538367237935
2023-09-22 13:00:00+09:00,0.28314088532615034
2023-09-22 14:00:00+09:00,0.20569839170939866
2023-09-22 15:00:00+09:00,0.11371863587479589
2023-09-22 16:00:00+09:00,0.025016906592817866
2023-09-22 17:00:00+09:00,0.0022566803980253744
2023-09-22 18:00:00+09:00,0.0
2023-09-22 19:00:00+09:00,0.0
2023-09-22 20:00:00+09:00,0.0
2023-09-22 21:00:00+09:00,0.0
2023-09-22 22:00:00+09:00,0.0
2023-09-22 23:00:00+09:00,0.0
2023-09-23 00:00:00+09:00,0.0
2023-09-23 01:00:00+09:00,0.0
2023-09-23 02:00:00+09:00,0.0
2023-09-23 03:00:00+09:00,0.0
2023-09-23 04:00:00+09:00,0.0
2023-09-23 05:00:00+09:00,0.0
2023-09-23 06:00:00+09:00,0.0763530410099403
2023-09-23 07:00:00+09:00,0.20145630729742295
2023-09-23 08:00:00+09:00,0.32605525809252484
2023-09-23 09:00:00+09:00,0.5417908543540298
2023-09-23 10:00:00+09:00,0.45114786630109405
2023-09-23 11:00:00+09:00,0.5072661333843307
2023-09-23 12:00:00+09:00,0.5342001271813491
2023-09-23 13:00:00+09:00,0.49832203882414966
2023-09-23 14:00:00+09:00,0.3636471350290813
2023-09-23 15:00:00+09:00,0.2564113543984738
2023-09-23 16:00:00+09:00,0.1315301031256377
2023-09-23 17:00:00+09:00,0.010011946899156488
2023-09-23 18:00:00+09:00,0.0
2023-09-23 19:00:00+09:00,0.0
2023-09-23 20:00:00+09:00,0.0
2023-09-23 21:00:00+09:00,0.0
2023-09-23 22:00:00+09:00,0.0
2023-09-23 23:00:00+09:00,0.0
2023-09-24 00:00:00+09:00,0.0
2023-09-24 01:00:00+09:00,0.0
2023-09-24 02:00:00+09:00,0.0
2023-09-24 03:00:00+09:00,0.0
2023-09-24 04:00:00+09:00,0.0
2023-09-24 05:00:00+09:00,0.0
2023-09-24 06:00:00+09:00,0.14916765893922065
2023-09-24 07:00:00+09:00,0.3736608909693792
2023-09-24 08:00:00+09:00,0.5846818598880869
2023-09-24 09:00:00+09:00,0.6853157835465596
2023-09-24 10:00:00+09:00,0.7269614126516806
2023-09-24 11:00:00+09:00,0.5412374652770173
2023-09-24 12:00:00+09:00,0.5275445456545813
2023-09-24 13:00:00+09:00,0.6292227155977745
2023-09-24 14:00:00+09:00,0.5122056642398951
2023-09-24 15:00:00+09:00,0.20732400999789344
2023-09-24 16:00:00+09:00,0.12468092420442005
2023-09-24 17:00:00+09:00,0.008271072330986782
2023-09-24 18:00:00+09:00,0.0
2023-09-24 19:00:00+09:00,0.0
2023-09-24 20:00:00+09:00,0.0
2023-09-24 21:00:00+09:00,0.0
2023-09-24 22:00:00+09:00,0.0
2023-09-24 23:00:00+09:00,0.0
2023-09-25 00:00:00+09:00,0.0
2023-09-25 01:00:00+09:00,0.0
2023-09-25 02:00:00+09:00,0.0
2023-09-25 03:00:00+09:00,0.0
2023-09-25 04:00:00+09:00,0.0
2023-09-25 05:00:00+09:00,0.0
2023-09-25 06:00:00+09:00,0.11657204759666344
2023-09-25 07:00:00+09:00,0.3197042099307468
2023-09-25 08:00:00+09:00,0.4365509893166941
2023-09-25 09:00:00+09:00,0.6060696488825394
2023-09-25 10:00:00+09:00,0.7486401917863555
2023-09-25 11:00:00+09:00,0.5522530063457459
2023-09-25 12:00:00+09:00,0.5188557193722043
2023-09-25 13:00:00+09:00,0.5668725290271278
2023-09-25 14:00:00+09:00,0.40371902118574116
2023-09-25 15:00:00+09:00,0.13028163161262224
2023-09-25 16:00:00+09:00,0.06188088068656606
2023-09-25 17:00:00+09:00,0.0020598669039831145
2023-09-25 18:00:00+09:00,0.0
2023-09-25 19:00:00+09:00,0.0
2023-09-25 20:00:00+09:00,0.0
2023-09-25 21:00:00+09:00,0.0
2023-09-25 22:00:00+09:00,0.0
2023-09-25 23:00:00+09:00,0.0
2023-09-26 00:00:00+09:00,0.0
2023-09-26 01:00:00+09:00,0.0
2023-09-26 02:00:00+09:00,0.0
2023-09-26 03:00:00+09:00,0.0
2023-09-26 04:00:00+09:00,0.0
2023-09-26 05:00:00+09:00,0.0
2023-09-26 06:00:00+09:00,0.009758444083986233
2023-09-26 07:00:00+09:00,0.028211798523517732
2023-09-26 08:00:00+09:00,0.0612318010312168
2023-09-26 09:00:00+09:00,0.11543132798908366
2023-09-26 10:00:00+09:00,0.17056233313319
2023-09-26 11:00:00+09:00,0.32679742021656855
2023-09-26 12:00:00+09:00,0.28089550426395327
2023-09-26 13:00:00+09:00,0.10674871177442415
2023-09-26 14:00:00+09:00,0.13739502246194538
2023-09-26 15:00:00+09:00,0.254324088595579
2023-09-26 16:00:00+09:00,0.11322737147753403
2023-09-26 17:00:00+09:00,0.008885101300753828
2023-09-26 18:00:00+09:00,0.0
2023-09-26 19:00:00+09:00,0.0
2023-09-26 20:00:00+09:00,0.0
2023-09-26 21:00:00+09:00,0.0
2023-09-26 22:00:00+09:00,0.0
2023-09-26 23:00:00+09:00,0.0
2023-09-27 00:00:00+09:00,0.0
2023-09-27 01:00:00+09:00,0.0
2023-09-27 02:00:00+09:00,0.0
2023-09-27 03:00:00+09:00,0.0
2023-09-27 04:00:00+09:00,0.0
2023-09-27 05:00:00+09:00,0.0
2023-09-27 06:00:00+09:00,0.18176058369534837
2023-09-27 07:00:00+09:00,0.4274716741577187
2023-09-27 08:00:00+09:00,0.6400997678601419
2023-09-27 09:00:00+09:00,0.8125042935890708
2023-09-27 10:00:00+09:00,0.8863461097561373
2023-09-27 11:00:00+09:00,0.9161091068662615
2023-09-27 12:00:00+09:00,0.8275305814076482
2023-09-27 13:00:00+09:00,0.6851664526005612
2023-09-27 14:00:00+09:00,0.4457122946494532
2023-09-27 15:00:00+09:00,0.3407064644526628
2023-09-27 16:00:00+09:00,0.14517373727932117
2023-09-27 17:00:00+09:00,0.008326084523060303
2023-09-27 18:00:00+09:00,0.0
2023-09-27 19:00:00+09:00,0.0
2023-09-27 20:00:00+09:00,0.0
2023-09-27 21:00:00+09:00,0.0
2023-09-27 22:00:00+09:00,0.0
2023-09-27 23:00:00+09:00,0.0
2023-09-28 00:00:00+09:00,0.0
2023-09-28 01:00:00+09:00,0.0
2023-09-28 02:00:00+09:00,0.0
2023-09-28 03:00:00+09:00,0.0
2023-09-28 04:00:00+09:00,0.0
2023-09-28 05:00:00+09:00,0.0
2023-09-28 06:00:00+09:00,0.18140581637732747
2023-09-28 07:00:00+09:00,0.4197930902942925
2023-09-28 08:00:00+09:00,0.6311817580208207
2023-09-28 09:00:00+09:00,0.7913915870744429
2023-09-28 10:00:00+09:00,0.8768053055376589
2023-09-28 11:00:00+09:00,0.8963545540606663
2023-09-28 12:00:00+09:00,0.8596988112233281
2023-09-28 13:00:00+09:00,0.6022613830161944
2023-09-28 14:00:00+09:00,0.5989701189727474
2023-09-28 15:00:00+09:00,0.3824654761574872
2023-09-28 16:00:00+09:00,0.14699253673908186
2023-09-28 17:00:00+09:00,0.006442716508690666
2023-09-28 18:00:00+09:00,0.0
2023-09-28 19:00:00+09:00,0.0
2023-09-28 20:00:00+09:00,0.0
2023-09-28 21:00:00+09:00,0.0
2023-09-28 22:00:00+09:00,0.0
2023-09-28 23:00:00+09:00,0.0
2023-09-29 00:00:00+09:00,0.0
2023-09-29 01:00:00+09:00,0.0
2023-09-29 02:00:00+09:00,0.0
2023-09-29 03:00:00+09:00,0.0
2023-09-29 04:00:00+09:00,0.0
2023-09-29 05:00:00+09:00,0.0
2023-09-29 06:00:00+09:00,0.15134084178300014
2023-09-29 07:00:00+09:00,0.3464959986394408
2023-09-29 08:00:00+09:00,0.46546688558584276
2023-09-29 09:00:00+09:00,0.5221241697696228
2023-09-29 10:00:00+09:00,0.5138221411141974
2023-09-29 11:00:00+09:00,0.4972899971208323
2023-09-29 12:00:00+09:00,0.5814739659694579
2023-09-29 13:00:00+09:00,0.47505306657923174
2023-09-29 14:00:00+09:00,0.34464637981276747
2023-09-29 15:00:00+09:00,0.25682748363167396
2023-09-29 16:00:00+09:00,0.1148764794506932
2023-09-29 17:00:00+09:00,0.0034174842732017066
2023-09-29 18:00:00+09:00,0.0
2023-09-29 19:00:00+09:00,0.0
2023-09-29 20:00:00+09:00,0.0
2023-09-29 21:00:00+09:00,0.0
2023-09-29 22:00:00+09:00,0.0
2023-09-29 23:00:00+09:00,0.0
2023-09-30 00:00:00+09:00,0.0
2023-09-30 01:00:00+09:00,0.0
2023-09-30 02:00:00+09:00,0.0
2023-09-30 03:00:00+09:00,0.0
2023-09-30 04:00:00+09:00,0.0
2023-09-30 05:00:00+09:00,0.0
2023-09-30 06:00:00+09:00,0.1332643131217584
2023-09-30 07:00:00+09:00,0.3018219098350965
2023-09-30 08:00:00+09:00,0.4529505166262918
2023-09-30 09:00:00+09:00,0.6166956039028911
2023-09-30 10:00:00+09:00,0.6489689827299554
2023-09-30 11:00:00+09:00,0.7810176558853534
2023-09-30 12:00:00+09:00,0.6012782903483871
2023-09-30 13:00:00+09:00,0.1990008990108762
2023-09-30 14:00:00+09:00,0.09118782882856201
2023-09-30 15:00:00+09:00,0.04564692901342902
2023-09-30 16:00:00+09:00,0.017040283947651814
2023-09-30 17:00:00+09:00,0.0005966515919436979
2023-09-30 18:00:00+09:00,0.0
2023-09-30 19:00:00+09:00,0.0
2023-09-30 20:00:00+09:00,0.0
2023-09-30 21:00:00+09:00,0.0
2023-09-30 22:00:00+09:00,0.0
2023-09-30 23:00:00+09:00,0.0
2023-10-01 00:00:00+09:00,0.0
2023-10-01 01:00:00+09:00,0.0
2023-10-01 02:00:00+09:00,0.0
2023-10-01 03:00:00+09:00,0.0
2023-10-01 04:00:00+09:00,0.0
2023-10-01 05:00:00+09:00,0.0
2023-10-01 06:00:00+09:00,0.015981051743071458
2023-10-01 07:00:00+09:00,0.07634838722628554
2023-10-01 08:00:00+09:00,0.11975476996634793
2023-10-01 09:00:00+09:00,0.033740663660479606
2023-10-01 10:00:00+09:00,0.06680251163205493
2023-10-01 11:00:00+09:00,0.04589754706209447
2023-10-01 12:00:00+09:00,0.08936515861547982
2023-10-01 13:00:00+09:00,0.12909161163147315
2023-10-01 14:00:00+09:00,0.3551865668378151
2023-10-01 15:00:00+09:00,0.37406496212416895
2023-10-01 16:00:00+09:00,0.14164553590906948
2023-10-01 17:00:00+09:00,0.0019307559236393123
2023-10-01 18:00:00+09:00,0.0
2023-10-01 19:00:00+09:00,0.0
2023-10-01 20:00:00+09:00,0.0
2023-10-01 21:00:00+09:00,0.0
2023-10-01 22:00:00+09:00,0.0
2023-10-01 23:00:00+09:00,0.0
2023-10-02 00:00:00+09:00,0.0
2023-10-02 01:00:00+09:00,0.0
2023-10-02 02:00:00+09:00,0.0
2023-10-02 03:00:00+09:00,0.0
2023-10-02 04:00:00+09:00,0.0
2023-10-02 05:00:00+09:00,0.0
2023-10-02 06:00:00+09:00,0.1448887159143449
2023-10-02 07:00:00+09:00,0.3384024318022206
2023-10-02 08:00:00+09:00,0.44935549473669073
2023-10-02 09:00:00+09:00,0.5882484418203398
2023-10-02 10:00:00+09:00,0.7247736919347347
2023-10-02 11:00:00+09:00,0.8799575151749517
2023-10-02 12:00:00+09:00,0.7675498228261869
2023-10-02 13:00:00+09:00,0.6914397523604359
2023-10-02 14:00:00+09:00,0.614314682795659
2023-10-02 15:00:00+09:00,0.3730705033187269
2023-10-02 16:00:00+09:00,0.14398246247800403
2023-10-02 17:00:00+09:00,0.0016367306615380944
2023-10-02 18:00:00+09:00,0.0
2023-10-02 19:00:00+09:00,0.0
2023-10-02 20:00:00+09:00,0.0
2023-10-02 21:00:00+09:00,0.0
2023-10-02 22:00:00+09:00,0.0
2023-10-02 23:00:00+09:00,0.0
2023-10-03 00:00:00+09:00,0.0
2023-10-03 01:00:00+09:00,0.0
2023-10-03 02:00:00+09:00,0.0
2023-10-03 03:00:00+09:00,0.0
2023-10-03 04:00:00+09:00,0.0
2023-10-03 05:00:00+09:00,0.0
2023-10-03 06:00:00+09:00,0.1556560840137703
2023-10-03 07:00:00+09:00,0.39830939965220763
2023-10-03 08:00:00+09:00,0.6041604461265633
2023-10-03 09:00:00+09:00,0.7824999564815622
2023-10-03 10:00:00+09:00,0.6653907014006694
2023-10-03 11:00:00+09:00,0.5870011448051887
2023-10-03 12:00:00+09:00,0.850106485307417
2023-10-03 13:00:00+09:00,0.7511728174045074
2023-10-03 14:00:00+09:00,0.5861020858939224
2023-10-03 15:00:00+09:00,0.3729521949003149
2023-10-03 16:00:00+09:00,0.13518948886968726
2023-10-03 17:00:00+09:00,0.001369921440018373
2023-10-03 18:00:00+09:00,0.0
2023-10-03 19:00:00+09:00,0.0
2023-10-03 20:00:00+09:00,0.0
2023-10-03 21:00:00+09:00,0.0
2023-10-03 22:00:00+09:00,0.0
2023-10-03 23:00:00+09:00,0.0
2023-10-04 00:00:00+09:00,0.0
2023-10-04 01:00:00+09:00,0.0
2023-10-04 02:00:00+09:00,0.0
2023-10-04 03:00:00+09:00,0.0
2023-10-04 04:00:00+09:00,0.0
2023-10-04 05:00:00+09:00,0.0
2023-10-04 06:00:00+09:00,0.17561873935710684
2023-10-04 07:00:00+09:00,0.371433303936368
2023-10-04 08:00:00+09:00,0.546800823206023
2023-10-04 09:00:00+09:00,0.792692852166838
2023-10-04 10:00:00+09:00,0.8804377138307293
2023-10-04 11:00:00+09:00,0.8942455868729291
2023-10-04 12:00:00+09:00,0.8231100317798593
2023-10-04 13:00:00+09:00,0.6018989795756419
2023-10-04 14:00:00+09:00,0.42776172503775944
2023-10-04 15:00:00+09:00,0.1883318788475396
2023-10-04 16:00:00+09:00,0.10170042286589265
2023-10-04 17:00:00+09:00,0.0005935299944281628
2023-10-04 18:00:00+09:00,0.0
2023-10-04 19:00:00+09:00,0.0
2023-10-04 20:00:00+09:00,0.0
2023-10-04 21:00:00+09:00,0.0
2023-10-04 22:00:00+09:00,0.0
2023-10-04 23:00:00+09:00,0.0
2023-10-05 00:00:00+09:00,0.0
2023-10-05 01:00:00+09:00,0.0
2023-10-05 02:00:00+09:00,0.0
2023-10-05 03:00:00+09:00,0.0
2023-10-05 04:00:00+09:00,0.0
2023-10-05 05:00:00+09:00,0.0
2023-10-05 06:00:00+09:00,0.11105229457390946
2023-10-05 07:00:00+09:00,0.2844015195847069
2023-10-05 08:00:00+09:00,0.42394314783298975
2023-10-05 09:00:00+09:00,0.5938770217432026
2023-10-05 10:00:00+09:00,0.5326467588371707
2023-10-05 11:00:00+09:00,0.341302686998134
2023-10-05 12:00:00+09:00,0.3169364140157631
2023-10-05 13:00:00+09:00,0.17443215575897844
2023-10-05 14:00:00+09:00,0.09699586380327496
2023-10-05 15:00:00+09:00,0.05122263487557247
2023-10-05 16:00:00+09:00,0.01862289399238164
2023-10-05 17:00:00+09:00,0.000256850709894153
2023-10-05 18:00:00+09:00,0.0
2023-10-05 19:00:00+09:00,0.0
2023-10-05 20:00:00+09:00,0.0
2023-10-05 21:00:00+09:00,0.0
2023-10-05 22:00:00+09:00,0.0
2023-10-05 23:00:00+09:00,0.0
2023-10-06 00:00:00+09:00,0.0
2023-10-06 01:00:00+09:00,0.0
2023-10-06 02:00:00+09:00,0.0
2023-10-06 03:00:00+09:00,0.0
2023-10-06 04:00:00+09:00,0.0
2023-10-06 05:00:00+09:00,0.0
2023-10-06 06:00:00+09:00,0.012827780234943806
2023-10-06 07:00:00+09:00,0.012740821984998426
2023-10-06 08:00:00+09:00,0.026465125317179514
2023-10-06 09:00:00+09:00,0.030907716017016622
2023-10-06 10:00:00+09:00,0.09570884208311374
2023-10-06 11:00:00+09:00,0.2038359225628102
2023-10-06 12:00:00+09:00,0.07221226703285456
2023-10-06 13:00:00+09:00,0.135301042798933
2023-10-06 14:00:00+09:00,0.08804437306164564
2023-10-06 15:00:00+09:00,0.03576361609838363
2023-10-06 16:00:00+09:00,0.021846288897794077
2023-10-06 17:00:00+09:00,0.00021478498706770116
2023-10-06 18:00:00+09:00,0.0
2023-10-06 19:00:00+09:00,0.0
2023-10-06 20:00:00+09:00,0.0
2023-10-06 21:00:00+09:00,0.0
2023-10-06 22:00:00+09:00,0.0
2023-10-06 23:00:00+09:00,0.0
2023-10-07 00:00:00+09:00,0.0
2023-10-07 01:00:00+09:00,0.0
2023-10-07 02:00:00+09:00,0.0
2023-10-07 03:00:00+09:00,0.0
2023-10-07 04:00:00+09:00,0.0
2023-10-07 05:00:00+09:00,0.0
2023-10-07 06:00:00+09:00,0.10509066639799458
2023-10-07 07:00:00+09:00,0.219244883824928
2023-10-07 08:00:00+09:00,0.2882934183273907
2023-10-07 09:00:00+09:00,0.5812183598807141
2023-10-07 10:00:00+09:00,0.72108797090607
2023-10-07 11:00:00+09:00,0.6329501456771237
2023-10-07 12:00:00+09:00,0.6007502080228561
2023-10-07 13:00:00+09:00,0.4600475030298259
2023-10-07 14:00:00+09:00,0.3514102075832285
2023-10-07 15:00:00+09:00,0.11544533705796722
2023-10-07 16:00:00+09:00,0.03167589345328266
2023-10-07 17:00:00+09:00,0.00021301427399926512
2023-10-07 18:00:00+09:00,0.0
2023-10-07 19:00:00+09:00,0.0
2023-10-07 20:00:00+09:00,0.0
2023-10-07 21:00:00+09:00,0.0
2023-10-07 22:00:00+09:00,0.0
2023-10-07 23:00:00+09:00,0.0
2023-10-08 00:00:00+09:00,0.0
2023-10-08 01:00:00+09:00,0.0
2023-10-08 02:00:00+09:00,0.0
2023-10-08 03:00:00+09:00,0.0
2023-10-08 04:00:00+09:00,0.0
2023-10-08 05:00:00+09:00,0.0
2023-10-08 06:00:00+09:00,0.010183893434487903
2023-10-08 07:00:00+09:00,0.01737221680675946
2023-10-08 08:00:00+09:00,0.04838857365728199
2023-10-08 09:00:00+09:00,0.046131708055937276
2023-10-08 10:00:00+09:00,0.08186792506956028
2023-10-08 11:00:00+09:00,0.09841714255821542
2023-10-08 12:00:00+09:00,0.28193653779686706
2023-10-08 13:00:00+09:00,0.1964662030232264
2023-10-08 14:00:00+09:00,0.22123517077434693
2023-10-08 15:00:00+09:00,0.15339985363549402
2023-10-08 16:00:00+09:00,0.03300077813923674
2023-10-08 17:00:00+09:00,8.560169369468318e-05
2023-10-08 18:00:00+09:00,0.0
2023-10-08 19:00:00+09:00,0.0
2023-10-08 20:00:00+09:00,0.0
2023-10-08 21:00:00+09:00,0.0
2023-10-08 22:00:00+09:00,0.0
2023-10-08 23:00:00+09:00,0.0
2023-10-09 00:00:00+09:00,0.0
2023-10-09 01:00:00+09:00,0.0
2023-10-09 02:00:00+09:00,0.0
2023-10-09 03:00:00+09:00,0.0
2023-10-09 04:00:00+09:00,0.0
2023-10-09 05:00:00+09:00,0.0
2023-10-09 06:00:00+09:00,0.10928362817149095
2023-10-09 07:00:00+09:00,0.2636485751052405
2023-10-09 08:00:00+09:00,0.42347965345467675
2023-10-09 09:00:00+09:00,0.5349551078791532
2023-10-09 10:00:00+09:00,0.5773296000658624
2023-10-09 11:00:00+09:00,0.6656312097329116
2023-10-09 12:00:00+09:00,0.5241416908257408
2023-10-09 13:00:00+09:00,0.3384344203471719
2023-10-09 14:00:00+09:00,0.2741623746632038
2023-10-09 15:00:00+09:00,0.27336618507584737
2023-10-09 16:00:00+09:00,0.08706152018132789
2023-10-09 17:00:00+09:00,4.250494950693903e-05
2023-10-09 18:00:00+09:00,0.0
2023-10-09 19:00:00+09:00,0.0
2023-10-09 20:00:00+09:00,0.0
2023-10-09 21:00:00+09:00,0.0
2023-10-09 22:00:00+09:00,0.0
2023-10-09 23:00:00+09:00,0.0
2023-10-10 00:00:00+09:00,0.0
2023-10-10 01:00:00+09:00,0.0
2023-10-10 02:00:00+09:00,0.0
2023-10-10 03:00:00+09:00,0.0
2023-10-10 04:00:00+09:00,0.0
2023-10-10 05:00:00+09:00,0.0
2023-10-10 06:00:00+09:00,0.10604993981771042
2023-10-10 07:00:00+09:00,0.25714684721309644
2023-10-10 08:00:00+09:00,0.5464193025262611
2023-10-10 09:00:00+09:00,0.6156083370274664
2023-10-10 10:00:00+09:00,0.5698067955014982
2023-10-10 11:00:00+09:00,0.5795068727030666
2023-10-10 12:00:00+09:00,0.6804980900935769
2023-10-10 13:00:00+09:00,0.6160375982620295
2023-10-10 14:00:00+09:00,0.40570629987113443
2023-10-10 15:00:00+09:00,0.19503717423589462
2023-10-10 16:00:00+09:00,0.05270813920602753
2023-10-10 17:00:00+09:00,
2023-10-10 18:00:00+09:00,0.0
2023-10-10 19:00:00+09:00,0.0
2023-10-10 20:00:00+09:00,0.0
2023-10-10 21:00:00+09:00,0.0
2023-10-10 22:00:00+09:00,0.0
2023-10-10 23:00:00+09:00,0.0
2023-10-11 00:00:00+09:00,0.0
2023-10-11 01:00:00+09:00,0.0
2023-10-11 02:00:00+09:00,0.0
2023-10-11 03:00:00+09:00,0.0
2023-10-11 04:00:00+09:00,0.0
2023-10-11 05:00:00+09:00,0.0
2023-10-11 06:00:00+09:00,0.0625893630115003
2023-10-11 07:00:00+09:00,0.23705761361806912
2023-10-11 08:00:00+09:00,0.16451621688756216
2023-10-11 09:00:00+09:00,0.36469715882777737
2023-10-11 10:00:00+09:00,0.3104307571445332
2023-10-11 11:00:00+09:00,0.4103268223719696
2023-10-11 12:00:00+09:00,0.3293750266338518
2023-10-11 13:00:00+09:00,0.5090679774113659
2023-10-11 14:00:00+09:00,0.38857213934591367
2023-10-11 15:00:00+09:00,0.33937388962152165
2023-10-11 16:00:00+09:00,0.10920199156661899
2023-10-11 17:00:00+09:00,
2023-10-11 18:00:00+09:00,0.0
2023-10-11 19:00:00+09:00,0.0
2023-10-11 20:00:00+09:00,0.0
2023-10-11 21:00:00+09:00,0.0
2023-10-11 22:00:00+09:00,0.0
2023-10-11 23:00:00+09:00,0.0
2023-10-12 00:00:00+09:00,0.0
2023-10-12 01:00:00+09:00,0.0
2023-10-12 02:00:00+09:00,0.0
2023-10-12 03:00:00+09:00,0.0
2023-10-12 04:00:00+09:00,0.0
2023-10-12 05:00:00+09:00,0.0
2023-10-12 06:00:00+09:00,0.2352998662392595
2023-10-12 07:00:00+09:00,0.4407692636940168
2023-10-12 08:00:00+09:00,0.6496028357052573
2023-10-12 09:00:00+09:00,0.8052013065649138
2023-10-12 10:00:00+09:00,0.8835123887638331
2023-10-12 11:00:00+09:00,0.8842714945075413
2023-10-12 12:00:00+09:00,0.8186266248094964
2023-10-12 13:00:00+09:00,0.6067593811666925
2023-10-12 14:00:00+09:00,0.3858066595884824
2023-10-12 15:00:00+09:00,0.21051354382805
2023-10-12 16:00:00+09:00,0.04816216239280656
2023-10-12 17:00:00+09:00,
2023-10-12 18:00:00+09:00,0.0
2023-10-12 19:00:00+09:00,0.0
2023-10-12 20:00:00+09:00,0.0
2023-10-12 21:00:00+09:00,0.0
2023-10-12 22:00:00+09:00,0.0
2023-10-12 23:00:00+09:00,0.0
2023-10-13 00:00:00+09:00,0.0
2023-10-13 01:00:00+09:00,0.0
2023-10-13 02:00:00+09:00,0.0
2023-10-13 03:00:00+09:00,0.0
2023-10-13 04:00:00+09:00,0.0
2023-10-13 05:00:00+09:00,0.0
2023-10-13 06:00:00+09:00,0.22823761077359644
2023-10-13 07:00:00+09:00,0.43762278913818825
2023-10-13 08:00:00+09:00,0.6426116457337189
2023-10-13 09:00:00+09:00,0.7845952591988787
2023-10-13 10:00:00+09:00,0.8115452594780154
2023-10-13 11:00:00+09:00,0.8606070271094158
2023-10-13 12:00:00+09:00,0.8354239903836207
2023-10-13 13:00:00+09:00,0.7108929488536104
2023-10-13 14:00:00+09:00,0.5535259536251103
2023-10-13 15:00:00+09:00,0.3408255494183199
2023-10-13 16:00:00+09:00,0.09767072872836413
2023-10-13 17:00:00+09:00,
2023-10-13 18:00:00+09:00,0.0
2023-10-13 19:00:00+09:00,0.0
2023-10-13 20:00:00+09:00,0.0
2023-10-13 21:00:00+09:00,0.0
2023-10-13 22:00:00+09:00,0.0
2023-10-13 23:00:00+09:00,0.0
2023-10-14 00:00:00+09:00,0.0
2023-10-14 01:00:00+09:00,0.0
2023-10-14 02:00:00+09:00,0.0
2023-10-14 03:00:00+09:00,0.0
2023-10-14 04:00:00+09:00,0.0
2023-10-14 05:00:00+09:00,0.0
2023-10-14 06:00:00+09:00,0.14326220764017703
2023-10-14 07:00:00+09:00,0.4197734220182297
2023-10-14 08:00:00+09:00,0.6253277728903645
2023-10-14 09:00:00+09:00,0.5951311246094306
2023-10-14 10:00:00+09:00,0.3389828820637608
2023-10-14 11:00:00+09:00,0.2525265011557184
2023-10-14 12:00:00+09:00,0.23488616433609147
2023-10-14 13:00:00+09:00,0.2642677297702206
2023-10-14 14:00:00+09:00,0.1396029209178586
2023-10-14 15:00:00+09:00,0.07367454760472227
2023-10-14 16:00:00+09:00,0.01672972639321225
2023-10-14 17:00:00+09:00,0.0
2023-10-14 18:00:00+09:00,0.0
2023-10-14 19:00:00+09:00,0.0
2023-10-14 20:00:00+09:00,0.0
2023-10-14 21:00:00+09:00,0.0
2023-10-14 22:00:00+09:00,0.0
2023-10-14 23:00:00+09:00,0.0
2023-10-15 00:00:00+09:00,0.0
2023-10-15 01:00:00+09:00,0.0
2023-10-15 02:00:00+09:00,0.0
2023-10-15 03:00:00+09:00,0.0
2023-10-15 04:00:00+09:00,0.0
2023-10-15 05:00:00+09:00,0.0
2023-10-15 06:00:00+09:00,0.03940406131756274
2023-10-15 07:00:00+09:00,0.13392506370829116
2023-10-15 08:00:00+09:00,0.3320328708004626
2023-10-15 09:00:00+09:00,0.5384249004980916
2023-10-15 10:00:00+09:00,0.6154918102757143
2023-10-15 11:00:00+09:00,0.8294637568441123
2023-10-15 12:00:00+09:00,0.7447193393507724
2023-10-15 13:00:00+09:00,0.49792721231888776
2023-10-15 14:00:00+09:00,0.40553491116941875
2023-10-15 15:00:00+09:00,0.2852229987097083
2023-10-15 16:00:00+09:00,0.07441470936496042
2023-10-15 17:00:00+09:00,0.0
2023-10-15 18:00:00+09:00,0.0
2023-10-15 19:00:00+09:00,0.0
2023-10-15 20:00:00+09:00,0.0
2023-10-15 21:00:00+09:00,0.0
2023-10-15 22:00:00+09:00,0.0
2023-10-15 23:00:00+09:00,0.0
2023-10-16 00:00:00+09:00,0.0
2023-10-16 01:00:00+09:00,0.0
2023-10-16 02:00:00+09:00,0.0
2023-10-16 03:00:00+09:00,0.0
2023-10-16 04:00:00+09:00,0.0
2023-10-16 05:00:00+09:00,0.0
2023-10-16 06:00:00+09:00,0.044055302888362666
2023-10-16 07:00:00+09:00,0.3763497408363944
2023-10-16 08:00:00+09:00,0.5349157427729312
2023-10-16 09:00:00+09:00,0.8015681581882554
2023-10-16 10:00:00+09:00,0.8787592932104046
2023-10-16 11:00:00+09:00,0.8911591587089818
2023-10-16 12:00:00+09:00,0.8315207133400121
2023-10-16 13:00:00+09:00,0.6725743193314655
2023-10-16 14:00:00+09:00,0.46086725815910173
2023-10-16 15:00:00+09:00,0.2394951175722525
2023-10-16 16:00:00+09:00,0.0758184175979657
2023-10-16 17:00:00+09:00,0.0
2023-10-16 18:00:00+09:00,0.0
2023-10-16 19:00:00+09:00,0.0
2023-10-16 20:00:00+09:00,0.0
2023-10-16 21:00:00+09:00,0.0
2023-10-16 22:00:00+09:00,0.0
2023-10-16 23:00:00+09:00,0.0
2023-10-17 00:00:00+09:00,0.0
2023-10-17 01:00:00+09:00,0.0
2023-10-17 02:00:00+09:00,0.0
2023-10-17 03:00:00+09:00,0.0
2023-10-17 04:00:00+09:00,0.0
2023-10-17 05:00:00+09:00,0.0
2023-10-17 06:00:00+09:00,0.06589407055666899
2023-10-17 07:00:00+09:00,0.2603063638448206
2023-10-17 08:00:00+09:00,0.5354851450752675
2023-10-17 09:00:00+09:00,0.7234711432542181
2023-10-17 10:00:00+09:00,0.7856455947289863
2023-10-17 11:00:00+09:00,0.7827988392943703
2023-10-17 12:00:00+09:00,0.7122567959324004
2023-10-17 13:00:00+09:00,0.4269031071181337
2023-10-17 14:00:00+09:00,0.24493836508298697
2023-10-17 15:00:00+09:00,0.15787319920269782
2023-10-17 16:00:00+09:00,0.04419204327393227
2023-10-17 17:00:00+09:00,0.0
2023-10-17 18:00:00+09:00,0.0
2023-10-17 19:00:00+09:00,0.0
2023-10-17 20:00:00+09:00,0.0
2023-10-17 21:00:00+09:00,0.0
2023-10-17 22:00:00+09:00,0.0
2023-10-17 23:00:00+09:00,0.0
2023-10-18 00:00:00+09:00,0.0
2023-10-18 01:00:00+09:00,0.0
2023-10-18 02:00:00+09:00,0.0
2023-10-18 03:00:00+09:00,0.0
2023-10-18 04:00:00+09:00,0.0
2023-10-18 05:00:00+09:00,0.0
2023-10-18 06:00:00+09:00,0.04778102902381734
2023-10-18 07:00:00+09:00,0.26659002195246767
2023-10-18 08:00:00+09:00,0.5723430654684255
2023-10-18 09:00:00+09:00,0.7959293700995267
2023-10-18 10:00:00+09:00,0.8502990437337468
2023-10-18 11:00:00+09:00,0.8448778887381653
2023-10-18 12:00:00+09:00,0.8049863603908096
2023-10-18 13:00:00+09:00,0.7084286544313155
2023-10-18 14:00:00+09:00,0.4853383762898456
2023-10-18 15:00:00+09:00,0.31823520648844045
2023-10-18 16:00:00+09:00,0.07992637831842785
2023-10-18 17:00:00+09:00,0.0
2023-10-18 18:00:00+09:00,0.0
2023-10-18 19:00:00+09:00,0.0
2023-10-18 20:00:00+09:00,0.0
2023-10-18 21:00:00+09:00,0.0
2023-10-18 22:00:00+09:00,0.0
2023-10-18 23:00:00+09:00,0.0
2023-10-19 00:00:00+09:00,0.0
2023-10-19 01:00:00+09:00,0.0
2023-10-19 02:00:00+09:00,0.0
2023-10-19 03:00:00+09:00,0.0
2023-10-19 04:00:00+09:00,0.0
2023-10-19 05:00:00+09:00,0.0
2023-10-19 06:00:00+09:00,0.0356096054643131
2023-10-19 07:00:00+09:00,0.18772096750792436
2023-10-19 08:00:00+09:00,0.2855007398818787
2023-10-19 09:00:00+09:00,0.5669322861903474
2023-10-19 10:00:00+09:00,0.6068562896939477
2023-10-19 11:00:00+09:00,0.6848773754716139
2023-10-19 12:00:00+09:00,0.540194710123031
2023-10-19 13:00:00+09:00,0.5690111379713758
2023-10-19 14:00:00+09:00,0.2853984368874241
2023-10-19 15:00:00+09:00,0.1300065395629912
2023-10-19 16:00:00+09:00,0.043478556393732055
2023-10-19 17:00:00+09:00,0.0
2023-10-19 18:00:00+09:00,0.0
2023-10-19 19:00:00+09:00,0.0
2023-10-19 20:00:00+09:00,0.0
2023-10-19 21:00:00+09:00,0.0
2023-10-19 22:00:00+09:00,0.0
2023-10-19 23:00:00+09:00,0.0
2023-10-20 00:00:00+09:00,0.0
2023-10-20 01:00:00+09:00,0.0
2023-10-20 02:00:00+09:00,0.0
2023-10-20 03:00:00+09:00,0.0
2023-10-20 04:00:00+09:00,0.0
2023-10-20 05:00:00+09:00,0.0
2023-10-20 06:00:00+09:00,0.03255914012316268
2023-10-20 07:00:00+09:00,0.26260123181114114
2023-10-20 08:00:00+09:00,0.3960079941530793
2023-10-20 09:00:00+09:00,0.5349329249939329
2023-10-20 10:00:00+09:00,0.7389331422158433
2023-10-20 11:00:00+09:00,0.5963970631334463
2023-10-20 12:00:00+09:00,0.552484266857315
2023-10-20 13:00:00+09:00,0.5507443977085978
2023-10-20 14:00:00+09:00,0.33311147012563264
2023-10-20 15:00:00+09:00,0.12874497019504585
2023-10-20 16:00:00+09:00,0.03445186105689302
2023-10-20 17:00:00+09:00,0.0
2023-10-20 18:00:00+09:00,0.0
2023-10-20 19:00:00+09:00,0.0
2023-10-20 20:00:00+09:00,0.0
2023-10-20 21:00:00+09:00,0.0
2023-10-20 22:00:00+09:00,0.0
2023-10-20 23:00:00+09:00,0.0
2023-10-21 00:00:00+09:00,0.0
2023-10-21 01:00:00+09:00,0.0
2023-10-21 02:00:00+09:00,0.0
2023-10-21 03:00:00+09:00,0.0
2023-10-21 04:00:00+09:00,0.0
2023-10-21 05:00:00+09:00,0.0
2023-10-21 06:00:00+09:00,0.03365703095469297
2023-10-21 07:00:00+09:00,0.41026566638558326
2023-10-21 08:00:00+09:00,0.6003269329964732
2023-10-21 09:00:00+09:00,0.7553240670794419
2023-10-21 10:00:00+09:00,0.820642575825251
2023-10-21 11:00:00+09:00,0.8728911041673283
2023-10-21 12:00:00+09:00,0.7953113557486104
2023-10-21 13:00:00+09:00,0.6592933027530034
2023-10-21 14:00:00+09:00,0.23460396721052723
2023-10-21 15:00:00+09:00,0.15669939917623174
2023-10-21 16:00:00+09:00,0.05092528928532195
2023-10-21 17:00:00+09:00,0.0
2023-10-21 18:00:00+09:00,0.0
2023-10-21 19:00:00+09:00,0.0
2023-10-21 20:00:00+09:00,0.0
2023-10-21 21:00:00+09:00,0.0
2023-10-21 22:00:00+09:00,0.0
2023-10-21 23:00:00+09:00,0.0
2023-10-22 00:00:00+09:00,0.0
2023-10-22 01:00:00+09:00,0.0
2023-10-22 02:00:00+09:00,0.0
2023-10-22 03:00:00+09:00,0.0
2023-10-22 04:00:00+09:00,0.0
2023-10-22 05:00:00+09:00,0.0
2023-10-22 06:00:00+09:00,0.04009699416011869
2023-10-22 07:00:00+09:00,0.24500743399338237
2023-10-22 08:00:00+09:00,0.40397238075531794
2023-10-22 09:00:00+09:00,0.5667178299708423
2023-10-22 10:00:00+09:00,0.5464049990998424
2023-10-22 11:00:00+09:00,0.5117765481613564
2023-10-22 12:00:00+09:00,0.4486282923628748
2023-10-22 13:00:00+09:00,0.30575813068028596
2023-10-22 14:00:00+09:00,0.22526886895273945
2023-10-22 15:00:00+09:00,0.19568183925746416
2023-10-22 16:00:00+09:00,0.05194516404667421
2023-10-22 17:00:00+09:00,0.0
2023-10-22 18:00:00+09:00,0.0
2023-10-22 19:00:00+09:00,0.0
2023-10-22 20:00:00+09:00,0.0
2023-10-22 21:00:00+09:00,0.0
2023-10-22 22:00:00+09:00,0.0
2023-10-22 23:00:00+09:00,0.0
2023-10-23 00:00:00+09:00,0.0
2023-10-23 01:00:00+09:00,0.0
2023-10-23 02:00:00+09:00,0.0
2023-10-23 03:00:00+09:00,0.0
2023-10-23 04:00:00+09:00,0.0
2023-10-23 05:00:00+09:00,0.0
2023-10-23 06:00:00+09:00,0.022011874939693345
2023-10-23 07:00:00+09:00,0.07060502644250308
2023-10-23 08:00:00+09:00,0.23622104629361365
2023-10-23 09:00:00+09:00,0.3423011053277693
2023-10-23 10:00:00+09:00,0.5575661512006775
2023-10-23 11:00:00+09:00,0.5813880470860456
2023-10-23 12:00:00+09:00,0.4092670667126256
2023-10-23 13:00:00+09:00,0.35154070641270574
2023-10-23 14:00:00+09:00,0.37602766054966064
2023-10-23 15:00:00+09:00,0.14039768660777524
2023-10-23 16:00:00+09:00,0.03797954082554241
2023-10-23 17:00:00+09:00,0.0
2023-10-23 18:00:00+09:00,0.0
2023-10-23 19:00:00+09:00,0.0
2023-10-23 20:00:00+09:00,0.0
2023-10-23 21:00:00+09:00,0.0
2023-10-23 22:00:00+09:00,0.0
2023-10-23 23:00:00+09:00,0.0
2023-10-24 00:00:00+09:00,0.0
2023-10-24 01:00:00+09:00,0.0
2023-10-24 02:00:00+09:00,0.0
2023-10-24 03:00:00+09:00,0.0
2023-10-24 04:00:00+09:00,0.0
2023-10-24 05:00:00+09:00,0.0
2023-10-24 06:00:00+09:00,0.0163106933037424
2023-10-24 07:00:00+09:00,0.03493557404242204
2023-10-24 08:00:00+09:00,0.046406719497404325
2023-10-24 09:00:00+09:00,0.02826903176135013
2023-10-24 10:00:00+09:00,0.03476300826415057
2023-10-24 11:00:00+09:00,0.03017051420564559
2023-10-24 12:00:00+09:00,0.04013594490371242
2023-10-24 13:00:00+09:00,0.014364443384021625
2023-10-24 14:00:00+09:00,0.009148401503914896
2023-10-24 15:00:00+09:00,0.007884892723500115
2023-10-24 16:00:00+09:00,0.0027242712656004252
2023-10-24 17:00:00+09:00,0.0
2023-10-24 18:00:00+09:00,0.0
2023-10-24 19:00:00+09:00,0.0
2023-10-24 20:00:00+09:00,0.0
2023-10-24 21:00:00+09:00,0.0
2023-10-24 22:00:00+09:00,0.0
2023-10-24 23:00:00+09:00,0.0
2023-10-25 00:00:00+09:00,0.0
2023-10-25 01:00:00+09:00,0.0
2023-10-25 02:00:00+09:00,0.0
2023-10-25 03:00:00+09:00,0.0
2023-10-25 04:00:00+09:00,0.0
2023-10-25 05:00:00+09:00,0.0
2023-10-25 06:00:00+09:00,0.02564160750438558
2023-10-25 07:00:00+09:00,0.2754180033965207
2023-10-25 08:00:00+09:00,0.47228085734661596
2023-10-25 09:00:00+09:00,0.6311032530968067
2023-10-25 10:00:00+09:00,0.7010625224119299
2023-10-25 11:00:00+09:00,0.679295298194162
2023-10-25 12:00:00+09:00,0.6170675268575349
2023-10-25 13:00:00+09:00,0.5175088711178958
2023-10-25 14:00:00+09:00,0.2524825445310089
2023-10-25 15:00:00+09:00,0.040230039640223036
2023-10-25 16:00:00+09:00,0.010082888448219177
2023-10-25 17:00:00+09:00,0.0
2023-10-25 18:00:00+09:00,0.0
2023-10-25 19:00:00+09:00,0.0
2023-10-25 20:00:00+09:00,0.0
2023-10-25 21:00:00+09:00,0.0
2023-10-25 22:00:00+09:00,0.0
2023-10-25 23:00:00+09:00,0.0
2023-10-26 00:00:00+09:00,0.0
2023-10-26 01:00:00+09:00,0.0
2023-10-26 02:00:00+09:00,0.0
2023-10-26 03:00:00+09:00,0.0
2023-10-26 04:00:00+09:00,0.0
2023-10-26 05:00:00+09:00,0.0
2023-10-26 06:00:00+09:00,0.018775264818423516
2023-10-26 07:00:00+09:00,0.07097202019367171
2023-10-26 08:00:00+09:00,0.11805260076605009
2023-10-26 09:00:00+09:00,0.17212452355528773
2023-10-26 10:00:00+09:00,0.20933682889250954
2023-10-26 11:00:00+09:00,0.347555974960347
2023-10-26 12:00:00+09:00,0.31455054599591215
2023-10-26 13:00:00+09:00,0.2759891422179243
2023-10-26 14:00:00+09:00,0.22725852765393328
2023-10-26 15:00:00+09:00,0.06424703586826884
2023-10-26 16:00:00+09:00,0.010868786478907662
2023-10-26 17:00:00+09:00,0.0
2023-10-26 18:00:00+09:00,0.0
2023-10-26 19:00:00+09:00,0.0
2023-10-26 20:00:00+09:00,0.0
2023-10-26 21:00:00+09:00,0.0
2023-10-26 22:00:00+09:00,0.0
2023-10-26 23:00:00+09:00,0.0
2023-10-27 00:00:00+09:00,0.0
2023-10-27 01:00:00+09:00,0.0
2023-10-27 02:00:00+09:00,0.0
2023-10-27 03:00:00+09:00,0.0
2023-10-27 04:00:00+09:00,0.0
2023-10-27 05:00:00+09:00,0.0
2023-10-27 06:00:00+09:00,0.027582693123184558
2023-10-27 07:00:00+09:00,0.40484798641081926
2023-10-27 08:00:00+09:00,0.6189838707653782
2023-10-27 09:00:00+09:00,0.7193210580282042
2023-10-27 10:00:00+09:00,0.7603650445886617
2023-10-27 11:00:00+09:00,0.7844744715880599
2023-10-27 12:00:00+09:00,0.636687286773964
2023-10-27 13:00:00+09:00,0.5707147872191219
2023-10-27 14:00:00+09:00,0.43772073142509976
2023-10-27 15:00:00+09:00,0.22312246687611667
2023-10-27 16:00:00+09:00,0.03636084157552878
2023-10-27 17:00:00+09:00,0.0
2023-10-27 18:00:00+09:00,0.0
2023-10-27 19:00:00+09:00,0.0
2023-10-27 20:00:00+09:00,0.0
2023-10-27 21:00:00+09:00,0.0
2023-10-27 22:00:00+09:00,0.0
2023-10-27 23:00:00+09:00,0.0
2023-10-28 00:00:00+09:00,0.0
2023-10-28 01:00:00+09:00,0.0
2023-10-28 02:00:00+09:00,0.0
2023-10-28 03:00:00+09:00,0.0
2023-10-28 04:00:00+09:00,0.0
2023-10-28 05:00:00+09:00,0.0
2023-10-28 06:00:00+09:00,
2023-10-28 07:00:00+09:00,0.4186803838096929
2023-10-28 08:00:00+09:00,0.6275736605075067
2023-10-28 09:00:00+09:00,0.7451304798099159
2023-10-28 10:00:00+09:00,0.7670796053639
2023-10-28 11:00:00+09:00,0.40681993234718633
2023-10-28 12:00:00+09:00,0.540549157868325
2023-10-28 13:00:00+09:00,0.48250350870053815
2023-10-28 14:00:00+09:00,0.36585344665059083
2023-10-28 15:00:00+09:00,0.243098142391026
2023-10-28 16:00:00+09:00,0.03919481684556938
2023-10-28 17:00:00+09:00,0.0
2023-10-28 18:00:00+09:00,0.0
2023-10-28 19:00:00+09:00,0.0
2023-10-28 20:00:00+09:00,0.0
2023-10-28 21:00:00+09:00,0.0
2023-10-28 22:00:00+09:00,0.0
2023-10-28 23:00:00+09:00,0.0
2023-10-29 00:00:00+09:00,0.0
2023-10-29 01:00:00+09:00,0.0
2023-10-29 02:00:00+09:00,0.0
2023-10-29 03:00:00+09:00,0.0
2023-10-29 04:00:00+09:00,0.0
2023-10-29 05:00:00+09:00,0.0
2023-10-29 06:00:00+09:00,
2023-10-29 07:00:00+09:00,0.20158962328250682
2023-10-29 08:00:00+09:00,0.428879679482241
2023-10-29 09:00:00+09:00,0.5112080257119771
2023-10-29 10:00:00+09:00,0.2753299938113005
2023-10-29 11:00:00+09:00,0.5790674199648794
2023-10-29 12:00:00+09:00,0.6687237364272486
2023-10-29 13:00:00+09:00,0.5161626346698722
2023-10-29 14:00:00+09:00,0.31776686672148546
2023-10-29 15:00:00+09:00,0.062025933897064706
2023-10-29 16:00:00+09:00,0.009912598683675822
2023-10-29 17:00:00+09:00,0.0
2023-10-29 18:00:00+09:00,0.0
2023-10-29 19:00:00+09:00,0.0
2023-10-29 20:00:00+09:00,0.0
2023-10-29 21:00:00+09:00,0.0
2023-10-29 22:00:00+09:00,0.0
2023-10-29 23:00:00+09:00,0.0
2023-10-30 00:00:00+09:00,0.0
2023-10-30 01:00:00+09:00,0.0
2023-10-30 02:00:00+09:00,0.0
2023-10-30 03:00:00+09:00,0.0
2023-10-30 04:00:00+09:00,0.0
2023-10-30 05:00:00+09:00,0.0
2023-10-30 06:00:00+09:00,
2023-10-30 07:00:00+09:00,0.42803875127935426
2023-10-30 08:00:00+09:00,0.6163253919327759
2023-10-30 09:00:00+09:00,0.7940313746967993
2023-10-30 10:00:00+09:00,0.8931288990418625
2023-10-30 11:00:00+09:00,0.6485582601687975
2023-10-30 12:00:00+09:00,0.47918088108166035
2023-10-30 13:00:00+09:00,0.4711503728268822
2023-10-30 14:00:00+09:00,0.38762477146011604
2023-10-30 15:00:00+09:00,0.17550872148970362
2023-10-30 16:00:00+09:00,0.03624449008298064
2023-10-30 17:00:00+09:00,0.0
2023-10-30 18:00:00+09:00,0.0
2023-10-30 19:00:00+09:00,0.0
2023-10-30 20:00:00+09:00,0.0
2023-10-30 21:00:00+09:00,0.0
2023-10-30 22:00:00+09:00,0.0
2023-10-30 23:00:00+09:00,0.0
2023-10-31 00:00:00+09:00,0.0
2023-10-31 01:00:00+09:00,0.0
2023-10-31 02:00:00+09:00,0.0
2023-10-31 03:00:00+09:00,0.0
2023-10-31 04:00:00+09:00,0.0
2023-10-31 05:00:00+09:00,0.0
2023-10-31 06:00:00+09:00,0.0
2023-10-31 07:00:00+09:00,0.33687912753755817
2023-10-31 08:00:00+09:00,0.4508612480640692
2023-10-31 09:00:00+09:00,0.5220865145901357
2023-10-31 10:00:00+09:00,0.6049936568985254
2023-10-31 11:00:00+09:00,0.6683997064669366
2023-10-31 12:00:00+09:00,0.4231623279423654
2023-10-31 13:00:00+09:00,0.48606104419305657
2023-10-31 14:00:00+09:00,0.3510291744554529
2023-10-31 15:00:00+09:00,0.09710876000996324
2023-10-31 16:00:00+09:00,0.014025801973356431
2023-10-31 17:00:00+09:00,0.0
2023-10-31 18:00:00+09:00,0.0
2023-10-31 19:00:00+09:00,0.0
2023-10-31 20:00:00+09:00,0.0
2023-10-31 21:00:00+09:00,0.0
2023-10-31 22:00:00+09:00,0.0
2023-10-31 23:00:00+09:00,0.0
2023-11-01 00:00:00+09:00,0.0
2023-11-01 01:00:00+09:00,0.0
2023-11-01 02:00:00+09:00,0.0
2023-11-01 03:00:00+09:00,0.0
2023-11-01 04:00:00+09:00,0.0
2023-11-01 05:00:00+09:00,0.0
2023-11-01 06:00:00+09:00,0.0
2023-11-01 07:00:00+09:00,0.2969409724488538
2023-11-01 08:00:00+09:00,0.5573495629986311
2023-11-01 09:00:00+09:00,0.6924247553548539
2023-11-01 10:00:00+09:00,0.7706034985375878
2023-11-01 11:00:00+09:00,0.7988928932858742
2023-11-01 12:00:00+09:00,0.7842069479492128
2023-11-01 13:00:00+09:00,0.7079006317079618
2023-11-01 14:00:00+09:00,0.5236877621701332
2023-11-01 15:00:00+09:00,0.27017318424737724
2023-11-01 16:00:00+09:00,0.03843950731818743
2023-11-01 17:00:00+09:00,0.0
2023-11-01 18:00:00+09:00,0.0
2023-11-01 19:00:00+09:00,0.0
2023-11-01 20:00:00+09:00,0.0
2023-11-01 21:00:00+09:00,0.0
2023-11-01 22:00:00+09:00,0.0
2023-11-01 23:00:00+09:00,0.0
2023-11-02 00:00:00+09:00,0.0
2023-11-02 01:00:00+09:00,0.0
2023-11-02 02:00:00+09:00,0.0
2023-11-02 03:00:00+09:00,0.0
2023-11-02 04:00:00+09:00,0.0
2023-11-02 05:00:00+09:00,0.0
2023-11-02 06:00:00+09:00,0.0
2023-11-02 07:00:00+09:00,0.3652174194301317
2023-11-02 08:00:00+09:00,0.6099679565755878
2023-11-02 09:00:00+09:00,0.7404427998459854
2023-11-02 10:00:00+09:00,0.813359170292975
2023-11-02 11:00:00+09:00,0.874392644176788
2023-11-02 12:00:00+09:00,0.8255444791959167
2023-11-02 13:00:00+09:00,0.6184874819000513
2023-11-02 14:00:00+09:00,0.45173570408802877
2023-11-02 15:00:00+09:00,0.25958629234175895
2023-11-02 16:00:00+09:00,0.03453598382282211
2023-11-02 17:00:00+09:00,0.0
2023-11-02 18:00:00+09:00,0.0
2023-11-02 19:00:00+09:00,0.0
2023-11-02 20:00:00+09:00,0.0
2023-11-02 21:00:00+09:00,0.0
2023-11-02 22:00:00+09:00,0.0
2023-11-02 23:00:00+09:00,0.0
2023-11-03 00:00:00+09:00,0.0
2023-11-03 01:00:00+09:00,0.0
2023-11-03 02:00:00+09:00,0.0
2023-11-03 03:00:00+09:00,0.0
2023-11-03 04:00:00+09:00,0.0
2023-11-03 05:00:00+09:00,0.0
2023-11-03 06:00:00+09:00,0.0
2023-11-03 07:00:00+09:00,0.12773781153491431
2023-11-03 08:00:00+09:00,0.17662422763240937
2023-11-03 09:00:00+09:00,0.1500193690954014
2023-11-03 10:00:00+09:00,0.17500182608990214
2023-11-03 11:00:00+09:00,0.19188200807605615
2023-11-03 12:00:00+09:00,0.2482526032711955
2023-11-03 13:00:00+09:00,0.18574478740561934
2023-11-03 14:00:00+09:00,0.11594064462881622
2023-11-03 15:00:00+09:00,0.06661592584357026
2023-11-03 16:00:00+09:00,0.011264363717738746
2023-11-03 17:00:00+09:00,0.0
2023-11-03 18:00:00+09:00,0.0
2023-11-03 19:00:00+09:00,0.0
2023-11-03 20:00:00+09:00,0.0
2023-11-03 21:00:00+09:00,0.0
2023-11-03 22:00:00+09:00,0.0
2023-11-03 23:00:00+09:00,0.0
2023-11-04 00:00:00+09:00,0.0
2023-11-04 01:00:00+09:00,0.0
2023-11-04 02:00:00+09:00,0.0
2023-11-04 03:00:00+09:00,0.0
2023-11-04 04:00:00+09:00,0.0
2023-11-04 05:00:00+09:00,0.0
2023-11-04 06:00:00+09:00,0.0
2023-11-04 07:00:00+09:00,0.386372495459546
2023-11-04 08:00:00+09:00,0.580996875627508
2023-11-04 09:00:00+09:00,0.6099993640695047
2023-11-04 10:00:00+09:00,0.8490539962197027
2023-11-04 11:00:00+09:00,0.8918380882844491
2023-11-04 12:00:00+09:00,0.8371412723595406
2023-11-04 13:00:00+09:00,0.7112548273495672
2023-11-04 14:00:00+09:00,0.5225330121791343
2023-11-04 15:00:00+09:00,0.25885245959411446
2023-11-04 16:00:00+09:00,0.032728335348314645
2023-11-04 17:00:00+09:00,0.0
2023-11-04 18:00:00+09:00,0.0
2023-11-04 19:00:00+09:00,0.0
2023-11-04 20:00:00+09:00,0.0
2023-11-04 21:00:00+09:00,0.0
2023-11-04 22:00:00+09:00,0.0
2023-11-04 23:00:00+09:00,0.0
2023-11-05 00:00:00+09:00,0.0
2023-11-05 01:00:00+09:00,0.0
2023-11-05 02:00:00+09:00,0.0
2023-11-05 03:00:00+09:00,0.0
2023-11-05 04:00:00+09:00,0.0
2023-11-05 05:00:00+09:00,0.0
2023-11-05 06:00:00+09:00,0.0
2023-11-05 07:00:00+09:00,0.43085513189200425
2023-11-05 08:00:00+09:00,0.637479538712208
2023-11-05 09:00:00+09:00,0.7887099913472063
2023-11-05 10:00:00+09:00,0.8624756189870173
2023-11-05 11:00:00+09:00,0.8601099404014093
2023-11-05 12:00:00+09:00,0.796702120519624
2023-11-05 13:00:00+09:00,0.6576730730684108
2023-11-05 14:00:00+09:00,0.42973934008752834
2023-11-05 15:00:00+09:00,0.24848440181682604
2023-11-05 16:00:00+09:00,0.02911459301687586
2023-11-05 17:00:00+09:00,0.0
2023-11-05 18:00:00+09:00,0.0
2023-11-05 19:00:00+09:00,0.0
2023-11-05 20:00:00+09:00,0.0
2023-11-05 21:00:00+09:00,0.0
2023-11-05 22:00:00+09:00,0.0
2023-11-05 23:00:00+09:00,0.0
2023-11-06 00:00:00+09:00,0.0
2023-11-06 01:00:00+09:00,0.0
2023-11-06 02:00:00+09:00,0.0
2023-11-06 03:00:00+09:00,0.0
2023-11-06 04:00:00+09:00,0.0
2023-11-06 05:00:00+09:00,0.0
2023-11-06 06:00:00+09:00,0.0
2023-11-06 07:00:00+09:00,0.34995157512476205
2023-11-06 08:00:00+09:00,0.5755492495529522
2023-11-06 09:00:00+09:00,0.7777454533651502
2023-11-06 10:00:00+09:00,0.8610147312457829
2023-11-06 11:00:00+09:00,0.8664550967696505
2023-11-06 12:00:00+09:00,0.7938213987932029
2023-11-06 13:00:00+09:00,0.6304650318884079
2023-11-06 14:00:00+09:00,0.45962453634270795
2023-11-06 15:00:00+09:00,0.2247134535796488
2023-11-06 16:00:00+09:00,0.02065718336610775
2023-11-06 17:00:00+09:00,0.0
2023-11-06 18:00:00+09:00,0.0
2023-11-06 19:00:00+09:00,0.0
2023-11-06 20:00:00+09:00,0.0
2023-11-06 21:00:00+09:00,0.0
2023-11-06 22:00:00+09:00,0.0
2023-11-06 23:00:00+09:00,0.0
2023-11-07 00:00:00+09:00,0.0
2023-11-07 01:00:00+09:00,0.0
2023-11-07 02:00:00+09:00,0.0
2023-11-07 03:00:00+09:00,0.0
2023-11-07 04:00:00+09:00,0.0
2023-11-07 05:00:00+09:00,0.0
2023-11-07 06:00:00+09:00,0.0
2023-11-07 07:00:00+09:00,0.06895499535118114
2023-11-07 08:00:00+09:00,0.09022702415951839
2023-11-07 09:00:00+09:00,0.16157722054705795
2023-11-07 10:00:00+09:00,0.52789921878837
2023-11-07 11:00:00+09:00,0.5249987755915467
2023-11-07 12:00:00+09:00,0.5311433059777523
2023-11-07 13:00:00+09:00,0.4465176467237759
2023-11-07 14:00:00+09:00,0.21881644728752514
2023-11-07 15:00:00+09:00,0.09268281202787493
2023-11-07 16:00:00+09:00,0.005816856211384312
2023-11-07 17:00:00+09:00,0.0
2023-11-07 18:00:00+09:00,0.0
2023-11-07 19:00:00+09:00,0.0
2023-11-07 20:00:00+09:00,0.0
2023-11-07 21:00:00+09:00,0.0
2023-11-07 22:00:00+09:00,0.0
2023-11-07 23:00:00+09:00,0.0
2023-11-08 00:00:00+09:00,0.0
2023-11-08 01:00:00+09:00,0.0
2023-11-08 02:00:00+09:00,0.0
2023-11-08 03:00:00+09:00,0.0
2023-11-08 04:00:00+09:00,0.0
2023-11-08 05:00:00+09:00,0.0
2023-11-08 06:00:00+09:00,0.0
2023-11-08 07:00:00+09:00,0.0339611584032509
2023-11-08 08:00:00+09:00,0.16695481453139716
2023-11-08 09:00:00+09:00,0.27008316690742484
2023-11-08 10:00:00+09:00,0.23356906964462004
2023-11-08 11:00:00+09:00,0.22892187437036635
2023-11-08 12:00:00+09:00,0.17473392904699753
2023-11-08 13:00:00+09:00,0.263860791714964
2023-11-08 14:00:00+09:00,0.1693641783017406
2023-11-08 15:00:00+09:00,0.057862816754624354
2023-11-08 16:00:00+09:00,0.0055518369091264175
2023-11-08 17:00:00+09:00,0.0
2023-11-08 18:00:00+09:00,0.0
2023-11-08 19:00:00+09:00,0.0
2023-11-08 20:00:00+09:00,0.0
2023-11-08 21:00:00+09:00,0.0
2023-11-08 22:00:00+09:00,0.0
2023-11-08 23:00:00+09:00,0.0
2023-11-09 00:00:00+09:00,0.0
2023-11-09 01:00:00+09:00,0.0
2023-11-09 02:00:00+09:00,0.0
2023-11-09 03:00:00+09:00,0.0
2023-11-09 04:00:00+09:00,0.0
2023-11-09 05:00:00+09:00,0.0
2023-11-09 06:00:00+09:00,0.0
2023-11-09 07:00:00+09:00,0.06061843565421385
2023-11-09 08:00:00+09:00,0.1480217929883581
2023-11-09 09:00:00+09:00,0.17723280038889042
2023-11-09 10:00:00+09:00,0.23802531014209358
2023-11-09 11:00:00+09:00,0.19805596070819212
2023-11-09 12:00:00+09:00,0.17231872485158745
2023-11-09 13:00:00+09:00,0.14123799366353482
2023-11-09 14:00:00+09:00,0.090647522842353
2023-11-09 15:00:00+09:00,0.04397725555723534
2023-11-09 16:00:00+09:00,0.0036074049467590867
2023-11-09 17:00:00+09:00,0.0
2023-11-09 18:00:00+09:00,0.0
2023-11-09 19:00:00+09:00,0.0
2023-11-09 20:00:00+09:00,0.0
2023-11-09 21:00:00+09:00,0.0
2023-11-09 22:00:00+09:00,0.0
2023-11-09 23:00:00+09:00,0.0
2023-11-10 00:00:00+09:00,0.0
2023-11-10 01:00:00+09:00,0.0
2023-11-10 02:00:00+09:00,0.0
2023-11-10 03:00:00+09:00,0.0
2023-11-10 04:00:00+09:00,0.0
2023-11-10 05:00:00+09:00,0.0
2023-11-10 06:00:00+09:00,0.0
2023-11-10 07:00:00+09:00,0.16274759279901524
2023-11-10 08:00:00+09:00,0.26047874328065124
2023-11-10 09:00:00+09:00,0.3887938776665677
2023-11-10 10:00:00+09:00,0.4250939148036687
2023-11-10 11:00:00+09:00,0.406020239656288
2023-11-10 12:00:00+09:00,0.23261819033430842
2023-11-10 13:00:00+09:00,0.2460258540761772
2023-11-10 14:00:00+09:00,0.11349803080678564
2023-11-10 15:00:00+09:00,0.1026859478745864
2023-11-10 16:00:00+09:00,0.005778196741640839
2023-11-10 17:00:00+09:00,0.0
2023-11-10 18:00:00+09:00,0.0
2023-11-10 19:00:00+09:00,0.0
2023-11-10 20:00:00+09:00,0.0
2023-11-10 21:00:00+09:00,0.0
2023-11-10 22:00:00+09:00,0.0
2023-11-10 23:00:00+09:00,0.0
2023-11-11 00:00:00+09:00,0.0
2023-11-11 01:00:00+09:00,0.0
2023-11-11 02:00:00+09:00,0.0
2023-11-11 03:00:00+09:00,0.0
2023-11-11 04:00:00+09:00,0.0
2023-11-11 05:00:00+09:00,0.0
2023-11-11 06:00:00+09:00,0.0
2023-11-11 07:00:00+09:00,0.14366063017677172
2023-11-11 08:00:00+09:00,0.3147490909104844
2023-11-11 09:00:00+09:00,0.341150243010423
2023-11-11 10:00:00+09:00,0.4014359218690251
2023-11-11 11:00:00+09:00,0.339559055961263
2023-11-11 12:00:00+09:00,0.3312607200557333
2023-11-11 13:00:00+09:00,0.2548414622388119
2023-11-11 14:00:00+09:00,0.16174784556192398
2023-11-11 15:00:00+09:00,0.04776761947008492
2023-11-11 16:00:00+09:00,0.0047477138684666265
2023-11-11 17:00:00+09:00,0.0
2023-11-11 18:00:00+09:00,0.0
2023-11-11 19:00:00+09:00,0.0
2023-11-11 20:00:00+09:00,0.0
2023-11-11 21:00:00+09:00,0.0
2023-11-11 22:00:00+09:00,0.0
2023-11-11 23:00:00+09:00,0.0
2023-11-12 00:00:00+09:00,0.0
2023-11-12 01:00:00+09:00,0.0
2023-11-12 02:00:00+09:00,0.0
2023-11-12 03:00:00+09:00,0.0
2023-11-12 04:00:00+09:00,0.0
2023-11-12 05:00:00+09:00,0.0
2023-11-12 06:00:00+09:00,0.0
2023-11-12 07:00:00+09:00,0.2904659881894131
2023-11-12 08:00:00+09:00,0.4545436286702624
2023-11-12 09:00:00+09:00,0.6086722869862253
2023-11-12 10:00:00+09:00,0.7717983207234458
2023-11-12 11:00:00+09:00,0.5165152244016716
2023-11-12 12:00:00+09:00,0.4301117806583489
2023-11-12 13:00:00+09:00,0.34951970422365936
2023-11-12 14:00:00+09:00,0.09885072862581744
2023-11-12 15:00:00+09:00,0.10205751529117484
2023-11-12 16:00:00+09:00,0.002349989362060677
2023-11-12 17:00:00+09:00,0.0
2023-11-12 18:00:00+09:00,0.0
2023-11-12 19:00:00+09:00,0.0
2023-11-12 20:00:00+09:00,0.0
2023-11-12 21:00:00+09:00,0.0
2023-11-12 22:00:00+09:00,0.0
2023-11-12 23:00:00+09:00,0.0
2023-11-13 00:00:00+09:00,0.0
2023-11-13 01:00:00+09:00,0.0
2023-11-13 02:00:00+09:00,0.0
2023-11-13 03:00:00+09:00,0.0
2023-11-13 04:00:00+09:00,0.0
2023-11-13 05:00:00+09:00,0.0
2023-11-13 06:00:00+09:00,0.0
2023-11-13 07:00:00+09:00,0.3623107018585857
2023-11-13 08:00:00+09:00,0.5205997337346729
2023-11-13 09:00:00+09:00,0.7337015184348464
2023-11-13 10:00:00+09:00,0.7331598984056106
2023-11-13 11:00:00+09:00,0.5685565451717224
2023-11-13 12:00:00+09:00,0.6443830713730424
2023-11-13 13:00:00+09:00,0.594476144507299
2023-11-13 14:00:00+09:00,0.4523068888734106
2023-11-13 15:00:00+09:00,0.21068700940268312
2023-11-13 16:00:00+09:00,0.016124458271569327
2023-11-13 17:00:00+09:00,0.0
2023-11-13 18:00:00+09:00,0.0
2023-11-13 19:00:00+09:00,0.0
2023-11-13 20:00:00+09:00,0.0
2023-11-13 21:00:00+09:00,0.0
2023-11-13 22:00:00+09:00,0.0
2023-11-13 23:00:00+09:00,0.0
2023-11-14 00:00:00+09:00,0.0
2023-11-14 01:00:00+09:00,0.0
2023-11-14 02:00:00+09:00,0.0
2023-11-14 03:00:00+09:00,0.0
2023-11-14 04:00:00+09:00,0.0
2023-11-14 05:00:00+09:00,0.0
2023-11-14 06:00:00+09:00,0.0
2023-11-14 07:00:00+09:00,0.17682752858560452
2023-11-14 08:00:00+09:00,0.3582175542220495
2023-11-14 09:00:00+09:00,0.4771630963164661
2023-11-14 10:00:00+09:00,0.788595579394613
2023-11-14 11:00:00+09:00,0.8277838887547015
2023-11-14 12:00:00+09:00,0.7725802045439351
2023-11-14 13:00:00+09:00,0.6307461957937627
2023-11-14 14:00:00+09:00,0.4028823637899384
2023-11-14 15:00:00+09:00,0.19987402459079204
2023-11-14 16:00:00+09:00,0.011410305610214836
2023-11-14 17:00:00+09:00,0.0
2023-11-14 18:00:00+09:00,0.0
2023-11-14 19:00:00+09:00,0.0
2023-11-14 20:00:00+09:00,0.0
2023-11-14 21:00:00+09:00,0.0
2023-11-14 22:00:00+09:00,0.0
2023-11-14 23:00:00+09:00,0.0
2023-11-15 00:00:00+09:00,0.0
2023-11-15 01:00:00+09:00,0.0
2023-11-15 02:00:00+09:00,0.0
2023-11-15 03:00:00+09:00,0.0
2023-11-15 04:00:00+09:00,0.0
2023-11-15 05:00:00+09:00,0.0
2023-11-15 06:00:00+09:00,0.0
2023-11-15 07:00:00+09:00,0.17459276975456883
2023-11-15 08:00:00+09:00,0.3253042883365956
2023-11-15 09:00:00+09:00,0.5517580828856363
2023-11-15 10:00:00+09:00,0.5336948880575189
2023-11-15 11:00:00+09:00,0.3856057535875937
2023-11-15 12:00:00+09:00,0.2735151142750893
2023-11-15 13:00:00+09:00,0.14287980984040896
2023-11-15 14:00:00+09:00,0.1078247500522895
2023-11-15 15:00:00+09:00,0.06871520911756604
2023-11-15 16:00:00+09:00,0.002727403568997834
2023-11-15 17:00:00+09:00,0.0
2023-11-15 18:00:00+09:00,0.0
2023-11-15 19:00:00+09:00,0.0
2023-11-15 20:00:00+09:00,0.0
2023-11-15 21:00:00+09:00,0.0
2023-11-15 22:00:00+09:00,0.0
2023-11-15 23:00:00+09:00,0.0
2023-11-16 00:00:00+09:00,0.0
2023-11-16 01:00:00+09:00,0.0
2023-11-16 02:00:00+09:00,0.0
2023-11-16 03:00:00+09:00,0.0
2023-11-16 04:00:00+09:00,0.0
2023-11-16 05:00:00+09:00,0.0
2023-11-16 06:00:00+09:00,0.0
2023-11-16 07:00:00+09:00,0.04579369397605244
2023-11-16 08:00:00+09:00,0.0634746390710586
2023-11-16 09:00:00+09:00,0.07553504261209858
2023-11-16 10:00:00+09:00,0.056608029579445114
2023-11-16 11:00:00+09:00,0.057584168349729854
2023-11-16 12:00:00+09:00,0.0740548286812005
2023-11-16 13:00:00+09:00,0.07334721811408229
2023-11-16 14:00:00+09:00,0.2286061282077247
2023-11-16 15:00:00+09:00,0.02786556181442596
2023-11-16 16:00:00+09:00,0.002041639425411108
2023-11-16 17:00:00+09:00,0.0
2023-11-16 18:00:00+09:00,0.0
2023-11-16 19:00:00+09:00,0.0
2023-11-16 20:00:00+09:00,0.0
2023-11-16 21:00:00+09:00,0.0
2023-11-16 22:00:00+09:00,0.0
2023-11-16 23:00:00+09:00,0.0
2023-11-17 00:00:00+09:00,0.0
2023-11-17 01:00:00+09:00,0.0
2023-11-17 02:00:00+09:00,0.0
2023-11-17 03:00:00+09:00,0.0
2023-11-17 04:00:00+09:00,0.0
2023-11-17 05:00:00+09:00,0.0
2023-11-17 06:00:00+09:00,0.0
2023-11-17 07:00:00+09:00,0.10230636643454948
2023-11-17 08:00:00+09:00,0.2342731713509772
2023-11-17 09:00:00+09:00,0.4293338647999042
2023-11-17 10:00:00+09:00,0.5632536568416974
2023-11-17 11:00:00+09:00,0.6176777538329355
2023-11-17 12:00:00+09:00,0.6213299227740816
2023-11-17 13:00:00+09:00,0.4223358988850409
2023-11-17 14:00:00+09:00,0.2630563976226017
2023-11-17 15:00:00+09:00,0.12300122123284499
2023-11-17 16:00:00+09:00,0.0023691417335783924
2023-11-17 17:00:00+09:00,0.0
2023-11-17 18:00:00+09:00,0.0
2023-11-17 19:00:00+09:00,0.0
2023-11-17 20:00:00+09:00,0.0
2023-11-17 21:00:00+09:00,0.0
2023-11-17 22:00:00+09:00,0.0
2023-11-17 23:00:00+09:00,0.0
2023-11-18 00:00:00+09:00,0.0
2023-11-18 01:00:00+09:00,0.0
2023-11-18 02:00:00+09:00,0.0
2023-11-18 03:00:00+09:00,0.0
2023-11-18 04:00:00+09:00,0.0
2023-11-18 05:00:00+09:00,0.0
2023-11-18 06:00:00+09:00,0.0
2023-11-18 07:00:00+09:00,0.08494715107039016
2023-11-18 08:00:00+09:00,0.19416824310227718
2023-11-18 09:00:00+09:00,0.3768125823414872
2023-11-18 10:00:00+09:00,0.579067183705202
2023-11-18 11:00:00+09:00,0.3411699750762289
2023-11-18 12:00:00+09:00,0.28726456825658087
2023-11-18 13:00:00+09:00,0.2711284714992827
2023-11-18 14:00:00+09:00,0.145285406770957
2023-11-18 15:00:00+09:00,0.048222562268797946
2023-11-18 16:00:00+09:00,0.003712608939879705
2023-11-18 17:00:00+09:00,0.0
2023-11-18 18:00:00+09:00,0.0
2023-11-18 19:00:00+09:00,0.0
2023-11-18 20:00:00+09:00,0.0
2023-11-18 21:00:00+09:00,0.0
2023-11-18 22:00:00+09:00,0.0
2023-11-18 23:00:00+09:00,0.0
2023-11-19 00:00:00+09:00,0.0
2023-11-19 01:00:00+09:00,0.0
2023-11-19 02:00:00+09:00,0.0
2023-11-19 03:00:00+09:00,0.0
2023-11-19 04:00:00+09:00,0.0
2023-11-19 05:00:00+09:00,0.0
2023-11-19 06:00:00+09:00,0.0
2023-11-19 07:00:00+09:00,0.4210875322799187
2023-11-19 08:00:00+09:00,0.6204613934724051
2023-11-19 09:00:00+09:00,0.7685822502753993
2023-11-19 10:00:00+09:00,0.8681500613125978
2023-11-19 11:00:00+09:00,0.8639795506245989
2023-11-19 12:00:00+09:00,0.727986092455138
2023-11-19 13:00:00+09:00,0.6034496356468612
2023-11-19 14:00:00+09:00,0.41054912094691026
2023-11-19 15:00:00+09:00,0.10437037700649197
2023-11-19 16:00:00+09:00,0.007959838104407925
2023-11-19 17:00:00+09:00,0.0
2023-11-19 18:00:00+09:00,0.0
2023-11-19 19:00:00+09:00,0.0
2023-11-19 20:00:00+09:00,0.0
2023-11-19 21:00:00+09:00,0.0
2023-11-19 22:00:00+09:00,0.0
2023-11-19 23:00:00+09:00,0.0
2023-11-20 00:00:00+09:00,0.0
2023-11-20 01:00:00+09:00,0.0
2023-11-20 02:00:00+09:00,0.0
2023-11-20 03:00:00+09:00,0.0
2023-11-20 04:00:00+09:00,0.0
2023-11-20 05:00:00+09:00,0.0
2023-11-20 06:00:00+09:00,0.0
2023-11-20 07:00:00+09:00,0.4270654721833037
2023-11-20 08:00:00+09:00,0.6210001198958763
2023-11-20 09:00:00+09:00,0.7591960166382448
2023-11-20 10:00:00+09:00,0.8724082230919984
2023-11-20 11:00:00+09:00,0.8721534038023436
2023-11-20 12:00:00+09:00,0.8214210854709805
2023-11-20 13:00:00+09:00,0.6331142858844371
2023-11-20 14:00:00+09:00,0.44857336317721247
2023-11-20 15:00:00+09:00,0.19926286625775122
2023-11-20 16:00:00+09:00,0.010547623591503533
2023-11-20 17:00:00+09:00,0.0
2023-11-20 18:00:00+09:00,0.0
2023-11-20 19:00:00+09:00,0.0
2023-11-20 20:00:00+09:00,0.0
2023-11-20 21:00:00+09:00,0.0
2023-11-20 22:00:00+09:00,0.0
2023-11-20 23:00:00+09:00,0.0
2023-11-21 00:00:00+09:00,0.0
2023-11-21 01:00:00+09:00,0.0
2023-11-21 02:00:00+09:00,0.0
2023-11-21 03:00:00+09:00,0.0
2023-11-21 04:00:00+09:00,0.0
2023-11-21 05:00:00+09:00,0.0
2023-11-21 06:00:00+09:00,0.0
2023-11-21 07:00:00+09:00,0.42314923277792826
2023-11-21 08:00:00+09:00,0.613565274782181
2023-11-21 09:00:00+09:00,0.7713737229855322
2023-11-21 10:00:00+09:00,0.8556795441557893
2023-11-21 11:00:00+09:00,0.8657005345475155
2023-11-21 12:00:00+09:00,0.7351504940552294
2023-11-21 13:00:00+09:00,0.6674078723460948
2023-11-21 14:00:00+09:00,0.41386946698590404
2023-11-21 15:00:00+09:00,0.21410808448380003
2023-11-21 16:00:00+09:00,0.007128602852621454
2023-11-21 17:00:00+09:00,0.0
2023-11-21 18:00:00+09:00,0.0
2023-11-21 19:00:00+09:00,0.0
2023-11-21 20:00:00+09:00,0.0
2023-11-21 21:00:00+09:00,0.0
2023-11-21 22:00:00+09:00,0.0
2023-11-21 23:00:00+09:00,0.0
2023-11-22 00:00:00+09:00,0.0
2023-11-22 01:00:00+09:00,0.0
2023-11-22 02:00:00+09:00,0.0
2023-11-22 03:00:00+09:00,0.0
2023-11-22 04:00:00+09:00,0.0
2023-11-22 05:00:00+09:00,0.0
2023-11-22 06:00:00+09:00,0.0
2023-11-22 07:00:00+09:00,0.4077105489468722
2023-11-22 08:00:00+09:00,0.6036504792453309
2023-11-22 09:00:00+09:00,0.7280945433578329
2023-11-22 10:00:00+09:00,0.7904889869783425
2023-11-22 11:00:00+09:00,0.7089656834233465
2023-11-22 12:00:00+09:00,0.6709488191392543
2023-11-22 13:00:00+09:00,0.5134479513916275
2023-11-22 14:00:00+09:00,0.260700489086395
2023-11-22 15:00:00+09:00,0.17777621671364796
2023-11-22 16:00:00+09:00,0.0070805884176495925
2023-11-22 17:00:00+09:00,0.0
2023-11-22 18:00:00+09:00,0.0
2023-11-22 19:00:00+09:00,0.0
2023-11-22 20:00:00+09:00,0.0
2023-11-22 21:00:00+09:00,0.0
2023-11-22 22:00:00+09:00,0.0
2023-11-22 23:00:00+09:00,0.0
2023-11-23 00:00:00+09:00,0.0
2023-11-23 01:00:00+09:00,0.0
2023-11-23 02:00:00+09:00,0.0
2023-11-23 03:00:00+09:00,0.0
2023-11-23 04:00:00+09:00,0.0
2023-11-23 05:00:00+09:00,0.0
2023-11-23 06:00:00+09:00,0.0
2023-11-23 07:00:00+09:00,0.36342825815010976
2023-11-23 08:00:00+09:00,0.5847086499469767
2023-11-23 09:00:00+09:00,0.7469164823536486
2023-11-23 10:00:00+09:00,0.7536860886661844
2023-11-23 11:00:00+09:00,0.5037657980467818
2023-11-23 12:00:00+09:00,0.6445400418482888
2023-11-23 13:00:00+09:00,0.6232235958125094
2023-11-23 14:00:00+09:00,0.4462211833068033
2023-11-23 15:00:00+09:00,0.08584068381656448
2023-11-23 16:00:00+09:00,0.005469987300228815
2023-11-23 17:00:00+09:00,0.0
2023-11-23 18:00:00+09:00,0.0
2023-11-23 19:00:00+09:00,0.0
2023-11-23 20:00:00+09:00,0.0
2023-11-23 21:00:00+09:00,0.0
2023-11-23 22:00:00+09:00,0.0
2023-11-23 23:00:00+09:00,0.0
2023-11-24 00:00:00+09:00,0.0
2023-11-24 01:00:00+09:00,0.0
2023-11-24 02:00:00+09:00,0.0
2023-11-24 03:00:00+09:00,0.0
2023-11-24 04:00:00+09:00,0.0
2023-11-24 05:00:00+09:00,0.0
2023-11-24 06:00:00+09:00,0.0
2023-11-24 07:00:00+09:00,0.3776815109671153
2023-11-24 08:00:00+09:00,0.5500907654352902
2023-11-24 09:00:00+09:00,0.7190621983319125
2023-11-24 10:00:00+09:00,0.6728696391255297
2023-11-24 11:00:00+09:00,0.5732188524780705
2023-11-24 12:00:00+09:00,0.7253079747186054
2023-11-24 13:00:00+09:00,0.40189428350461154
2023-11-24 14:00:00+09:00,0.10038129884423157
2023-11-24 15:00:00+09:00,0.026166621661819257
2023-11-24 16:00:00+09:00,0.0007063073957712049
2023-11-24 17:00:00+09:00,0.0
2023-11-24 18:00:00+09:00,0.0
2023-11-24 19:00:00+09:00,0.0
2023-11-24 20:00:00+09:00,0.0
2023-11-24 21:00:00+09:00,0.0
2023-11-24 22:00:00+09:00,0.0
2023-11-24 23:00:00+09:00,0.0
2023-11-25 00:00:00+09:00,0.0
2023-11-25 01:00:00+09:00,0.0
2023-11-25 02:00:00+09:00,0.0
2023-11-25 03:00:00+09:00,0.0
2023-11-25 04:00:00+09:00,0.0
2023-11-25 05:00:00+09:00,0.0
2023-11-25 06:00:00+09:00,0.0
2023-11-25 07:00:00+09:00,0.024364992031490916
2023-11-25 08:00:00+09:00,0.07105754807071649
2023-11-25 09:00:00+09:00,0.3013605068066976
2023-11-25 10:00:00+09:00,0.4381011055694918
2023-11-25 11:00:00+09:00,0.4019260945025937
2023-11-25 12:00:00+09:00,0.3344785114454216
2023-11-25 13:00:00+09:00,0.25247195746345935
2023-11-25 14:00:00+09:00,0.14479219157078393
2023-11-25 15:00:00+09:00,0.0837402496867427
2023-11-25 16:00:00+09:00,0.003314481073815214
2023-11-25 17:00:00+09:00,0.0
2023-11-25 18:00:00+09:00,0.0
2023-11-25 19:00:00+09:00,0.0
2023-11-25 20:00:00+09:00,0.0
2023-11-25 21:00:00+09:00,0.0
2023-11-25 22:00:00+09:00,0.0
2023-11-25 23:00:00+09:00,0.0
2023-11-26 00:00:00+09:00,0.0
2023-11-26 01:00:00+09:00,0.0
2023-11-26 02:00:00+09:00,0.0
2023-11-26 03:00:00+09:00,0.0
2023-11-26 04:00:00+09:00,0.0
2023-11-26 05:00:00+09:00,0.0
2023-11-26 06:00:00+09:00,0.0
2023-11-26 07:00:00+09:00,0.40566538896397547
2023-11-26 08:00:00+09:00,0.5945684446224743
2023-11-26 09:00:00+09:00,0.7504906019082564
2023-11-26 10:00:00+09:00,0.7746344776022941
2023-11-26 11:00:00+09:00,0.7253701013979837
2023-11-26 12:00:00+09:00,0.49357220815629427
2023-11-26 13:00:00+09:00,0.3223923585387535
2023-11-26 14:00:00+09:00,0.2529687296756632
2023-11-26 15:00:00+09:00,0.12265553235293326
2023-11-26 16:00:00+09:00,0.0035750928432115815
2023-11-26 17:00:00+09:00,0.0
2023-11-26 18:00:00+09:00,0.0
2023-11-26 19:00:00+09:00,0.0
2023-11-26 20:00:00+09:00,0.0
2023-11-26 21:00:00+09:00,0.0
2023-11-26 22:00:00+09:00,0.0
2023-11-26 23:00:00+09:00,0.0
2023-11-27 00:00:00+09:00,0.0
2023-11-27 01:00:00+09:00,0.0
2023-11-27 02:00:00+09:00,0.0
2023-11-27 03:00:00+09:00,0.0
2023-11-27 04:00:00+09:00,0.0
2023-11-27 05:00:00+09:00,0.0
2023-11-27 06:00:00+09:00,0.0
2023-11-27 07:00:00+09:00,0.29308803577461784
2023-11-27 08:00:00+09:00,0.516066123369554
2023-11-27 09:00:00+09:00,0.6321727926370535
2023-11-27 10:00:00+09:00,0.6386181492818269
2023-11-27 11:00:00+09:00,0.4437827741642637
2023-11-27 12:00:00+09:00,0.23625237357557177
2023-11-27 13:00:00+09:00,0.08697057197643153
2023-11-27 14:00:00+09:00,0.05542018176170676
2023-11-27 15:00:00+09:00,0.023866738475838957
2023-11-27 16:00:00+09:00,0.0007079467729840165
2023-11-27 17:00:00+09:00,0.0
2023-11-27 18:00:00+09:00,0.0
2023-11-27 19:00:00+09:00,0.0
2023-11-27 20:00:00+09:00,0.0
2023-11-27 21:00:00+09:00,0.0
2023-11-27 22:00:00+09:00,0.0
2023-11-27 23:00:00+09:00,0.0
2023-11-28 00:00:00+09:00,0.0
2023-11-28 01:00:00+09:00,0.0
2023-11-28 02:00:00+09:00,0.0
2023-11-28 03:00:00+09:00,0.0
2023-11-28 04:00:00+09:00,0.0
2023-11-28 05:00:00+09:00,0.0
2023-11-28 06:00:00+09:00,0.0
2023-11-28 07:00:00+09:00,0.008741704358800602
2023-11-28 08:00:00+09:00,0.03493993671968143
2023-11-28 09:00:00+09:00,0.034743303498672745
2023-11-28 10:00:00+09:00,0.08019978395608472
2023-11-28 11:00:00+09:00,0.05108660216960744
2023-11-28 12:00:00+09:00,0.07135739332531185
2023-11-28 13:00:00+09:00,0.03214070588536
2023-11-28 14:00:00+09:00,0.07032395389253511
2023-11-28 15:00:00+09:00,0.008651694539610972
2023-11-28 16:00:00+09:00,0.00022101789330441373
2023-11-28 17:00:00+09:00,0.0
2023-11-28 18:00:00+09:00,0.0
2023-11-28 19:00:00+09:00,0.0
2023-11-28 20:00:00+09:00,0.0
2023-11-28 21:00:00+09:00,0.0
2023-11-28 22:00:00+09:00,0.0
2023-11-28 23:00:00+09:00,0.0
2023-11-29 00:00:00+09:00,0.0
2023-11-29 01:00:00+09:00,0.0
2023-11-29 02:00:00+09:00,0.0
2023-11-29 03:00:00+09:00,0.0
2023-11-29 04:00:00+09:00,0.0
2023-11-29 05:00:00+09:00,0.0
2023-11-29 06:00:00+09:00,0.0
2023-11-29 07:00:00+09:00,0.4140911609978383
2023-11-29 08:00:00+09:00,0.5724650879306182
2023-11-29 09:00:00+09:00,0.6437532904522908
2023-11-29 10:00:00+09:00,0.761315094325585
2023-11-29 11:00:00+09:00,0.8117665966467053
2023-11-29 12:00:00+09:00,0.6302129056671463
2023-11-29 13:00:00+09:00,0.2842810187384716
2023-11-29 14:00:00+09:00,0.21240453989867264
2023-11-29 15:00:00+09:00,0.18831986382280785
2023-11-29 16:00:00+09:00,0.0038631056854098265
2023-11-29 17:00:00+09:00,0.0
2023-11-29 18:00:00+09:00,0.0
2023-11-29 19:00:00+09:00,0.0
2023-11-29 20:00:00+09:00,0.0
2023-11-29 21:00:00+09:00,0.0
2023-11-29 22:00:00+09:00,0.0
2023-11-29 23:00:00+09:00,0.0
2023-11-30 00:00:00+09:00,0.0
2023-11-30 01:00:00+09:00,0.0
2023-11-30 02:00:00+09:00,0.0
2023-11-30 03:00:00+09:00,0.0
2023-11-30 04:00:00+09:00,0.0
2023-11-30 05:00:00+09:00,0.0
2023-11-30 06:00:00+09:00,0.0
2023-11-30 07:00:00+09:00,0.4491441404745321
2023-11-30 08:00:00+09:00,0.5907440214573573
2023-11-30 09:00:00+09:00,0.7185626879036912
2023-11-30 10:00:00+09:00,0.7854904908157088
2023-11-30 11:00:00+09:00,0.8177680874773945
2023-11-30 12:00:00+09:00,0.7703247789831813
2023-11-30 13:00:00+09:00,0.6311210203342588
2023-11-30 14:00:00+09:00,0.4324735202491909
2023-11-30 15:00:00+09:00,0.20642711873315125
2023-11-30 16:00:00+09:00,0.0065186636545075775
2023-11-30 17:00:00+09:00,0.0
2023-11-30 18:00:00+09:00,0.0
2023-11-30 19:00:00+09:00,0.0
2023-11-30 20:00:00+09:00,0.0
2023-11-30 21:00:00+09:00,0.0
2023-11-30 22:00:00+09:00,0.0
2023-11-30 23:00:00+09:00,0.0
2023-12-01 00:00:00+09:00,0.0
2023-12-01 01:00:00+09:00,0.0
2023-12-01 02:00:00+09:00,0.0
2023-12-01 03:00:00+09:00,0.0
2023-12-01 04:00:00+09:00,0.0
2023-12-01 05:00:00+09:00,0.0
2023-12-01 06:00:00+09:00,0.0
2023-12-01 07:00:00+09:00,0.38062593990537474
2023-12-01 08:00:00+09:00,0.5799867183172837
2023-12-01 09:00:00+09:00,0.7655668736105253
2023-12-01 10:00:00+09:00,0.8278491432399725
2023-12-01 11:00:00+09:00,0.8397946970107425
2023-12-01 12:00:00+09:00,0.6767209437552948
2023-12-01 13:00:00+09:00,0.6155662273784351
2023-12-01 14:00:00+09:00,0.4017023707854961
2023-12-01 15:00:00+09:00,0.18585047122303425
2023-12-01 16:00:00+09:00,0.00607566361206355
2023-12-01 17:00:00+09:00,0.0
2023-12-01 18:00:00+09:00,0.0
2023-12-01 19:00:00+09:00,0.0
2023-12-01 20:00:00+09:00,0.0
2023-12-01 21:00:00+09:00,0.0
2023-12-01 22:00:00+09:00,0.0
2023-12-01 23:00:00+09:00,0.0
2023-12-02 00:00:00+09:00,0.0
2023-12-02 01:00:00+09:00,0.0
2023-12-02 02:00:00+09:00,0.0
2023-12-02 03:00:00+09:00,0.0
2023-12-02 04:00:00+09:00,0.0
2023-12-02 05:00:00+09:00,0.0
2023-12-02 06:00:00+09:00,0.0
2023-12-02 07:00:00+09:00,0.3993244946574718
2023-12-02 08:00:00+09:00,0.5887876219754946
2023-12-02 09:00:00+09:00,0.7504289768507009
2023-12-02 10:00:00+09:00,0.8428855005189991
2023-12-02 11:00:00+09:00,0.8058113176622688
2023-12-02 12:00:00+09:00,0.7417511040597278
2023-12-02 13:00:00+09:00,0.5804302645747065
2023-12-02 14:00:00+09:00,0.3836673415331504
2023-12-02 15:00:00+09:00,0.09926060562735757
2023-12-02 16:00:00+09:00,0.0013239547605525476
2023-12-02 17:00:00+09:00,0.0
2023-12-02 18:00:00+09:00,0.0
2023-12-02 19:00:00+09:00,0.0
2023-12-02 20:00:00+09:00,0.0
2023-12-02 21:00:00+09:00,0.0
2023-12-02 22:00:00+09:00,0.0
2023-12-02 23:00:00+09:00,0.0
2023-12-03 00:00:00+09:00,0.0
2023-12-03 01:00:00+09:00,0.0
2023-12-03 02:00:00+09:00,0.0
2023-12-03 03:00:00+09:00,0.0
2023-12-03 04:00:00+09:00,0.0
2023-12-03 05:00:00+09:00,0.0
2023-12-03 06:00:00+09:00,0.0
2023-12-03 07:00:00+09:00,0.47373933603298374
2023-12-03 08:00:00+09:00,0.616369068274871
2023-12-03 09:00:00+09:00,0.764422314057044
2023-12-03 10:00:00+09:00,0.8370325771197096
2023-12-03 11:00:00+09:00,0.8439929947508867
2023-12-03 12:00:00+09:00,0.7375972781977194
2023-12-03 13:00:00+09:00,0.5261162127344982
2023-12-03 14:00:00+09:00,0.23641185823516492
2023-12-03 15:00:00+09:00,0.08256617165586455
2023-12-03 16:00:00+09:00,0.0013007110532026298
2023-12-03 17:00:00+09:00,0.0
2023-12-03 18:00:00+09:00,0.0
2023-12-03 19:00:00+09:00,0.0
2023-12-03 20:00:00+09:00,0.0
2023-12-03 21:00:00+09:00,0.0
2023-12-03 22:00:00+09:00,0.0
2023-12-03 23:00:00+09:00,0.0
2023-12-04 00:00:00+09:00,0.0
2023-12-04 01:00:00+09:00,0.0
2023-12-04 02:00:00+09:00,0.0
2023-12-04 03:00:00+09:00,0.0
2023-12-04 04:00:00+09:00,0.0
2023-12-04 05:00:00+09:00,0.0
2023-12-04 06:00:00+09:00,0.0
2023-12-04 07:00:00+09:00,0.40864156849586614
2023-12-04 08:00:00+09:00,0.5553036588591799
2023-12-04 09:00:00+09:00,0.619603455336904
2023-12-04 10:00:00+09:00,0.7170851623863291
2023-12-04 11:00:00+09:00,0.7373759329147289
2023-12-04 12:00:00+09:00,0.358576977136719
2023-12-04 13:00:00+09:00,0.3604484475687028
2023-12-04 14:00:00+09:00,0.21269987979278157
2023-12-04 15:00:00+09:00,0.03974869128091739
2023-12-04 16:00:00+09:00,0.0008887665325584321
2023-12-04 17:00:00+09:00,0.0
2023-12-04 18:00:00+09:00,0.0
2023-12-04 19:00:00+09:00,0.0
2023-12-04 20:00:00+09:00,0.0
2023-12-04 21:00:00+09:00,0.0
2023-12-04 22:00:00+09:00,0.0
2023-12-04 23:00:00+09:00,0.0
2023-12-05 00:00:00+09:00,0.0
2023-12-05 01:00:00+09:00,0.0
2023-12-05 02:00:00+09:00,0.0
2023-12-05 03:00:00+09:00,0.0
2023-12-05 04:00:00+09:00,0.0
2023-12-05 05:00:00+09:00,0.0
2023-12-05 06:00:00+09:00,0.0
2023-12-05 07:00:00+09:00,0.03635299452293675
2023-12-05 08:00:00+09:00,0.08777060450118519
2023-12-05 09:00:00+09:00,0.14934960614273296
2023-12-05 10:00:00+09:00,0.1682097187952734
2023-12-05 11:00:00+09:00,0.1254553508728539
2023-12-05 12:00:00+09:00,0.17941186496996608
2023-12-05 13:00:00+09:00,0.16034304640587402
2023-12-05 14:00:00+09:00,0.11421586636793757
2023-12-05 15:00:00+09:00,0.04200771309973995
2023-12-05 16:00:00+09:00,0.0011580918829448882
2023-12-05 17:00:00+09:00,0.0
2023-12-05 18:00:00+09:00,0.0
2023-12-05 19:00:00+09:00,0.0
2023-12-05 20:00:00+09:00,0.0
2023-12-05 21:00:00+09:00,0.0
2023-12-05 22:00:00+09:00,0.0
2023-12-05 23:00:00+09:00,0.0
2023-12-06 00:00:00+09:00,0.0
2023-12-06 01:00:00+09:00,0.0
2023-12-06 02:00:00+09:00,0.0
2023-12-06 03:00:00+09:00,0.0
2023-12-06 04:00:00+09:00,0.0
2023-12-06 05:00:00+09:00,0.0
2023-12-06 06:00:00+09:00,0.0
2023-12-06 07:00:00+09:00,0.09100157986541248
2023-12-06 08:00:00+09:00,0.09282373286050524
2023-12-06 09:00:00+09:00,0.151209267452488
2023-12-06 10:00:00+09:00,0.22581742289968448
2023-12-06 11:00:00+09:00,0.36464535243744184
2023-12-06 12:00:00+09:00,0.36368135771080184
2023-12-06 13:00:00+09:00,0.40880276093068596
2023-12-06 14:00:00+09:00,0.28003385532291036
2023-12-06 15:00:00+09:00,0.10951474771789663
2023-12-06 16:00:00+09:00,0.0012499500949521018
2023-12-06 17:00:00+09:00,0.0
2023-12-06 18:00:00+09:00,0.0
2023-12-06 19:00:00+09:00,0.0
2023-12-06 20:00:00+09:00,0.0
2023-12-06 21:00:00+09:00,0.0
2023-12-06 22:00:00+09:00,0.0
2023-12-06 23:00:00+09:00,0.0
2023-12-07 00:00:00+09:00,0.0
2023-12-07 01:00:00+09:00,0.0
2023-12-07 02:00:00+09:00,0.0
2023-12-07 03:00:00+09:00,0.0
2023-12-07 04:00:00+09:00,0.0
2023-12-07 05:00:00+09:00,0.0
2023-12-07 06:00:00+09:00,0.0
2023-12-07 07:00:00+09:00,0.25173104634308946
2023-12-07 08:00:00+09:00,0.4044041199770473
2023-12-07 09:00:00+09:00,0.6349321193900368
2023-12-07 10:00:00+09:00,0.6617947174731814
2023-12-07 11:00:00+09:00,0.7740344467744652
2023-12-07 12:00:00+09:00,0.6790794335122412
2023-12-07 13:00:00+09:00,0.6206974293066063
2023-12-07 14:00:00+09:00,0.41943253048032214
2023-12-07 15:00:00+09:00,0.18273724168397767
2023-12-07 16:00:00+09:00,0.0013716616896772688
2023-12-07 17:00:00+09:00,0.0
2023-12-07 18:00:00+09:00,0.0
2023-12-07 19:00:00+09:00,0.0
2023-12-07 20:00:00+09:00,0.0
2023-12-07 21:00:00+09:00,0.0
2023-12-07 22:00:00+09:00,0.0
2023-12-07 23:00:00+09:00,0.0
2023-12-08 00:00:00+09:00,0.0
2023-12-08 01:00:00+09:00,0.0
2023-12-08 02:00:00+09:00,0.0
2023-12-08 03:00:00+09:00,0.0
2023-12-08 04:00:00+09:00,0.0
2023-12-08 05:00:00+09:00,0.0
2023-12-08 06:00:00+09:00,0.0
2023-12-08 07:00:00+09:00,0.37537371769213435
2023-12-08 08:00:00+09:00,0.5218199195720944
2023-12-08 09:00:00+09:00,0.6629143567627893
2023-12-08 10:00:00+09:00,0.7079062690116752
2023-12-08 11:00:00+09:00,0.7596900612408043
2023-12-08 12:00:00+09:00,0.670705316501361
2023-12-08 13:00:00+09:00,0.5664966366215318
2023-12-08 14:00:00+09:00,0.3525218145020293
2023-12-08 15:00:00+09:00,0.15090850652812632
2023-12-08 16:00:00+09:00,0.0013784806706337986
2023-12-08 17:00:00+09:00,0.0
2023-12-08 18:00:00+09:00,0.0
2023-12-08 19:00:00+09:00,0.0
2023-12-08 20:00:00+09:00,0.0
2023-12-08 21:00:00+09:00,0.0
2023-12-08 22:00:00+09:00,0.0
2023-12-08 23:00:00+09:00,0.0
2023-12-09 00:00:00+09:00,0.0
2023-12-09 01:00:00+09:00,0.0
2023-12-09 02:00:00+09:00,0.0
2023-12-09 03:00:00+09:00,0.0
2023-12-09 04:00:00+09:00,0.0
2023-12-09 05:00:00+09:00,0.0
2023-12-09 06:00:00+09:00,0.0
2023-12-09 07:00:00+09:00,0.28959642465734153
2023-12-09 08:00:00+09:00,0.4953207107582092
2023-12-09 09:00:00+09:00,0.6961682319755449
2023-12-09 10:00:00+09:00,0.8095965575494776
2023-12-09 11:00:00+09:00,0.8508748174334749
2023-12-09 12:00:00+09:00,0.7815037201072841
2023-12-09 13:00:00+09:00,0.632351719565876
2023-12-09 14:00:00+09:00,0.3679690993870919
2023-12-09 15:00:00+09:00,0.17842784666450714
2023-12-09 16:00:00+09:00,0.0013260592395109732
2023-12-09 17:00:00+09:00,0.0
2023-12-09 18:00:00+09:00,0.0
2023-12-09 19:00:00+09:00,0.0
2023-12-09 20:00:00+09:00,0.0
2023-12-09 21:00:00+09:00,0.0
2023-12-09 22:00:00+09:00,0.0
2023-12-09 23:00:00+09:00,0.0
2023-12-10 00:00:00+09:00,0.0
2023-12-10 01:00:00+09:00,0.0
2023-12-10 02:00:00+09:00,0.0
2023-12-10 03:00:00+09:00,0.0
2023-12-10 04:00:00+09:00,0.0
2023-12-10 05:00:00+09:00,0.0
2023-12-10 06:00:00+09:00,0.0
2023-12-10 07:00:00+09:00,0.41615268962730007
2023-12-10 08:00:00+09:00,0.5292287725361209
2023-12-10 09:00:00+09:00,0.7127756518549642
2023-12-10 10:00:00+09:00,0.791630111974799
2023-12-10 11:00:00+09:00,0.8511104185616686
2023-12-10 12:00:00+09:00,0.7255566070665349
2023-12-10 13:00:00+09:00,0.6249357711949705
2023-12-10 14:00:00+09:00,0.4216820977933488
2023-12-10 15:00:00+09:00,0.21758013216318822
2023-12-10 16:00:00+09:00,0.001429977672181842
2023-12-10 17:00:00+09:00,0.0
2023-12-10 18:00:00+09:00,0.0
2023-12-10 19:00:00+09:00,0.0
2023-12-10 20:00:00+09:00,0.0
2023-12-10 21:00:00+09:00,0.0
2023-12-10 22:00:00+09:00,0.0
2023-12-10 23:00:00+09:00,0.0
2023-12-11 00:00:00+09:00,0.0
2023-12-11 01:00:00+09:00,0.0
2023-12-11 02:00:00+09:00,0.0
2023-12-11 03:00:00+09:00,0.0
2023-12-11 04:00:00+09:00,0.0
2023-12-11 05:00:00+09:00,0.0
2023-12-11 06:00:00+09:00,0.0
2023-12-11 07:00:00+09:00,0.5016813637905118
2023-12-11 08:00:00+09:00,0.591953687930931
2023-12-11 09:00:00+09:00,0.7490112356048136
2023-12-11 10:00:00+09:00,0.8456825618935209
2023-12-11 11:00:00+09:00,0.7688655178546834
2023-12-11 12:00:00+09:00,0.5820889757633422
2023-12-11 13:00:00+09:00,0.43416438960186854
2023-12-11 14:00:00+09:00,0.3220071107057662
2023-12-11 15:00:00+09:00,0.0539677478719383
2023-12-11 16:00:00+09:00,0.0016949606196025627
2023-12-11 17:00:00+09:00,0.0
2023-12-11 18:00:00+09:00,0.0
2023-12-11 19:00:00+09:00,0.0
2023-12-11 20:00:00+09:00,0.0
2023-12-11 21:00:00+09:00,0.0
2023-12-11 22:00:00+09:00,0.0
2023-12-11 23:00:00+09:00,0.0
2023-12-12 00:00:00+09:00,0.0
2023-12-12 01:00:00+09:00,0.0
2023-12-12 02:00:00+09:00,0.0
2023-12-12 03:00:00+09:00,0.0
2023-12-12 04:00:00+09:00,0.0
2023-12-12 05:00:00+09:00,0.0
2023-12-12 06:00:00+09:00,0.0
2023-12-12 07:00:00+09:00,0.49983934602581154
2023-12-12 08:00:00+09:00,0.4874847532523743
2023-12-12 09:00:00+09:00,0.7308846480239032
2023-12-12 10:00:00+09:00,0.8425578628747663
2023-12-12 11:00:00+09:00,0.8402269437557013
2023-12-12 12:00:00+09:00,0.7025259916032309
2023-12-12 13:00:00+09:00,0.45171500384597746
2023-12-12 14:00:00+09:00,0.25738286458955467
2023-12-12 15:00:00+09:00,0.09534682804619463
2023-12-12 16:00:00+09:00,0.002493195797285946
2023-12-12 17:00:00+09:00,0.0
2023-12-12 18:00:00+09:00,0.0
2023-12-12 19:00:00+09:00,0.0
2023-12-12 20:00:00+09:00,0.0
2023-12-12 21:00:00+09:00,0.0
2023-12-12 22:00:00+09:00,0.0
2023-12-12 23:00:00+09:00,0.0
2023-12-13 00:00:00+09:00,0.0
2023-12-13 01:00:00+09:00,0.0
2023-12-13 02:00:00+09:00,0.0
2023-12-13 03:00:00+09:00,0.0
2023-12-13 04:00:00+09:00,0.0
2023-12-13 05:00:00+09:00,0.0
2023-12-13 06:00:00+09:00,0.0
2023-12-13 07:00:00+09:00,0.05375667556997111
2023-12-13 08:00:00+09:00,0.5558378824810747
2023-12-13 09:00:00+09:00,0.7431813676938996
2023-12-13 10:00:00+09:00,0.8258221887003999
2023-12-13 11:00:00+09:00,0.8460835553023969
2023-12-13 12:00:00+09:00,0.7427066669625413
2023-12-13 13:00:00+09:00,0.6534638541123683
2023-12-13 14:00:00+09:00,0.452245117631425
2023-12-13 15:00:00+09:00,0.19836189319109243
2023-12-13 16:00:00+09:00,0.005092678989646952
2023-12-13 17:00:00+09:00,0.0
2023-12-13 18:00:00+09:00,0.0
2023-12-13 19:00:00+09:00,0.0
2023-12-13 20:00:00+09:00,0.0
2023-12-13 21:00:00+09:00,0.0
2023-12-13 22:00:00+09:00,0.0
2023-12-13 23:00:00+09:00,0.0
2023-12-14 00:00:00+09:00,0.0
2023-12-14 01:00:00+09:00,0.0
2023-12-14 02:00:00+09:00,0.0
2023-12-14 03:00:00+09:00,0.0
2023-12-14 04:00:00+09:00,0.0
2023-12-14 05:00:00+09:00,0.0
2023-12-14 06:00:00+09:00,0.0
2023-12-14 07:00:00+09:00,0.04773661717232017
2023-12-14 08:00:00+09:00,0.5784436110599757
2023-12-14 09:00:00+09:00,0.7392708196846071
2023-12-14 10:00:00+09:00,0.7948084567590247
2023-12-14 11:00:00+09:00,0.836710306423754
2023-12-14 12:00:00+09:00,0.7519327497688014
2023-12-14 13:00:00+09:00,0.5844136726858671
2023-12-14 14:00:00+09:00,0.40810042772971794
2023-12-14 15:00:00+09:00,0.22448297983894683
2023-12-14 16:00:00+09:00,0.007584302737868586
2023-12-14 17:00:00+09:00,0.0
2023-12-14 18:00:00+09:00,0.0
2023-12-14 19:00:00+09:00,0.0
2023-12-14 20:00:00+09:00,0.0
2023-12-14 21:00:00+09:00,0.0
2023-12-14 22:00:00+09:00,0.0
2023-12-14 23:00:00+09:00,0.0
2023-12-15 00:00:00+09:00,0.0
2023-12-15 01:00:00+09:00,0.0
2023-12-15 02:00:00+09:00,0.0
2023-12-15 03:00:00+09:00,0.0
2023-12-15 04:00:00+09:00,0.0
2023-12-15 05:00:00+09:00,0.0
2023-12-15 06:00:00+09:00,0.0
2023-12-15 07:00:00+09:00,0.05153395770998174
2023-12-15 08:00:00+09:00,0.5841421992201304
2023-12-15 09:00:00+09:00,0.7641791782078348
2023-12-15 10:00:00+09:00,0.8706134319205263
2023-12-15 11:00:00+09:00,0.7746413496948182
2023-12-15 12:00:00+09:00,0.8378532840888242
2023-12-15 13:00:00+09:00,0.6797359082816984
2023-12-15 14:00:00+09:00,0.48370238736773696
2023-12-15 15:00:00+09:00,0.2260917218199348
2023-12-15 16:00:00+09:00,0.008177443022495928
2023-12-15 17:00:00+09:00,0.0
2023-12-15 18:00:00+09:00,0.0
2023-12-15 19:00:00+09:00,0.0
2023-12-15 20:00:00+09:00,0.0
2023-12-15 21:00:00+09:00,0.0
2023-12-15 22:00:00+09:00,0.0
2023-12-15 23:00:00+09:00,0.0
2023-12-16 00:00:00+09:00,0.0
2023-12-16 01:00:00+09:00,0.0
2023-12-16 02:00:00+09:00,0.0
2023-12-16 03:00:00+09:00,0.0
2023-12-16 04:00:00+09:00,0.0
2023-12-16 05:00:00+09:00,0.0
2023-12-16 06:00:00+09:00,0.0
2023-12-16 07:00:00+09:00,0.049061900161245085
2023-12-16 08:00:00+09:00,0.5787462308028991
2023-12-16 09:00:00+09:00,0.7496036401215045
2023-12-16 10:00:00+09:00,0.8508035124717834
2023-12-16 11:00:00+09:00,0.8728658258142923
2023-12-16 12:00:00+09:00,0.8220238585769003
2023-12-16 13:00:00+09:00,0.6981036546072436
2023-12-16 14:00:00+09:00,0.4963582642203093
2023-12-16 15:00:00+09:00,0.21649313669745945
2023-12-16 16:00:00+09:00,0.0076513151090517855
2023-12-16 17:00:00+09:00,0.0
2023-12-16 18:00:00+09:00,0.0
2023-12-16 19:00:00+09:00,0.0
2023-12-16 20:00:00+09:00,0.0
2023-12-16 21:00:00+09:00,0.0
2023-12-16 22:00:00+09:00,0.0
2023-12-16 23:00:00+09:00,0.0
2023-12-17 00:00:00+09:00,0.0
2023-12-17 01:00:00+09:00,0.0
2023-12-17 02:00:00+09:00,0.0
2023-12-17 03:00:00+09:00,0.0
2023-12-17 04:00:00+09:00,0.0
2023-12-17 05:00:00+09:00,0.0
2023-12-17 06:00:00+09:00,0.0
2023-12-17 07:00:00+09:00,0.04870748299056072
2023-12-17 08:00:00+09:00,0.5461456696215501
2023-12-17 09:00:00+09:00,0.697861500107091
2023-12-17 10:00:00+09:00,0.7954184574253331
2023-12-17 11:00:00+09:00,0.8361704731539852
2023-12-17 12:00:00+09:00,0.7777149733880576
2023-12-17 13:00:00+09:00,0.6373099968041236
2023-12-17 14:00:00+09:00,0.46947337143685536
2023-12-17 15:00:00+09:00,0.21199722332105414
2023-12-17 16:00:00+09:00,0.0056581966266895664
2023-12-17 17:00:00+09:00,0.0
2023-12-17 18:00:00+09:00,0.0
2023-12-17 19:00:00+09:00,0.0
2023-12-17 20:00:00+09:00,0.0
2023-12-17 21:00:00+09:00,0.0
2023-12-17 22:00:00+09:00,0.0
2023-12-17 23:00:00+09:00,0.0
2023-12-18 00:00:00+09:00,0.0
2023-12-18 01:00:00+09:00,0.0
2023-12-18 02:00:00+09:00,0.0
2023-12-18 03:00:00+09:00,0.0
2023-12-18 04:00:00+09:00,0.0
2023-12-18 05:00:00+09:00,0.0
2023-12-18 06:00:00+09:00,0.0
2023-12-18 07:00:00+09:00,0.06392014807929072
2023-12-18 08:00:00+09:00,0.5377987932169951
2023-12-18 09:00:00+09:00,0.747078527554119
2023-12-18 10:00:00+09:00,0.8867006482406661
2023-12-18 11:00:00+09:00,0.8408730941745242
2023-12-18 12:00:00+09:00,0.6771904724263219
2023-12-18 13:00:00+09:00,0.6201499382661857
2023-12-18 14:00:00+09:00,0.4773296143256685
2023-12-18 15:00:00+09:00,0.22294737248432897
2023-12-18 16:00:00+09:00,0.00868230309598322
2023-12-18 17:00:00+09:00,0.0
2023-12-18 18:00:00+09:00,0.0
2023-12-18 19:00:00+09:00,0.0
2023-12-18 20:00:00+09:00,0.0
2023-12-18 21:00:00+09:00,0.0
2023-12-18 22:00:00+09:00,0.0
2023-12-18 23:00:00+09:00,0.0
2023-12-19 00:00:00+09:00,0.0
2023-12-19 01:00:00+09:00,0.0
2023-12-19 02:00:00+09:00,0.0
2023-12-19 03:00:00+09:00,0.0
2023-12-19 04:00:00+09:00,0.0
2023-12-19 05:00:00+09:00,0.0
2023-12-19 06:00:00+09:00,0.0
2023-12-19 07:00:00+09:00,0.05001539800150194
2023-12-19 08:00:00+09:00,0.551583784271953
2023-12-19 09:00:00+09:00,0.7142914704779656
2023-12-19 10:00:00+09:00,0.8148559484702658
2023-12-19 11:00:00+09:00,0.8203739919145462
2023-12-19 12:00:00+09:00,0.7894587836146761
2023-12-19 13:00:00+09:00,0.6445663997115145
2023-12-19 14:00:00+09:00,0.49971190335947513
2023-12-19 15:00:00+09:00,0.23312928989429765
2023-12-19 16:00:00+09:00,0.010034533148534983
2023-12-19 17:00:00+09:00,0.0
2023-12-19 18:00:00+09:00,0.0
2023-12-19 19:00:00+09:00,0.0
2023-12-19 20:00:00+09:00,0.0
2023-12-19 21:00:00+09:00,0.0
2023-12-19 22:00:00+09:00,0.0
2023-12-19 23:00:00+09:00,0.0
2023-12-20 00:00:00+09:00,0.0
2023-12-20 01:00:00+09:00,0.0
2023-12-20 02:00:00+09:00,0.0
2023-12-20 03:00:00+09:00,0.0
2023-12-20 04:00:00+09:00,0.0
2023-12-20 05:00:00+09:00,0.0
2023-12-20 06:00:00+09:00,0.0
2023-12-20 07:00:00+09:00,0.04611421110991291
2023-12-20 08:00:00+09:00,0.5570994852592015
2023-12-20 09:00:00+09:00,0.7349918893557613
2023-12-20 10:00:00+09:00,0.6841295756350866
2023-12-20 11:00:00+09:00,0.6633627564588269
2023-12-20 12:00:00+09:00,0.5308641546697943
2023-12-20 13:00:00+09:00,0.601004352072638
2023-12-20 14:00:00+09:00,0.4683051634585339
2023-12-20 15:00:00+09:00,0.21004035430560622
2023-12-20 16:00:00+09:00,0.010402181191933204
2023-12-20 17:00:00+09:00,0.0
2023-12-20 18:00:00+09:00,0.0
2023-12-20 19:00:00+09:00,0.0
2023-12-20 20:00:00+09:00,0.0
2023-12-20 21:00:00+09:00,0.0
2023-12-20 22:00:00+09:00,0.0
2023-12-20 23:00:00+09:00,0.0
2023-12-21 00:00:00+09:00,0.0
2023-12-21 01:00:00+09:00,0.0
2023-12-21 02:00:00+09:00,0.0
2023-12-21 03:00:00+09:00,0.0
2023-12-21 04:00:00+09:00,0.0
2023-12-21 05:00:00+09:00,0.0
2023-12-21 06:00:00+09:00,0.0
2023-12-21 07:00:00+09:00,0.07137516411718357
2023-12-21 08:00:00+09:00,0.1790085546160055
2023-12-21 09:00:00+09:00,0.2907401410611345
2023-12-21 10:00:00+09:00,0.3795574899879053
2023-12-21 11:00:00+09:00,0.4987763470772089
2023-12-21 12:00:00+09:00,0.478027847761756
2023-12-21 13:00:00+09:00,0.3534593788269827
2023-12-21 14:00:00+09:00,0.09362699290921156
2023-12-21 15:00:00+09:00,0.06480413886335508
2023-12-21 16:00:00+09:00,0.0024093655962883166
2023-12-21 17:00:00+09:00,0.0
2023-12-21 18:00:00+09:00,0.0
2023-12-21 19:00:00+09:00,0.0
2023-12-21 20:00:00+09:00,0.0
2023-12-21 21:00:00+09:00,0.0
2023-12-21 22:00:00+09:00,0.0
2023-12-21 23:00:00+09:00,0.0
2023-12-22 00:00:00+09:00,0.0
2023-12-22 01:00:00+09:00,0.0
2023-12-22 02:00:00+09:00,0.0
2023-12-22 03:00:00+09:00,0.0
2023-12-22 04:00:00+09:00,0.0
2023-12-22 05:00:00+09:00,0.0
2023-12-22 06:00:00+09:00,0.0
2023-12-22 07:00:00+09:00,0.03769881602079698
2023-12-22 08:00:00+09:00,0.278016466826043
2023-12-22 09:00:00+09:00,0.5137173912205643
2023-12-22 10:00:00+09:00,0.6167123753725119
2023-12-22 11:00:00+09:00,0.6188920031980303
2023-12-22 12:00:00+09:00,0.3832390482998116
2023-12-22 13:00:00+09:00,0.30199483389487214
2023-12-22 14:00:00+09:00,0.1507470253915772
2023-12-22 15:00:00+09:00,0.03978370819795734
2023-12-22 16:00:00+09:00,0.001304241798731731
2023-12-22 17:00:00+09:00,0.0
2023-12-22 18:00:00+09:00,0.0
2023-12-22 19:00:00+09:00,0.0
2023-12-22 20:00:00+09:00,0.0
2023-12-22 21:00:00+09:00,0.0
2023-12-22 22:00:00+09:00,0.0
2023-12-22 23:00:00+09:00,0.0
2023-12-23 00:00:00+09:00,0.0
2023-12-23 01:00:00+09:00,0.0
2023-12-23 02:00:00+09:00,0.0
2023-12-23 03:00:00+09:00,0.0
2023-12-23 04:00:00+09:00,0.0
2023-12-23 05:00:00+09:00,0.0
2023-12-23 06:00:00+09:00,0.0
2023-12-23 07:00:00+09:00,0.04371343535876253
2023-12-23 08:00:00+09:00,0.6022885264100429
2023-12-23 09:00:00+09:00,0.7547968953473676
2023-12-23 10:00:00+09:00,0.8691159735522539
2023-12-23 11:00:00+09:00,0.8733863526499064
2023-12-23 12:00:00+09:00,0.7565471938824077
2023-12-23 13:00:00+09:00,0.5485672061438555
2023-12-23 14:00:00+09:00,0.40276307978389625
2023-12-23 15:00:00+09:00,0.2475818721035044
2023-12-23 16:00:00+09:00,0.013953668445252313
2023-12-23 17:00:00+09:00,0.0
2023-12-23 18:00:00+09:00,0.0
2023-12-23 19:00:00+09:00,0.0
2023-12-23 20:00:00+09:00,0.0
2023-12-23 21:00:00+09:00,0.0
2023-12-23 22:00:00+09:00,0.0
2023-12-23 23:00:00+09:00,0.0
2023-12-24 00:00:00+09:00,0.0
2023-12-24 01:00:00+09:00,0.0
2023-12-24 02:00:00+09:00,0.0
2023-12-24 03:00:00+09:00,0.0
2023-12-24 04:00:00+09:00,0.0
2023-12-24 05:00:00+09:00,0.0
2023-12-24 06:00:00+09:00,0.0
2023-12-24 07:00:00+09:00,0.043881501240658316
2023-12-24 08:00:00+09:00,0.5720068553818043
2023-12-24 09:00:00+09:00,0.7471646001434942
2023-12-24 10:00:00+09:00,0.8616954319123411
2023-12-24 11:00:00+09:00,0.8713615460573849
2023-12-24 12:00:00+09:00,0.8264983846549524
2023-12-24 13:00:00+09:00,0.6950669631532339
2023-12-24 14:00:00+09:00,0.5182380189909814
2023-12-24 15:00:00+09:00,0.2457466557141439
2023-12-24 16:00:00+09:00,0.014936632140306877
2023-12-24 17:00:00+09:00,0.0
2023-12-24 18:00:00+09:00,0.0
2023-12-24 19:00:00+09:00,0.0
2023-12-24 20:00:00+09:00,0.0
2023-12-24 21:00:00+09:00,0.0
2023-12-24 22:00:00+09:00,0.0
2023-12-24 23:00:00+09:00,0.0
2023-12-25 00:00:00+09:00,0.0
2023-12-25 01:00:00+09:00,0.0
2023-12-25 02:00:00+09:00,0.0
2023-12-25 03:00:00+09:00,0.0
2023-12-25 04:00:00+09:00,0.0
2023-12-25 05:00:00+09:00,0.0
2023-12-25 06:00:00+09:00,0.0
2023-12-25 07:00:00+09:00,0.04266045341254079
2023-12-25 08:00:00+09:00,0.5625848561474702
2023-12-25 09:00:00+09:00,0.7187578393098533
2023-12-25 10:00:00+09:00,0.8462381993138843
2023-12-25 11:00:00+09:00,0.8741198109415882
2023-12-25 12:00:00+09:00,0.8276289572636794
2023-12-25 13:00:00+09:00,0.7135862299704344
2023-12-25 14:00:00+09:00,0.5191534817186126
2023-12-25 15:00:00+09:00,0.2482318610701487
2023-12-25 16:00:00+09:00,0.015673689779589484
2023-12-25 17:00:00+09:00,0.0
2023-12-25 18:00:00+09:00,0.0
2023-12-25 19:00:00+09:00,0.0
2023-12-25 20:00:00+09:00,0.0
2023-12-25 21:00:00+09:00,0.0
2023-12-25 22:00:00+09:00,0.0
2023-12-25 23:00:00+09:00,0.0
2023-12-26 00:00:00+09:00,0.0
2023-12-26 01:00:00+09:00,0.0
2023-12-26 02:00:00+09:00,0.0
2023-12-26 03:00:00+09:00,0.0
2023-12-26 04:00:00+09:00,0.0
2023-12-26 05:00:00+09:00,0.0
2023-12-26 06:00:00+09:00,0.0
2023-12-26 07:00:00+09:00,0.0433840328932964
2023-12-26 08:00:00+09:00,0.5885814132261578
2023-12-26 09:00:00+09:00,0.7631510928234283
2023-12-26 10:00:00+09:00,0.8678943896217616
2023-12-26 11:00:00+09:00,0.8848177548559594
2023-12-26 12:00:00+09:00,0.8407477606630753
2023-12-26 13:00:00+09:00,0.7250165700000265
2023-12-26 14:00:00+09:00,0.5305503330723675
2023-12-26 15:00:00+09:00,0.2521616241343223
2023-12-26 16:00:00+09:00,0.019641476565406612
2023-12-26 17:00:00+09:00,0.0
2023-12-26 18:00:00+09:00,0.0
2023-12-26 19:00:00+09:00,0.0
2023-12-26 20:00:00+09:00,0.0
2023-12-26 21:00:00+09:00,0.0
2023-12-26 22:00:00+09:00,0.0
2023-12-26 23:00:00+09:00,0.0
2023-12-27 00:00:00+09:00,0.0
2023-12-27 01:00:00+09:00,0.0
2023-12-27 02:00:00+09:00,0.0
2023-12-27 03:00:00+09:00,0.0
2023-12-27 04:00:00+09:00,0.0
2023-12-27 05:00:00+09:00,0.0
2023-12-27 06:00:00+09:00,0.0
2023-12-27 07:00:00+09:00,0.043280867310294915
2023-12-27 08:00:00+09:00,0.5761631309633006
2023-12-27 09:00:00+09:00,0.7472639591240822
2023-12-27 10:00:00+09:00,0.8575453329603832
2023-12-27 11:00:00+09:00,0.8947272709059307
2023-12-27 12:00:00+09:00,0.8587039656513824
2023-12-27 13:00:00+09:00,0.7312685133171335
2023-12-27 14:00:00+09:00,0.5409354649052928
2023-12-27 15:00:00+09:00,0.26831829573302346
2023-12-27 16:00:00+09:00,0.020803101457129658
2023-12-27 17:00:00+09:00,0.0
2023-12-27 18:00:00+09:00,0.0
2023-12-27 19:00:00+09:00,0.0
2023-12-27 20:00:00+09:00,0.0
2023-12-27 21:00:00+09:00,0.0
2023-12-27 22:00:00+09:00,0.0
2023-12-27 23:00:00+09:00,0.0
2023-12-28 00:00:00+09:00,0.0
2023-12-28 01:00:00+09:00,0.0
2023-12-28 02:00:00+09:00,0.0
2023-12-28 03:00:00+09:00,0.0
2023-12-28 04:00:00+09:00,0.0
2023-12-28 05:00:00+09:00,0.0
2023-12-28 06:00:00+09:00,0.0
2023-12-28 07:00:00+09:00,0.046231611999359254
2023-12-28 08:00:00+09:00,0.5806156077395134
2023-12-28 09:00:00+09:00,0.757422732425115
2023-12-28 10:00:00+09:00,0.8434912217618152
2023-12-28 11:00:00+09:00,0.8921183723771725
2023-12-28 12:00:00+09:00,0.8254667774723194
2023-12-28 13:00:00+09:00,0.7245466567259572
2023-12-28 14:00:00+09:00,0.47973699124589925
2023-12-28 15:00:00+09:00,0.2627786972774529
2023-12-28 16:00:00+09:00,0.023076001142282563
2023-12-28 17:00:00+09:00,0.0
2023-12-28 18:00:00+09:00,0.0
2023-12-28 19:00:00+09:00,0.0
2023-12-28 20:00:00+09:00,0.0
2023-12-28 21:00:00+09:00,0.0
2023-12-28 22:00:00+09:00,0.0
2023-12-28 23:00:00+09:00,0.0
2023-12-29 00:00:00+09:00,0.0
2023-12-29 01:00:00+09:00,0.0
2023-12-29 02:00:00+09:00,0.0
2023-12-29 03:00:00+09:00,0.0
2023-12-29 04:00:00+09:00,0.0
2023-12-29 05:00:00+09:00,0.0
2023-12-29 06:00:00+09:00,0.0
2023-12-29 07:00:00+09:00,0.042143511532877695
2023-12-29 08:00:00+09:00,0.5625347259845993
2023-12-29 09:00:00+09:00,0.634862505814383
2023-12-29 10:00:00+09:00,0.4957419123559555
2023-12-29 11:00:00+09:00,0.6465092166709697
2023-12-29 12:00:00+09:00,0.6456592694314455
2023-12-29 13:00:00+09:00,0.6084277289713768
2023-12-29 14:00:00+09:00,0.39416761804425715
2023-12-29 15:00:00+09:00,0.24450849927515417
2023-12-29 16:00:00+09:00,0.02345141721754538
2023-12-29 17:00:00+09:00,0.0
2023-12-29 18:00:00+09:00,0.0
2023-12-29 19:00:00+09:00,0.0
2023-12-29 20:00:00+09:00,0.0
2023-12-29 21:00:00+09:00,0.0
2023-12-29 22:00:00+09:00,0.0
2023-12-29 23:00:00+09:00,0.0
2023-12-30 00:00:00+09:00,0.0
2023-12-30 01:00:00+09:00,0.0
2023-12-30 02:00:00+09:00,0.0
2023-12-30 03:00:00+09:00,0.0
2023-12-30 04:00:00+09:00,0.0
2023-12-30 05:00:00+09:00,0.0
2023-12-30 06:00:00+09:00,0.0
2023-12-30 07:00:00+09:00,0.047735437203848756
2023-12-30 08:00:00+09:00,0.5700156856254033
2023-12-30 09:00:00+09:00,0.7199127878647085
2023-12-30 10:00:00+09:00,0.738628282372491
2023-12-30 11:00:00+09:00,0.5837878318077014
2023-12-30 12:00:00+09:00,0.6228750761052275
2023-12-30 13:00:00+09:00,0.3204107576617388
2023-12-30 14:00:00+09:00,0.12022998226048326
2023-12-30 15:00:00+09:00,0.07569400757150564
2023-12-30 16:00:00+09:00,0.002822449406103822
2023-12-30 17:00:00+09:00,0.0
2023-12-30 18:00:00+09:00,0.0
2023-12-30 19:00:00+09:00,0.0
2023-12-30 20:00:00+09:00,0.0
2023-12-30 21:00:00+09:00,0.0
2023-12-30 22:00:00+09:00,0.0
2023-12-30 23:00:00+09:00,0.0
2023-12-31 00:00:00+09:00,0.0
2023-12-31 01:00:00+09:00,0.0
2023-12-31 02:00:00+09:00,0.0
2023-12-31 03:00:00+09:00,0.0
2023-12-31 04:00:00+09:00,0.0
2023-12-31 05:00:00+09:00,0.0
2023-12-31 06:00:00+09:00,0.0
2023-12-31 07:00:00+09:00,0.04032371468941904
2023-12-31 08:00:00+09:00,0.572900968331422
2023-12-31 09:00:00+09:00,0.7449358119970381
2023-12-31 10:00:00+09:00,0.8691829965936356
2023-12-31 11:00:00+09:00,0.8781016435009172
2023-12-31 12:00:00+09:00,0.7424764851676905
2023-12-31 13:00:00+09:00,0.4057149892869892
2023-12-31 14:00:00+09:00,0.26884114621895067
2023-12-31 15:00:00+09:00,0.1503627635564157
2023-12-31 16:00:00+09:00,0.018796527805489533
2023-12-31 17:00:00+09:00,0.0
2023-12-31 18:00:00+09:00,0.0
2023-12-31 19:00:00+09:00,0.0
2023-12-31 20:00:00+09:00,0.0
2023-12-31 21:00:00+09:00,0.0
2023-12-31 22:00:00+09:00,0.0
2023-12-31 23:00:00+09:00,0.0
