time(UTC),T2m,RH,G(h),Gb(n),Gd(h),IR(h),WS10m,WD10m,SP
20200101:0000,4.03,56.77,296.2,421.94,160.45,16.99,3.88,287.0,102350.0
20200101:0100,4.6,55.04,427.05,650.74,151.35,17.86,4.32,265.0,102270.0
20200101:0200,5.17,53.32,503.3,850.77,94.5,18.73,4.76,252.0,102140.0
20200101:0300,5.74,51.59,494.55,860.44,74.35,19.61,5.21,249.0,101970.0
20200101:0400,6.31,49.87,398.6,698.26,86.7,20.48,5.65,255.0,101850.0
20200101:0500,6.89,48.14,271.65,579.92,63.85,21.35,6.09,257.0,101780.0
20200101:0600,7.46,46.41,116.2,333.17,39.8,22.22,6.54,254.0,101780.0
20200101:0700,8.03,44.69,5.55,20.46,4.15,23.09,6.98,272.0,101870.0
20200101:0800,6.28,60.85,0.0,-0.0,0.0,29.2,4.48,296.0,102000.0
20200101:0900,5.77,63.15,0.0,-0.0,0.0,-1.15,3.38,305.0,102080.0
20200101:1000,5.3,68.1,0.0,-0.0,0.0,-26.3,2.76,282.0,102120.0
20200101:1100,4.67,70.7,0.0,-0.0,0.0,-10.6,3.03,274.0,102140.0
20200101:1200,4.66,68.0,0.0,-0.0,0.0,1.7,3.1,279.0,102150.0
20200101:1300,4.48,65.4,0.0,-0.0,0.0,6.0,2.97,286.0,102170.0
20200101:1400,4.07,65.3,0.0,-0.0,0.0,-7.35,3.03,283.0,102170.0
20200101:1500,3.73,67.8,0.0,-0.0,0.0,-3.65,3.45,278.0,102160.0
20200101:1600,3.7,67.8,0.0,-0.0,0.0,0.95,3.24,281.0,102150.0
20200101:1700,3.81,65.2,0.0,-0.0,0.0,-0.95,3.03,281.0,102150.0
20200101:1800,3.83,65.2,0.0,-0.0,0.0,1.5,3.03,277.0,102140.0
20200101:1900,3.61,65.2,0.0,-0.0,0.0,-4.25,3.1,276.0,102120.0
20200101:2000,3.56,65.2,0.0,-0.0,0.0,4.45,3.38,280.0,102150.0
20200101:2100,3.6,65.2,0.0,-0.0,0.0,1.9,3.66,281.0,102180.0
20200101:2200,3.95,65.3,27.3,0.0,27.3,-2.3,3.45,263.0,102170.0
20200101:2300,4.06,65.3,231.0,962.19,56.25,-2.5,3.31,269.0,102210.0
20200102:0000,4.91,58.3,373.15,938.01,71.1,-0.95,3.79,276.0,102240.0
20200102:0100,5.84,54.05,438.3,762.37,114.8,225.75,4.21,283.0,102230.0
20200102:0200,7.17,46.55,454.1,654.96,138.7,10.8,4.9,285.0,102140.0
20200102:0300,8.04,44.85,391.25,535.85,128.8,14.9,6.97,288.0,102050.0
20200102:0400,7.88,46.65,339.55,500.06,115.3,8.9,6.21,288.0,102010.0
20200102:0500,7.84,46.65,259.1,512.26,74.5,-13.5,5.52,288.0,102050.0
20200102:0600,7.54,48.55,118.9,340.76,40.0,-5.8,5.17,286.0,102070.0
20200102:0700,7.14,50.35,7.5,41.69,4.55,-8.9,4.14,282.0,102120.0
20200102:0800,6.88,54.3,0.0,-0.0,0.0,-1.9,3.79,279.0,102140.0
20200102:0900,6.25,58.55,0.0,-0.0,0.0,-2.1,3.52,278.0,102160.0
20200102:1000,4.44,65.4,0.0,-0.0,0.0,-1.9,3.03,267.0,102160.0
20200102:1100,4.56,68.0,0.0,-0.0,0.0,-0.55,3.31,267.0,102130.0
20200102:1200,4.31,67.9,0.0,-0.0,0.0,0.0,3.03,261.0,102150.0
20200102:1300,4.28,67.9,0.0,-0.0,0.0,0.35,3.17,252.0,102140.0
20200102:1400,4.02,67.9,0.0,-0.0,0.0,-0.55,2.76,250.0,102110.0
20200102:1500,3.76,70.5,0.0,-0.0,0.0,-0.55,2.34,249.0,102060.0
20200102:1600,3.78,70.5,0.0,-0.0,0.0,0.15,2.07,251.0,102020.0
20200102:1700,3.7,70.5,0.0,-0.0,0.0,2.5,1.38,254.0,101970.0
20200102:1800,3.8,73.3,0.0,-0.0,0.0,1.15,1.17,267.0,101910.0
20200102:1900,3.57,76.15,0.0,-0.0,0.0,-3.45,1.24,283.0,101890.0
20200102:2000,3.24,79.1,0.0,-0.0,0.0,22.25,1.31,297.0,101870.0
20200102:2100,2.93,79.1,0.0,-0.0,0.0,28.6,1.31,298.0,101870.0
20200102:2200,3.7,79.15,28.5,0.0,28.5,-23.2,1.31,290.0,101830.0
20200102:2300,2.73,82.15,153.35,397.11,81.25,-18.35,1.38,271.0,101840.0
20200103:0000,3.46,73.3,322.75,731.06,87.05,27.85,1.31,236.0,101860.0
20200103:0100,5.13,60.65,411.8,748.86,93.45,250.7,1.72,209.0,101800.0
20200103:0200,6.37,54.15,408.95,585.33,126.4,-2.3,2.48,216.0,101700.0
20200103:0300,6.95,54.4,348.65,418.26,143.15,15.65,3.45,258.0,101540.0
20200103:0400,7.77,52.45,306.6,437.48,109.6,14.1,3.93,275.0,101460.0
20200103:0500,7.86,48.55,244.3,474.49,72.3,-7.9,4.48,282.0,101430.0
20200103:0600,7.93,54.55,105.4,271.75,41.85,-15.25,3.59,287.0,101430.0
20200103:0700,8.04,56.7,7.2,38.27,4.4,-4.45,3.17,287.0,101470.0
20200103:0800,7.73,58.9,0.0,-0.0,0.0,0.75,2.83,284.0,101520.0
20200103:0900,7.19,63.5,0.0,-0.0,0.0,-5.8,2.0,276.0,101560.0
20200103:1000,6.78,65.85,0.0,-0.0,0.0,-5.95,2.14,258.0,101520.0
20200103:1100,6.39,68.4,0.0,-0.0,0.0,-4.6,2.21,274.0,101530.0
20200103:1200,5.99,73.7,0.0,-0.0,0.0,0.55,1.52,292.0,101550.0
20200103:1300,5.55,73.65,0.0,-0.0,0.0,-2.7,1.66,281.0,101540.0
20200103:1400,5.15,73.55,0.0,-0.0,0.0,2.3,1.66,273.0,101510.0
20200103:1500,4.68,70.7,0.0,-0.0,0.0,0.55,2.62,272.0,101480.0
20200103:1600,4.32,70.6,0.0,-0.0,0.0,-6.55,3.66,278.0,101490.0
20200103:1700,4.17,70.6,0.0,-0.0,0.0,-0.95,3.86,285.0,101510.0
20200103:1800,3.79,70.5,0.0,-0.0,0.0,-4.25,4.07,295.0,101490.0
20200103:1900,3.55,67.8,0.0,-0.0,0.0,3.25,3.93,302.0,101450.0
20200103:2000,3.88,62.8,0.0,-0.0,0.0,-1.15,3.24,305.0,101520.0
20200103:2100,3.8,65.2,0.0,-0.0,0.0,-3.05,2.0,302.0,101540.0
20200103:2200,4.46,60.5,25.95,0.0,25.95,0.15,1.24,225.0,101520.0
20200103:2300,4.27,60.4,206.6,732.61,73.55,2.7,1.93,249.0,101600.0
20200104:0000,4.57,58.2,273.3,473.19,120.5,17.6,2.07,276.0,101640.0
20200104:0100,5.3,56.05,292.2,348.12,143.9,262.9,2.97,289.0,101610.0
20200104:0200,5.83,51.95,353.15,397.42,160.8,12.0,2.69,289.0,101520.0
20200104:0300,6.71,46.4,364.15,475.89,129.55,0.55,3.1,298.0,101430.0
20200104:0400,7.32,43.0,293.4,382.95,120.2,-25.35,3.79,302.0,101380.0
20200104:0500,7.26,43.0,171.5,201.52,98.0,8.5,4.34,305.0,101400.0
20200104:0600,7.09,46.55,96.25,171.42,55.75,-2.1,3.79,310.0,101420.0
20200104:0700,6.79,46.4,7.75,37.02,4.95,-3.45,3.1,312.0,101460.0
20200104:0800,6.56,50.2,0.0,-0.0,0.0,-15.05,2.07,313.0,101470.0
20200104:0900,6.52,52.2,0.0,-0.0,0.0,-5.0,1.72,316.0,101480.0
20200104:1000,5.74,63.15,0.0,-0.0,0.0,-4.6,1.45,319.0,101470.0
20200104:1100,5.11,65.55,0.0,-0.0,0.0,2.7,2.28,328.0,101520.0
20200104:1200,4.85,68.0,0.0,-0.0,0.0,9.05,2.21,334.0,101530.0
20200104:1300,4.95,65.55,0.0,-0.0,0.0,-3.25,1.79,309.0,101590.0
20200104:1400,4.58,70.7,0.0,-0.0,0.0,49.35,1.86,299.0,101600.0
20200104:1500,3.28,76.1,0.0,-0.0,0.0,3.65,2.07,307.0,101590.0
20200104:1600,2.98,76.1,0.0,-0.0,0.0,-4.8,2.0,315.0,101590.0
20200104:1700,2.95,79.1,0.0,-0.0,0.0,-40.6,3.03,321.0,101640.0
20200104:1800,2.86,79.1,0.0,-0.0,0.0,-4.45,3.79,325.0,101690.0
20200104:1900,2.57,79.0,0.0,-0.0,0.0,-16.05,4.14,322.0,101700.0
20200104:2000,2.55,76.0,0.0,-0.0,0.0,-2.3,4.14,320.0,101800.0
20200104:2100,2.25,75.95,0.0,-0.0,0.0,0.15,4.34,321.0,101880.0
20200104:2200,2.58,76.0,27.2,0.0,27.2,-0.55,2.69,343.0,101960.0
20200104:2300,2.48,73.1,227.65,919.85,60.45,-0.15,3.38,335.0,102040.0
20200105:0000,2.9,65.1,336.6,718.17,104.25,-0.35,3.93,331.0,102140.0
20200105:0100,3.19,65.1,449.75,800.0,108.15,226.7,4.41,324.0,102180.0
20200105:0200,3.92,58.05,465.05,681.31,134.35,13.5,4.76,320.0,102130.0
20200105:0300,4.5,53.8,459.45,707.06,109.65,6.75,4.83,316.0,102050.0
20200105:0400,4.89,53.9,332.45,386.81,156.7,-12.15,6.55,311.0,102010.0
20200105:0500,5.18,53.9,257.65,478.95,81.85,8.1,7.59,310.0,102020.0
20200105:0600,5.35,56.05,118.35,295.29,47.85,-7.15,7.24,311.0,102100.0
20200105:0700,4.99,56.05,8.75,37.73,5.8,2.3,6.21,312.0,102190.0
20200105:0800,4.65,58.2,0.0,-0.0,0.0,1.7,5.72,315.0,102310.0
20200105:0900,4.31,62.8,0.0,-0.0,0.0,-0.95,5.31,318.0,102440.0
20200105:1000,3.75,65.2,0.0,-0.0,0.0,18.55,4.21,324.0,102440.0
20200105:1100,3.62,62.7,0.0,-0.0,0.0,14.3,3.86,317.0,102510.0
20200105:1200,3.29,65.1,0.0,-0.0,0.0,-6.0,4.21,315.0,102590.0
20200105:1300,2.91,65.1,0.0,-0.0,0.0,0.75,3.79,314.0,102630.0
20200105:1400,2.7,67.6,0.0,-0.0,0.0,-0.75,3.52,310.0,102580.0
20200105:1500,2.79,67.6,0.0,-0.0,0.0,-25.9,4.14,305.0,102590.0
20200105:1600,2.75,67.6,0.0,-0.0,0.0,-12.35,4.14,302.0,102600.0
20200105:1700,2.9,65.1,0.0,-0.0,0.0,8.3,3.72,294.0,102610.0
20200105:1800,2.75,67.6,0.0,-0.0,0.0,-7.35,3.59,291.0,102560.0
20200105:1900,3.06,65.1,0.0,-0.0,0.0,5.4,3.31,291.0,102540.0
20200105:2000,3.24,65.1,0.0,-0.0,0.0,2.1,3.17,288.0,102550.0
20200105:2100,3.34,65.1,0.0,-0.0,0.0,-0.75,3.1,282.0,102560.0
20200105:2200,3.93,62.8,28.1,0.0,28.1,-3.45,1.79,227.0,102540.0
20200105:2300,4.0,60.4,215.75,828.7,64.9,-0.15,2.62,232.0,102560.0
20200106:0000,4.39,58.2,353.4,836.83,82.05,2.1,3.1,253.0,102590.0
20200106:0100,5.56,54.05,437.75,757.74,113.35,232.9,4.41,278.0,102610.0
20200106:0200,6.81,50.2,319.45,266.69,189.6,11.8,5.31,284.0,102540.0
20200106:0300,7.84,46.65,290.7,207.42,187.7,47.95,5.59,286.0,102430.0
20200106:0400,8.17,44.85,332.35,429.1,136.45,7.7,6.21,291.0,102400.0
20200106:0500,8.58,43.25,210.25,247.79,118.7,-27.65,6.55,294.0,102410.0
20200106:0600,8.44,45.0,113.3,282.4,45.15,-1.9,5.72,299.0,102410.0
20200106:0700,7.7,46.65,8.05,14.23,6.9,-17.0,5.03,305.0,102510.0
20200106:0800,7.07,48.4,0.0,-0.0,0.0,13.5,4.07,312.0,102570.0
20200106:0900,6.76,54.3,0.0,-0.0,0.0,-2.3,3.79,317.0,102640.0
20200106:1000,6.47,54.3,0.0,-0.0,0.0,10.6,2.34,316.0,102650.0
20200106:1100,6.35,56.3,0.0,-0.0,0.0,9.25,2.48,313.0,102680.0
20200106:1200,6.16,58.55,0.0,-0.0,0.0,1.35,2.28,311.0,102760.0
20200106:1300,5.57,58.45,0.0,-0.0,0.0,0.15,2.21,315.0,102750.0
20200106:1400,5.41,60.75,0.0,-0.0,0.0,-22.05,2.28,323.0,102770.0
20200106:1500,4.65,65.4,0.0,-0.0,0.0,-5.95,2.55,330.0,102760.0
20200106:1600,4.04,70.6,0.0,-0.0,0.0,-8.7,2.62,326.0,102760.0
20200106:1700,3.66,73.3,0.0,-0.0,0.0,-14.9,2.34,322.0,102770.0
20200106:1800,3.27,76.1,0.0,-0.0,0.0,-3.45,1.86,314.0,102760.0
20200106:1900,3.13,76.1,0.0,-0.0,0.0,0.0,1.59,318.0,102720.0
20200106:2000,2.73,76.0,0.0,-0.0,0.0,-1.5,1.59,332.0,102640.0
20200106:2100,2.71,76.0,0.0,-0.0,0.0,1.15,1.45,341.0,102720.0
20200106:2200,2.29,82.05,34.0,0.0,34.0,0.0,1.59,343.0,102760.0
20200106:2300,2.03,75.95,201.0,603.6,90.9,3.85,2.21,4.0,102840.0
20200107:0000,2.27,70.2,315.7,572.74,129.5,10.05,2.9,26.0,102850.0
20200107:0100,2.75,67.6,333.3,327.24,192.8,247.6,2.76,31.0,102860.0
20200107:0200,3.33,65.1,382.4,370.93,201.2,16.05,2.21,40.0,102810.0
20200107:0300,4.11,60.4,355.95,323.43,194.7,10.25,1.93,63.0,102660.0
20200107:0400,4.71,58.2,180.8,47.84,158.85,1.7,1.59,79.0,102600.0
20200107:0500,5.09,58.3,121.45,8.2,118.4,12.35,1.59,103.0,102580.0
20200107:0600,5.14,58.3,36.0,0.61,35.85,13.35,1.93,120.0,102560.0
20200107:0700,5.0,65.55,4.1,0.0,4.1,2.7,2.07,130.0,102550.0
20200107:0800,4.67,73.45,0.0,-0.0,0.0,-4.6,2.21,136.0,102540.0
20200107:0900,4.54,73.45,0.0,-0.0,0.0,4.6,2.48,149.0,102530.0
20200107:1000,4.14,79.2,0.0,-0.0,0.0,5.6,2.14,166.0,102490.0
20200107:1100,3.43,85.45,0.0,-0.0,0.0,1.15,2.28,150.0,102450.0
20200107:1200,2.75,92.15,0.0,-0.0,0.0,-13.5,2.62,156.0,102380.0
20200107:1300,2.84,92.15,0.0,-0.0,0.0,17.4,2.76,153.0,102290.0
20200107:1400,2.41,92.15,0.0,-0.0,0.0,1.9,2.14,151.0,102250.0
20200107:1500,2.79,95.7,0.0,-0.0,0.0,3.25,2.69,158.0,102080.0
20200107:1600,2.84,95.7,0.0,-0.0,0.0,-0.55,3.03,161.0,101940.0
20200107:1700,3.27,95.7,0.0,-0.0,0.0,3.25,2.97,160.0,101800.0
20200107:1800,3.63,92.15,0.0,-0.0,0.0,1.7,2.41,157.0,101650.0
20200107:1900,4.09,92.2,0.0,-0.0,0.0,0.15,1.24,174.0,101460.0
20200107:2000,4.0,92.2,0.0,-0.0,0.0,3.05,0.83,228.0,101270.0
20200107:2100,5.59,82.5,0.0,-0.0,0.0,3.45,1.1,287.0,101090.0
20200107:2200,3.92,88.8,8.25,0.0,8.25,3.05,2.83,338.0,101070.0
20200107:2300,3.65,92.15,25.25,0.27,25.2,0.75,2.0,350.0,100970.0
20200108:0000,2.9,92.15,52.7,1.53,52.2,2.3,2.0,300.0,100880.0
20200108:0100,2.82,99.4,79.6,11.73,74.55,335.5,3.31,288.0,100690.0
20200108:0200,3.23,95.7,73.35,2.86,71.95,-0.55,2.76,277.0,100530.0
20200108:0300,3.77,99.4,67.85,5.79,64.95,-1.5,2.34,290.0,100290.0
20200108:0400,4.67,95.75,72.0,3.36,70.45,-0.55,3.59,330.0,99970.0
20200108:0500,4.94,92.25,195.25,326.23,73.05,5.0,3.38,323.0,99860.0
20200108:0600,5.8,95.75,51.25,67.89,34.5,-27.25,2.83,334.0,99770.0
20200108:0700,5.4,92.3,6.75,17.38,5.25,11.4,2.83,324.0,99720.0
20200108:0800,5.48,92.3,0.0,-0.0,0.0,-4.25,2.76,307.0,99690.0
20200108:0900,3.96,99.4,0.0,-0.0,0.0,7.35,2.07,298.0,99670.0
20200108:1000,4.15,99.4,0.0,-0.0,0.0,-49.7,2.21,316.0,99580.0
20200108:1100,3.95,95.75,0.0,-0.0,0.0,-3.85,1.52,314.0,99630.0
20200108:1200,4.41,95.75,0.0,-0.0,0.0,15.25,1.38,279.0,99640.0
20200108:1300,4.58,95.75,0.0,-0.0,0.0,25.7,1.38,243.0,99600.0
20200108:1400,5.29,92.25,0.0,-0.0,0.0,13.9,1.24,247.0,99630.0
20200108:1500,5.89,85.7,0.0,-0.0,0.0,4.8,1.31,246.0,99690.0
20200108:1600,6.55,89.0,0.0,-0.0,0.0,5.6,1.66,254.0,99760.0
20200108:1700,8.02,85.85,0.0,-0.0,0.0,0.95,2.69,282.0,99870.0
20200108:1800,8.64,82.75,0.0,-0.0,0.0,-6.15,5.17,313.0,99980.0
20200108:1900,7.84,82.7,0.0,-0.0,0.0,-11.95,5.38,326.0,100120.0
20200108:2000,7.57,85.85,0.0,-0.0,0.0,-7.9,5.17,325.0,100270.0
20200108:2100,7.21,85.8,0.0,-0.0,0.0,-4.25,5.24,322.0,100450.0
20200108:2200,8.12,76.8,28.1,0.0,28.1,12.95,2.69,315.0,100620.0
20200108:2300,7.88,73.95,170.5,434.12,90.85,-17.4,4.07,328.0,100750.0
20200109:0000,7.93,73.95,286.95,495.09,125.0,-12.35,4.55,342.0,100890.0
20200109:0100,8.08,71.25,268.4,273.41,150.25,281.5,5.03,348.0,101000.0
20200109:0200,8.25,68.6,365.05,547.8,95.5,5.2,4.28,355.0,101060.0
20200109:0300,8.34,71.25,255.75,312.35,98.7,-8.1,3.38,2.0,100990.0
20200109:0400,8.23,66.05,298.1,434.48,96.65,-1.15,2.69,356.0,101070.0
20200109:0500,8.11,66.05,179.2,329.87,54.75,1.9,2.0,355.0,101090.0
20200109:0600,8.02,71.25,66.25,113.61,37.9,-6.75,1.45,340.0,101150.0
20200109:0700,7.95,66.05,8.15,28.6,5.6,31.35,1.31,316.0,101230.0
20200109:0800,8.14,63.6,0.0,-0.0,0.0,-12.95,1.79,308.0,101300.0
20200109:0900,8.03,66.05,0.0,-0.0,0.0,-30.75,2.0,301.0,101380.0
20200109:1000,5.65,76.5,0.0,-0.0,0.0,-16.8,1.86,295.0,101360.0
20200109:1100,5.16,79.35,0.0,-0.0,0.0,-7.15,2.34,293.0,101400.0
20200109:1200,5.49,76.5,0.0,-0.0,0.0,-0.95,1.86,293.0,101430.0
20200109:1300,4.7,82.35,0.0,-0.0,0.0,-0.35,2.07,308.0,101420.0
20200109:1400,4.42,79.3,0.0,-0.0,0.0,-4.05,2.55,325.0,101450.0
20200109:1500,3.97,79.2,0.0,-0.0,0.0,-0.75,2.9,336.0,101420.0
20200109:1600,4.13,82.3,0.0,-0.0,0.0,19.7,3.1,337.0,101420.0
20200109:1700,4.4,79.3,0.0,-0.0,0.0,12.35,3.17,337.0,101470.0
20200109:1800,4.34,79.2,0.0,-0.0,0.0,-1.35,2.76,330.0,101480.0
20200109:1900,4.19,82.3,0.0,-0.0,0.0,32.9,2.69,329.0,101520.0
20200109:2000,4.43,79.3,0.0,-0.0,0.0,-5.8,2.69,330.0,101540.0
20200109:2100,4.18,82.3,0.0,-0.0,0.0,-33.85,2.97,332.0,101610.0
20200109:2200,4.92,79.35,32.6,0.0,32.6,-8.3,2.41,339.0,101640.0
20200109:2300,5.14,82.4,204.85,695.29,76.8,-6.95,3.03,358.0,101720.0
20200110:0000,5.65,76.5,305.0,593.84,110.05,17.95,3.38,5.0,101780.0
20200110:0100,5.82,73.65,341.3,472.46,136.4,266.4,3.79,8.0,101790.0
20200110:0200,5.96,73.7,357.15,373.39,172.7,13.7,3.72,19.0,101790.0
20200110:0300,6.54,68.4,351.9,373.0,163.5,-1.5,3.52,28.0,101700.0
20200110:0400,6.13,68.3,357.45,505.55,121.75,1.5,3.31,31.0,101710.0
20200110:0500,6.28,68.3,153.1,124.46,105.8,-1.9,3.03,32.0,101740.0
20200110:0600,5.7,68.2,42.0,23.18,36.15,5.4,2.62,32.0,101800.0
20200110:0700,5.85,65.65,3.95,1.63,3.8,23.8,2.21,27.0,101840.0
20200110:0800,6.55,68.4,0.0,-0.0,0.0,-0.15,1.66,14.0,101900.0
20200110:0900,6.17,70.95,0.0,-0.0,0.0,-8.1,1.17,354.0,101980.0
20200110:1000,5.58,79.4,0.0,-0.0,0.0,0.95,0.83,354.0,101970.0
20200110:1100,5.52,82.5,0.0,-0.0,0.0,-7.35,0.83,339.0,101960.0
20200110:1200,5.17,85.6,0.0,-0.0,0.0,-9.45,0.62,282.0,101940.0
20200110:1300,4.48,92.25,0.0,-0.0,0.0,-8.1,0.62,264.0,101940.0
20200110:1400,3.79,99.4,0.0,-0.0,0.0,-22.05,0.62,251.0,101930.0
20200110:1500,3.53,99.4,0.0,-0.0,0.0,-16.25,0.9,241.0,101920.0
20200110:1600,3.41,99.4,0.0,-0.0,0.0,5.6,1.17,244.0,101900.0
20200110:1700,2.94,99.4,0.0,-0.0,0.0,-6.75,1.1,245.0,101940.0
20200110:1800,2.65,99.4,0.0,-0.0,0.0,3.25,1.31,244.0,101890.0
20200110:1900,2.69,95.7,0.0,-0.0,0.0,22.05,1.72,249.0,101830.0
20200110:2000,2.19,99.4,0.0,-0.0,0.0,3.05,2.07,248.0,101810.0
20200110:2100,1.82,99.4,0.0,-0.0,0.0,21.45,2.28,246.0,101830.0
20200110:2200,1.57,95.65,33.75,0.0,33.75,-8.3,2.28,253.0,101820.0
20200110:2300,1.33,95.65,170.5,426.01,91.7,-5.0,2.28,245.0,101820.0
20200111:0000,2.32,85.3,334.1,717.46,97.65,-6.55,2.0,240.0,101830.0
20200111:0100,4.35,73.4,459.25,848.39,89.9,257.3,2.21,219.0,101780.0
20200111:0200,6.34,60.85,511.0,846.62,91.05,-11.8,3.38,203.0,101630.0
20200111:0300,7.44,56.7,484.1,761.82,97.5,6.75,4.34,205.0,101450.0
20200111:0400,8.71,54.65,262.8,274.06,134.3,13.15,5.1,209.0,101320.0
20200111:0500,8.79,59.0,244.9,352.7,109.85,9.45,4.41,203.0,101240.0
20200111:0600,9.14,56.9,126.4,315.4,45.85,6.35,4.69,197.0,101210.0
20200111:0700,9.12,59.15,14.0,66.82,7.65,-16.8,4.76,199.0,101160.0
20200111:0800,8.51,66.15,0.0,-0.0,0.0,-12.35,3.79,215.0,101200.0
20200111:0900,8.36,68.6,0.0,-0.0,0.0,11.0,2.83,237.0,101290.0
20200111:1000,6.78,71.05,0.0,-0.0,0.0,0.0,2.28,251.0,101290.0
20200111:1100,6.23,76.55,0.0,-0.0,0.0,-5.6,2.69,245.0,101330.0
20200111:1200,6.04,76.55,0.0,-0.0,0.0,-12.55,2.69,251.0,101340.0
20200111:1300,5.62,76.5,0.0,-0.0,0.0,-7.9,2.48,257.0,101320.0
20200111:1400,5.46,73.65,0.0,-0.0,0.0,-3.05,2.41,259.0,101340.0
20200111:1500,4.89,76.4,0.0,-0.0,0.0,-0.95,2.62,269.0,101360.0
20200111:1600,4.26,82.3,0.0,-0.0,0.0,0.95,3.03,280.0,101370.0
20200111:1700,3.99,82.3,0.0,-0.0,0.0,0.75,3.17,289.0,101320.0
20200111:1800,3.42,85.45,0.0,-0.0,0.0,-8.5,3.24,292.0,101310.0
20200111:1900,3.36,85.4,0.0,-0.0,0.0,22.25,3.24,292.0,101310.0
20200111:2000,3.35,88.7,0.0,-0.0,0.0,4.05,3.03,298.0,101310.0
20200111:2100,3.38,85.45,0.0,-0.0,0.0,-6.75,2.28,301.0,101320.0
20200111:2200,4.16,82.3,38.35,0.0,38.35,1.5,1.52,286.0,101320.0
20200111:2300,3.67,82.25,189.95,435.76,108.95,-0.75,1.17,277.0,101360.0
20200112:0000,4.11,82.3,334.5,600.99,135.6,11.6,0.76,261.0,101360.0
20200112:0100,4.58,79.3,441.05,686.75,140.85,253.8,0.62,231.0,101370.0
20200112:0200,5.16,73.55,492.35,801.62,93.0,-2.1,0.97,200.0,101300.0
20200112:0300,7.16,52.35,308.0,195.71,208.2,0.55,1.17,200.0,101200.0
20200112:0400,7.34,58.8,229.4,162.94,152.55,38.3,0.97,163.0,101090.0
20200112:0500,6.89,65.95,173.6,156.67,113.15,12.15,0.97,138.0,101050.0
20200112:0600,7.22,63.5,85.9,78.74,65.55,-15.85,0.9,132.0,101050.0
20200112:0700,7.21,65.95,9.0,8.16,8.2,0.35,0.97,116.0,101060.0
20200112:0800,7.3,71.15,0.0,-0.0,0.0,13.7,1.52,114.0,101030.0
20200112:0900,7.07,76.7,0.0,-0.0,0.0,-22.45,1.79,143.0,101070.0
20200112:1000,6.9,76.7,0.0,-0.0,0.0,-17.8,1.86,193.0,101050.0
20200112:1100,7.18,79.65,0.0,-0.0,0.0,14.1,1.93,193.0,101050.0
20200112:1200,6.98,79.65,0.0,-0.0,0.0,18.75,2.0,203.0,101000.0
20200112:1300,6.49,82.6,0.0,-0.0,0.0,4.05,1.52,225.0,100990.0
20200112:1400,6.02,85.7,0.0,-0.0,0.0,-24.35,1.52,232.0,100970.0
20200112:1500,5.21,88.85,0.0,-0.0,0.0,4.6,1.38,236.0,100910.0
20200112:1600,4.74,92.25,0.0,-0.0,0.0,-5.6,1.45,235.0,100890.0
20200112:1700,4.41,88.85,0.0,-0.0,0.0,0.35,1.72,236.0,100910.0
20200112:1800,4.29,92.2,0.0,-0.0,0.0,9.85,1.66,244.0,100910.0
20200112:1900,4.23,92.2,0.0,-0.0,0.0,-1.7,1.72,247.0,100890.0
20200112:2000,3.8,92.15,0.0,-0.0,0.0,-17.6,1.31,261.0,100900.0
20200112:2100,4.02,88.8,0.0,-0.0,0.0,21.65,1.1,267.0,100970.0
20200112:2200,4.02,92.2,29.3,0.0,29.3,18.15,1.59,291.0,100980.0
20200112:2300,3.96,88.8,152.25,310.06,94.3,-9.25,2.41,316.0,101010.0
20200113:0000,4.82,85.55,261.75,425.47,120.3,-9.85,3.03,330.0,101170.0
20200113:0100,5.3,82.4,353.75,464.0,150.05,279.0,3.59,341.0,101220.0
20200113:0200,5.83,79.4,283.6,262.18,152.4,7.7,4.07,346.0,101200.0
20200113:0300,5.96,76.55,210.75,130.73,143.75,18.15,4.41,350.0,101160.0
20200113:0400,6.08,76.55,199.85,180.73,114.1,8.7,4.34,354.0,101200.0
20200113:0500,6.56,73.8,189.45,219.74,104.0,-7.5,4.0,358.0,101270.0
20200113:0600,6.79,73.8,95.6,166.32,52.1,-18.35,3.86,8.0,101300.0
20200113:0700,7.02,65.95,12.15,43.49,7.75,1.15,3.31,14.0,101410.0
20200113:0800,7.38,65.95,0.0,-0.0,0.0,-5.2,2.9,15.0,101500.0
20200113:0900,7.58,68.6,0.0,-0.0,0.0,-28.4,2.62,18.0,101590.0
20200113:1000,7.21,76.7,0.0,-0.0,0.0,12.55,2.69,15.0,101650.0
20200113:1100,7.01,76.7,0.0,-0.0,0.0,-6.35,2.34,25.0,101740.0
20200113:1200,6.81,79.55,0.0,-0.0,0.0,5.6,1.86,34.0,101790.0
20200113:1300,6.3,82.55,0.0,-0.0,0.0,6.95,2.07,16.0,101850.0
20200113:1400,5.74,85.65,0.0,-0.0,0.0,26.7,1.72,24.0,101850.0
20200113:1500,5.44,85.65,0.0,-0.0,0.0,-15.25,1.1,328.0,101850.0
20200113:1600,3.24,95.7,0.0,-0.0,0.0,2.3,1.38,327.0,101910.0
20200113:1700,3.3,95.7,0.0,-0.0,0.0,10.05,1.17,312.0,101950.0
20200113:1800,2.2,99.4,0.0,-0.0,0.0,-15.85,0.69,244.0,101950.0
20200113:1900,1.23,99.35,0.0,-0.0,0.0,-7.7,0.97,230.0,101960.0
20200113:2000,0.43,99.4,0.0,-0.0,0.0,-16.45,1.03,244.0,101990.0
20200113:2100,0.55,99.4,0.0,-0.0,0.0,-6.15,1.1,250.0,102050.0
20200113:2200,2.88,99.4,27.55,0.0,27.55,-5.0,1.38,248.0,102070.0
20200113:2300,2.9,95.7,210.5,714.54,76.15,-6.75,1.72,229.0,102120.0
20200114:0000,4.2,92.2,342.4,776.21,83.1,4.25,1.31,238.0,102120.0
20200114:0100,5.26,85.6,469.6,871.89,85.1,254.4,1.59,215.0,102200.0
20200114:0200,6.5,68.4,482.4,752.81,103.9,-8.9,2.21,211.0,102100.0
20200114:0300,7.69,61.2,435.2,556.97,148.25,6.0,2.55,236.0,101910.0
20200114:0400,8.33,58.9,249.8,194.39,157.0,26.5,2.83,243.0,101920.0
20200114:0500,8.56,59.0,167.8,98.99,129.0,20.3,2.55,239.0,101930.0
20200114:0600,8.42,61.3,76.1,20.02,70.8,6.55,2.14,240.0,101960.0
20200114:0700,8.24,63.6,11.8,5.27,11.25,-1.7,1.38,232.0,102010.0
20200114:0800,8.6,66.15,0.0,-0.0,0.0,-16.45,1.79,236.0,101980.0
20200114:0900,8.14,71.25,0.0,-0.0,0.0,-7.7,1.66,248.0,102100.0
20200114:1000,7.02,73.9,0.0,-0.0,0.0,29.2,1.24,280.0,102180.0
20200114:1100,6.58,79.55,0.0,-0.0,0.0,5.4,1.72,341.0,102160.0
20200114:1200,6.69,82.6,0.0,-0.0,0.0,0.55,3.03,4.0,102220.0
20200114:1300,6.2,85.7,0.0,-0.0,0.0,0.75,3.03,8.0,102230.0
20200114:1400,5.99,85.7,0.0,-0.0,0.0,0.95,2.9,17.0,102210.0
20200114:1500,5.57,88.9,0.0,-0.0,0.0,-15.05,2.48,19.0,102140.0
20200114:1600,5.96,85.7,0.0,-0.0,0.0,22.8,2.28,13.0,102110.0
20200114:1700,5.7,92.3,0.0,-0.0,0.0,1.35,2.28,10.0,102070.0
20200114:1800,5.22,92.25,0.0,-0.0,0.0,-2.9,2.48,4.0,102050.0
20200114:1900,5.06,92.25,0.0,-0.0,0.0,-0.55,2.69,7.0,101990.0
20200114:2000,4.98,92.25,0.0,-0.0,0.0,3.05,3.24,4.0,101930.0
20200114:2100,4.88,92.25,0.0,-0.0,0.0,-0.75,3.86,4.0,101900.0
20200114:2200,4.34,99.4,5.95,0.0,5.95,-0.35,3.45,4.0,101900.0
20200114:2300,4.08,99.4,24.0,0.0,24.0,0.75,4.0,12.0,101820.0
20200115:0000,3.7,99.4,35.85,7.15,33.45,0.0,4.55,20.0,101760.0
20200115:0100,2.88,99.4,48.5,1.92,47.65,324.25,4.97,22.0,101670.0
20200115:0200,2.2,99.4,32.95,6.33,29.75,-1.7,5.17,17.0,101550.0
20200115:0300,2.3,100.0,50.0,12.94,43.3,2.7,5.1,7.0,101440.0
20200115:0400,2.35,99.4,42.8,9.05,38.45,-5.8,5.59,357.0,101420.0
20200115:0500,2.4,92.15,46.05,0.0,46.05,0.0,5.59,350.0,101360.0
20200115:0600,2.83,92.15,28.05,0.0,28.05,-1.5,5.24,346.0,101420.0
20200115:0700,3.24,92.15,7.2,1.39,7.05,3.05,4.83,342.0,101470.0
20200115:0800,3.81,92.15,0.0,-0.0,0.0,-10.8,4.14,344.0,101530.0
20200115:0900,4.03,88.8,0.0,-0.0,0.0,-16.25,3.66,333.0,101600.0
20200115:1000,4.54,88.85,0.0,-0.0,0.0,8.9,3.24,313.0,101670.0
20200115:1100,4.61,88.85,0.0,-0.0,0.0,12.55,3.66,309.0,101800.0
20200115:1200,4.03,88.8,0.0,-0.0,0.0,-57.65,3.59,313.0,101840.0
20200115:1300,3.79,88.75,0.0,-0.0,0.0,-17.6,4.07,305.0,101940.0
20200115:1400,3.56,82.25,0.0,-0.0,0.0,-5.6,4.83,307.0,101920.0
20200115:1500,3.21,82.2,0.0,-0.0,0.0,-7.7,4.76,304.0,101940.0
20200115:1600,2.94,79.1,0.0,-0.0,0.0,-5.4,4.55,297.0,101960.0
20200115:1700,2.36,76.0,0.0,-0.0,0.0,-4.25,4.34,292.0,102010.0
20200115:1800,1.76,82.0,0.0,-0.0,0.0,0.55,3.93,287.0,102050.0
20200115:1900,1.18,81.95,0.0,-0.0,0.0,1.35,3.31,279.0,102090.0
20200115:2000,0.49,81.9,0.0,-0.0,0.0,1.5,2.69,270.0,102140.0
20200115:2100,0.03,85.1,0.0,-0.0,0.0,0.0,1.93,251.0,102230.0
20200115:2200,3.37,76.15,29.1,0.0,29.1,-1.35,2.76,234.0,102220.0
20200115:2300,3.14,76.1,244.45,969.88,59.6,1.35,3.24,243.0,102220.0
20200116:0000,3.73,73.3,391.95,928.05,78.65,1.5,3.52,254.0,102250.0
20200116:0100,4.65,65.4,488.15,888.42,92.55,224.0,4.21,269.0,102240.0
20200116:0200,5.76,56.2,456.5,560.28,172.0,7.7,4.83,271.0,102180.0
20200116:0300,6.81,50.2,320.05,186.92,222.7,32.7,5.72,279.0,102070.0
20200116:0400,7.36,48.4,383.55,484.06,149.5,30.75,5.72,282.0,102030.0
20200116:0500,7.78,46.65,225.5,259.41,122.15,-34.25,4.55,282.0,102030.0
20200116:0600,7.67,46.65,138.25,279.96,62.3,27.05,4.14,285.0,102060.0
20200116:0700,7.29,48.4,19.95,77.6,11.35,-24.35,3.03,282.0,102090.0
20200116:0800,7.06,52.35,0.0,-0.0,0.0,-16.05,2.41,275.0,102160.0
20200116:0900,6.55,58.65,0.0,-0.0,0.0,3.65,2.21,270.0,102200.0
20200116:1000,6.3,63.25,0.0,-0.0,0.0,11.0,1.24,268.0,102250.0
20200116:1100,5.93,65.75,0.0,-0.0,0.0,-18.55,1.38,253.0,102270.0
20200116:1200,5.06,70.8,0.0,-0.0,0.0,-8.5,1.59,262.0,102230.0
20200116:1300,4.53,73.45,0.0,-0.0,0.0,-7.9,1.38,269.0,102230.0
20200116:1400,3.82,76.15,0.0,-0.0,0.0,3.05,1.52,274.0,102200.0
20200116:1500,3.52,76.15,0.0,-0.0,0.0,14.3,1.52,279.0,102150.0
20200116:1600,3.49,76.15,0.0,-0.0,0.0,5.0,1.59,280.0,102150.0
20200116:1700,3.33,82.2,0.0,-0.0,0.0,6.0,1.79,280.0,102160.0
20200116:1800,3.48,79.15,0.0,-0.0,0.0,18.95,2.0,279.0,102140.0
20200116:1900,3.28,82.2,0.0,-0.0,0.0,-43.7,2.0,279.0,102100.0
20200116:2000,3.01,79.1,0.0,-0.0,0.0,0.35,1.79,274.0,102090.0
20200116:2100,3.2,82.2,0.0,-0.0,0.0,5.95,1.52,265.0,102130.0
20200116:2200,3.03,82.2,38.35,0.0,38.35,0.55,1.66,263.0,102150.0
20200116:2300,2.7,82.15,192.85,468.67,102.85,-7.9,1.93,260.0,102170.0
20200117:0000,3.41,76.15,330.0,535.18,148.3,11.2,1.52,266.0,102180.0
20200117:0100,4.59,70.7,420.25,551.07,173.6,244.55,1.59,300.0,102210.0
20200117:0200,5.53,65.65,457.5,487.43,208.7,6.15,2.41,328.0,102150.0
20200117:0300,6.65,56.45,394.5,349.58,211.4,8.7,2.76,336.0,101990.0
20200117:0400,7.5,50.45,281.85,159.34,204.3,20.5,2.76,338.0,101870.0
20200117:0500,7.78,50.45,221.45,252.91,119.85,12.75,2.34,355.0,101800.0
20200117:0600,7.89,52.45,152.95,372.64,50.6,-17.95,1.52,359.0,101820.0
20200117:0700,7.41,58.9,20.05,80.59,10.85,-19.7,1.31,39.0,101890.0
20200117:0800,7.43,66.05,0.0,-0.0,0.0,-2.9,1.86,20.0,101920.0
20200117:0900,7.49,58.9,0.0,-0.0,0.0,-4.6,1.66,4.0,101960.0
20200117:1000,6.65,63.35,0.0,-0.0,0.0,-6.0,1.72,338.0,101980.0
20200117:1100,5.86,70.85,0.0,-0.0,0.0,1.15,1.45,349.0,101970.0
20200117:1200,5.2,73.55,0.0,-0.0,0.0,4.8,1.66,351.0,101990.0
20200117:1300,4.43,73.45,0.0,-0.0,0.0,-1.5,2.48,354.0,101950.0
20200117:1400,4.12,73.4,0.0,-0.0,0.0,4.25,2.55,350.0,101940.0
20200117:1500,3.57,76.15,0.0,-0.0,0.0,-1.5,2.9,351.0,101870.0
20200117:1600,3.12,76.1,0.0,-0.0,0.0,5.0,3.1,353.0,101850.0
20200117:1700,3.11,76.1,0.0,-0.0,0.0,-1.5,3.72,357.0,101780.0
20200117:1800,2.97,76.1,0.0,-0.0,0.0,0.75,3.66,2.0,101800.0
20200117:1900,2.77,76.0,0.0,-0.0,0.0,5.2,4.41,4.0,101750.0
20200117:2000,2.86,73.2,0.0,-0.0,0.0,1.35,4.97,5.0,101720.0
20200117:2100,2.85,73.1,0.0,-0.0,0.0,-3.25,4.97,4.0,101720.0
20200117:2200,2.75,73.1,41.85,0.0,41.85,4.8,3.66,352.0,101730.0
20200117:2300,2.65,76.0,108.6,43.91,100.1,2.1,4.07,357.0,101700.0
20200118:0000,2.73,79.0,148.85,27.08,139.6,20.5,4.83,2.0,101710.0
20200118:0100,2.67,76.0,123.9,20.33,114.75,287.1,5.66,359.0,101630.0
20200118:0200,2.94,76.1,122.85,0.68,122.5,18.75,5.72,355.0,101540.0
20200118:0300,3.03,79.1,129.4,6.36,126.05,4.05,5.79,359.0,101380.0
20200118:0400,3.46,79.15,82.0,0.51,81.75,1.35,5.59,3.0,101320.0
20200118:0500,3.53,82.25,70.85,2.72,69.75,2.5,5.38,8.0,101340.0
20200118:0600,3.75,82.25,34.9,5.75,33.3,-4.8,5.31,9.0,101340.0
20200118:0700,4.02,76.25,5.95,2.13,5.7,6.15,5.45,11.0,101340.0
20200118:0800,4.08,73.4,0.0,-0.0,0.0,-5.8,5.52,16.0,101370.0
20200118:0900,4.0,76.25,0.0,-0.0,0.0,-5.6,5.52,15.0,101430.0
20200118:1000,4.24,76.25,0.0,-0.0,0.0,5.8,5.24,6.0,101410.0
20200118:1100,4.29,76.25,0.0,-0.0,0.0,-5.0,5.52,1.0,101440.0
20200118:1200,3.94,76.25,0.0,-0.0,0.0,-10.05,5.59,357.0,101510.0
20200118:1300,3.72,79.15,0.0,-0.0,0.0,3.65,5.59,351.0,101500.0
20200118:1400,3.67,79.15,0.0,-0.0,0.0,-19.5,5.31,345.0,101510.0
20200118:1500,3.45,76.15,0.0,-0.0,0.0,0.75,4.76,343.0,101480.0
20200118:1600,3.28,76.1,0.0,-0.0,0.0,-1.7,4.34,346.0,101490.0
20200118:1700,2.86,73.2,0.0,-0.0,0.0,-9.25,4.14,346.0,101480.0
20200118:1800,2.35,76.0,0.0,-0.0,0.0,-17.4,4.07,341.0,101500.0
20200118:1900,2.34,78.95,0.0,-0.0,0.0,2.5,4.0,332.0,101480.0
20200118:2000,2.19,78.95,0.0,-0.0,0.0,-3.05,3.86,320.0,101490.0
20200118:2100,1.92,78.95,0.0,-0.0,0.0,-3.65,3.59,309.0,101560.0
20200118:2200,2.02,82.05,32.15,0.0,32.15,-3.25,2.41,300.0,101590.0
20200118:2300,2.08,78.95,248.4,941.96,64.5,-13.15,2.55,305.0,101640.0
20200119:0000,3.07,73.2,410.2,982.06,72.7,-2.7,2.62,314.0,101680.0
20200119:0100,3.94,67.9,424.7,622.9,142.85,225.0,3.03,320.0,101720.0
20200119:0200,5.03,60.65,375.8,391.08,174.0,30.95,3.17,338.0,101620.0
20200119:0300,5.62,58.45,366.5,349.2,181.45,21.05,3.17,346.0,101500.0
20200119:0400,6.24,54.15,256.55,195.02,160.35,11.0,2.62,355.0,101430.0
20200119:0500,6.4,54.3,227.2,248.79,125.55,-5.0,1.72,30.0,101390.0
20200119:0600,6.23,60.85,96.95,57.89,80.65,-1.15,1.59,72.0,101400.0
20200119:0700,6.44,58.65,18.2,30.59,14.5,8.7,1.66,103.0,101420.0
20200119:0800,6.98,61.1,0.0,-0.0,0.0,-10.8,1.72,119.0,101430.0
20200119:0900,6.56,65.85,0.0,-0.0,0.0,-5.2,2.76,141.0,101450.0
20200119:1000,5.04,73.55,0.0,-0.0,0.0,-5.4,3.17,166.0,101440.0
20200119:1100,5.27,73.55,0.0,-0.0,0.0,-1.9,3.03,175.0,101410.0
20200119:1200,5.14,73.55,0.0,-0.0,0.0,-22.05,3.66,187.0,101350.0
20200119:1300,5.0,68.1,0.0,-0.0,0.0,3.85,4.0,206.0,101330.0
20200119:1400,4.18,70.6,0.0,-0.0,0.0,-2.5,3.93,214.0,101270.0
20200119:1500,4.51,70.7,0.0,-0.0,0.0,19.9,4.14,219.0,101200.0
20200119:1600,4.55,68.0,0.0,-0.0,0.0,-5.2,3.79,226.0,101140.0
20200119:1700,5.09,68.1,0.0,-0.0,0.0,-5.4,3.38,228.0,101140.0
20200119:1800,4.8,73.45,0.0,-0.0,0.0,-13.35,3.24,229.0,101130.0
20200119:1900,4.95,70.8,0.0,-0.0,0.0,-5.0,3.24,226.0,101140.0
20200119:2000,5.43,68.2,0.0,-0.0,0.0,-0.55,3.66,226.0,101130.0
20200119:2100,5.76,65.65,0.0,-0.0,0.0,0.35,4.55,237.0,101190.0
20200119:2200,6.55,63.35,29.35,0.0,29.35,-0.35,4.69,244.0,101230.0
20200119:2300,5.96,63.25,246.55,943.46,60.7,-0.75,4.48,246.0,101250.0
20200120:0000,6.48,61.0,383.35,862.39,85.05,5.95,4.21,236.0,101260.0
20200120:0100,7.69,54.55,465.85,775.48,112.95,250.7,4.48,242.0,101300.0
20200120:0200,8.13,52.45,454.05,582.44,151.8,-0.95,4.34,258.0,101270.0
20200120:0300,8.25,54.55,486.3,695.98,115.25,7.5,4.0,263.0,101190.0
20200120:0400,8.72,50.6,415.6,589.19,122.95,5.8,4.69,271.0,101180.0
20200120:0500,8.85,48.65,322.15,579.94,83.15,-4.25,4.83,278.0,101210.0
20200120:0600,8.71,48.65,153.1,304.93,66.15,-6.15,4.48,279.0,101240.0
20200120:0700,8.31,50.45,24.05,83.98,13.6,3.25,3.86,284.0,101300.0
20200120:0800,8.0,54.55,0.0,-0.0,0.0,-4.6,3.1,290.0,101290.0
20200120:0900,7.5,54.55,0.0,-0.0,0.0,-11.4,2.07,293.0,101330.0
20200120:1000,7.04,63.5,0.0,-0.0,0.0,5.6,1.66,289.0,101320.0
20200120:1100,6.29,70.95,0.0,-0.0,0.0,-5.95,1.45,291.0,101350.0
20200120:1200,5.78,73.65,0.0,-0.0,0.0,2.7,1.38,263.0,101320.0
20200120:1300,5.18,76.4,0.0,-0.0,0.0,2.7,1.72,237.0,101310.0
20200120:1400,5.79,68.2,0.0,-0.0,0.0,19.7,1.72,241.0,101280.0
20200120:1500,5.5,68.2,0.0,-0.0,0.0,-0.35,2.28,255.0,101200.0
20200120:1600,5.68,70.85,0.0,-0.0,0.0,-16.45,3.66,267.0,101160.0
20200120:1700,5.88,68.3,0.0,-0.0,0.0,-6.75,5.03,266.0,101180.0
20200120:1800,5.88,68.2,0.0,-0.0,0.0,-1.7,6.55,261.0,101190.0
20200120:1900,5.43,65.65,0.0,-0.0,0.0,-2.5,7.17,258.0,101180.0
20200120:2000,5.3,65.55,0.0,-0.0,0.0,-4.25,7.1,291.0,101350.0
20200120:2100,5.36,68.1,0.0,-0.0,0.0,10.05,7.24,324.0,101590.0
20200120:2200,3.93,67.9,30.1,0.0,30.1,-11.2,3.66,327.0,101710.0
20200120:2300,3.83,73.3,247.2,919.29,64.4,-7.9,2.76,305.0,101820.0
20200121:0000,4.39,60.5,395.05,906.15,79.5,3.65,3.52,302.0,101920.0
20200121:0100,4.65,58.2,510.5,927.44,85.95,232.9,6.69,311.0,101960.0
20200121:0200,4.97,53.9,566.95,930.64,81.2,-6.35,7.59,313.0,101990.0
20200121:0300,5.76,49.95,545.05,850.73,88.7,-3.85,7.59,312.0,101980.0
20200121:0400,6.0,46.25,464.5,775.42,76.65,0.95,7.72,312.0,101980.0
20200121:0500,6.15,46.25,330.9,615.34,75.1,-1.9,7.59,312.0,102050.0
20200121:0600,5.91,46.25,175.15,424.07,52.7,5.6,7.24,311.0,102140.0
20200121:0700,5.7,48.0,29.45,129.33,12.9,-2.9,6.28,314.0,102260.0
20200121:0800,5.4,49.95,0.0,-0.0,0.0,-2.9,5.72,314.0,102380.0
20200121:0900,5.08,51.8,0.0,-0.0,0.0,-0.95,4.9,317.0,102530.0
20200121:1000,4.3,55.85,0.0,-0.0,0.0,2.3,3.86,310.0,102610.0
20200121:1100,4.14,58.05,0.0,-0.0,0.0,-1.15,3.31,308.0,102750.0
20200121:1200,3.77,62.7,0.0,-0.0,0.0,3.45,3.31,310.0,102830.0
20200121:1300,3.25,65.1,0.0,-0.0,0.0,5.4,2.97,312.0,102900.0
20200121:1400,3.23,65.1,0.0,-0.0,0.0,-1.5,2.14,306.0,102950.0
20200121:1500,3.03,65.1,0.0,-0.0,0.0,11.95,1.24,277.0,102950.0
20200121:1600,2.09,70.2,0.0,-0.0,0.0,32.5,1.31,245.0,103040.0
20200121:1700,2.1,70.2,0.0,-0.0,0.0,-21.65,1.45,234.0,103050.0
20200121:1800,1.86,70.2,0.0,-0.0,0.0,-2.3,1.38,239.0,103060.0
20200121:1900,1.75,75.85,0.0,-0.0,0.0,-21.45,0.97,254.0,103040.0
20200121:2000,1.44,78.9,0.0,-0.0,0.0,-0.35,1.17,261.0,103010.0
20200121:2100,1.21,81.95,0.0,-0.0,0.0,-3.45,1.24,257.0,103070.0
20200121:2200,1.82,82.0,37.7,0.0,37.7,0.75,0.97,262.0,103130.0
20200121:2300,1.72,78.9,209.7,496.24,110.05,6.55,1.45,231.0,103160.0
20200122:0000,2.32,70.2,383.45,781.09,109.55,3.85,1.66,225.0,103190.0
20200122:0100,3.22,60.15,488.2,810.87,114.75,230.8,1.72,211.0,103160.0
20200122:0200,4.36,53.65,463.0,522.41,188.7,5.8,2.34,192.0,103080.0
20200122:0300,5.08,47.85,331.2,153.3,248.45,17.4,2.97,184.0,102900.0
20200122:0400,5.85,48.0,353.95,364.47,170.35,35.8,3.52,186.0,102790.0
20200122:0500,6.31,50.05,241.9,317.27,108.85,-6.75,3.66,190.0,102770.0
20200122:0600,6.32,56.3,99.85,102.08,70.0,-4.45,3.79,193.0,102740.0
20200122:0700,6.21,58.55,23.1,85.91,11.8,13.5,3.45,191.0,102720.0
20200122:0800,6.34,65.75,0.0,-0.0,0.0,-12.55,3.59,195.0,102690.0
20200122:0900,5.88,73.65,0.0,-0.0,0.0,-1.5,3.1,204.0,102710.0
20200122:1000,5.83,76.5,0.0,-0.0,0.0,18.75,2.41,234.0,102710.0
20200122:1100,5.56,76.5,0.0,-0.0,0.0,-4.8,1.79,250.0,102700.0
20200122:1200,5.42,79.4,0.0,-0.0,0.0,2.9,1.38,241.0,102660.0
20200122:1300,4.83,82.35,0.0,-0.0,0.0,-7.7,1.17,248.0,102590.0
20200122:1400,4.33,85.5,0.0,-0.0,0.0,-9.65,1.79,277.0,102600.0
20200122:1500,3.94,85.5,0.0,-0.0,0.0,0.95,2.0,283.0,102550.0
20200122:1600,3.53,88.75,0.0,-0.0,0.0,-8.9,2.0,274.0,102540.0
20200122:1700,3.17,92.15,0.0,-0.0,0.0,5.4,2.0,256.0,102480.0
20200122:1800,2.7,92.15,0.0,-0.0,0.0,9.05,2.55,250.0,102440.0
20200122:1900,2.86,85.4,0.0,-0.0,0.0,2.7,2.48,250.0,102370.0
20200122:2000,2.99,82.2,0.0,-0.0,0.0,-5.2,2.48,251.0,102370.0
20200122:2100,3.14,82.2,0.0,-0.0,0.0,-0.95,2.28,252.0,102380.0
20200122:2200,3.13,85.4,36.8,0.0,36.8,6.35,2.55,247.0,102410.0
20200122:2300,3.14,85.4,106.2,9.12,104.35,6.55,2.28,239.0,102410.0
20200123:0000,3.78,85.45,179.4,46.43,163.0,5.6,2.07,239.0,102440.0
20200123:0100,4.69,79.3,250.2,74.77,215.55,303.75,1.31,240.0,102420.0
20200123:0200,5.32,76.4,207.35,33.32,189.75,3.85,0.55,246.0,102270.0
20200123:0300,5.71,73.65,171.9,30.37,155.4,9.85,0.28,276.0,102120.0
20200123:0400,6.6,71.05,82.35,5.03,79.8,1.15,0.48,351.0,102070.0
20200123:0500,6.67,82.6,38.4,7.09,35.4,10.05,0.9,15.0,102010.0
20200123:0600,5.19,92.25,25.95,23.13,19.1,1.15,1.17,20.0,102030.0
20200123:0700,6.16,85.7,2.9,0.0,2.9,-5.4,1.31,21.0,102040.0
20200123:0800,5.58,88.9,0.0,-0.0,0.0,8.3,1.45,12.0,102030.0
20200123:0900,5.71,92.3,0.0,-0.0,0.0,-9.25,1.24,1.0,102050.0
20200123:1000,5.9,88.95,0.0,-0.0,0.0,3.05,1.66,340.0,102110.0
20200123:1100,5.6,92.3,0.0,-0.0,0.0,-16.45,2.07,332.0,102070.0
20200123:1200,5.33,92.25,0.0,-0.0,0.0,-18.95,2.0,312.0,102090.0
20200123:1300,5.03,92.25,0.0,-0.0,0.0,-8.5,1.79,313.0,102060.0
20200123:1400,4.66,92.25,0.0,-0.0,0.0,3.65,2.0,314.0,102040.0
20200123:1500,3.4,92.15,0.0,-0.0,0.0,-16.05,1.93,301.0,102000.0
20200123:1600,3.37,95.7,0.0,-0.0,0.0,0.75,1.66,279.0,102060.0
20200123:1700,3.15,95.7,0.0,-0.0,0.0,-20.7,1.38,274.0,102060.0
20200123:1800,3.47,95.7,0.0,-0.0,0.0,12.75,1.45,278.0,102060.0
20200123:1900,3.34,95.7,0.0,-0.0,0.0,-2.9,1.45,277.0,102080.0
20200123:2000,3.42,92.15,0.0,-0.0,0.0,-1.9,1.66,280.0,102120.0
20200123:2100,3.29,95.7,0.0,-0.0,0.0,-4.45,1.79,275.0,102190.0
20200123:2200,2.96,92.15,35.2,0.0,35.2,-9.45,1.59,252.0,102220.0
20200123:2300,4.07,88.8,226.2,702.54,82.15,-4.45,1.59,257.0,102240.0
20200124:0000,6.45,85.75,388.75,818.25,97.6,18.35,0.9,261.0,102250.0
20200124:0100,7.19,79.65,358.2,388.5,177.0,253.6,0.76,274.0,102270.0
20200124:0200,7.96,76.8,430.3,390.28,222.85,42.75,2.21,285.0,102220.0
20200124:0300,9.09,66.25,302.05,187.56,199.5,-11.8,3.31,284.0,102140.0
20200124:0400,9.63,61.55,227.6,163.49,144.05,25.15,3.1,283.0,102070.0
20200124:0500,9.71,61.55,301.4,419.12,122.5,-4.05,3.45,288.0,102050.0
20200124:0600,10.68,53.1,164.7,361.83,56.2,-20.1,2.76,294.0,102070.0
20200124:0700,10.72,55.15,29.85,112.41,14.25,-9.65,2.9,299.0,102160.0
20200124:0800,9.58,61.55,0.0,-0.0,0.0,5.2,3.72,313.0,102290.0
20200124:0900,8.55,66.15,0.0,-0.0,0.0,9.45,3.93,322.0,102420.0
20200124:1000,7.27,61.1,0.0,-0.0,0.0,5.8,2.41,312.0,102440.0
20200124:1100,6.73,61.0,0.0,-0.0,0.0,-27.05,2.9,306.0,102510.0
20200124:1200,6.04,58.55,0.0,-0.0,0.0,-27.65,3.72,306.0,102590.0
20200124:1300,5.19,60.65,0.0,-0.0,0.0,-16.6,4.14,304.0,102690.0
20200124:1400,4.4,60.5,0.0,-0.0,0.0,-2.5,4.14,303.0,102760.0
20200124:1500,3.75,62.7,0.0,-0.0,0.0,-0.15,4.07,301.0,102770.0
20200124:1600,3.54,62.7,0.0,-0.0,0.0,0.0,4.28,303.0,102790.0
20200124:1700,3.36,65.1,0.0,-0.0,0.0,2.7,4.55,309.0,102820.0
20200124:1800,2.98,62.6,0.0,-0.0,0.0,15.25,4.76,316.0,102840.0
20200124:1900,2.99,65.1,0.0,-0.0,0.0,0.15,4.48,319.0,102870.0
20200124:2000,2.95,62.6,0.0,-0.0,0.0,-3.05,4.34,320.0,102900.0
20200124:2100,2.78,65.0,0.0,-0.0,0.0,7.15,4.28,322.0,102960.0
20200124:2200,2.96,65.1,36.6,0.0,36.6,10.6,2.69,291.0,102890.0
20200124:2300,3.0,65.1,242.8,745.27,88.3,-4.25,4.0,304.0,102970.0
20200125:0000,4.09,55.85,328.95,455.03,165.8,-17.95,4.97,308.0,103040.0
20200125:0100,4.65,53.8,379.85,311.52,233.6,244.55,5.17,309.0,103070.0
20200125:0200,5.22,51.8,453.65,436.25,220.3,21.05,5.03,310.0,103020.0
20200125:0300,5.83,48.0,502.65,618.78,162.1,-1.15,4.97,313.0,102890.0
20200125:0400,6.61,46.4,432.05,522.91,162.85,-17.2,5.1,315.0,102830.0
20200125:0500,6.99,43.0,332.15,513.27,111.1,-0.15,4.76,314.0,102820.0
20200125:0600,6.99,41.3,187.3,420.36,59.65,-11.6,4.28,315.0,102840.0
20200125:0700,6.36,48.15,34.05,107.75,18.7,-1.15,3.59,314.0,102890.0
20200125:0800,5.86,51.95,0.0,-0.0,0.0,-6.35,3.17,311.0,102930.0
20200125:0900,5.25,56.05,0.0,-0.0,0.0,8.9,2.9,309.0,102990.0
20200125:1000,4.67,58.2,0.0,-0.0,0.0,6.55,1.72,302.0,102970.0
20200125:1100,4.14,62.8,0.0,-0.0,0.0,-4.05,1.72,302.0,102980.0
20200125:1200,3.96,62.8,0.0,-0.0,0.0,-4.45,1.38,294.0,102980.0
20200125:1300,3.64,65.2,0.0,-0.0,0.0,1.15,1.17,294.0,102970.0
20200125:1400,3.25,70.4,0.0,-0.0,0.0,8.7,1.1,294.0,102950.0
20200125:1500,2.88,67.7,0.0,-0.0,0.0,10.45,1.17,290.0,102930.0
20200125:1600,2.53,70.3,0.0,-0.0,0.0,-0.95,1.03,296.0,102900.0
20200125:1700,2.34,73.0,0.0,-0.0,0.0,0.95,1.1,296.0,102880.0
20200125:1800,2.07,75.95,0.0,-0.0,0.0,-2.9,1.45,309.0,102840.0
20200125:1900,1.96,78.95,0.0,-0.0,0.0,8.3,1.45,306.0,102780.0
20200125:2000,1.98,78.95,0.0,-0.0,0.0,2.7,1.31,304.0,102800.0
20200125:2100,1.78,82.0,0.0,-0.0,0.0,1.35,1.31,310.0,102820.0
20200125:2200,1.7,85.25,47.3,0.0,47.3,-6.35,1.38,296.0,102780.0
20200125:2300,1.19,85.2,181.65,330.51,112.35,-10.25,1.79,307.0,102760.0
20200126:0000,1.96,75.95,349.05,541.84,153.25,4.45,1.59,318.0,102740.0
20200126:0100,3.09,67.7,472.4,683.74,149.25,251.1,1.52,332.0,102780.0
20200126:0200,3.95,62.8,509.75,674.95,146.4,-10.6,1.38,357.0,102750.0
20200126:0300,4.88,58.3,496.0,549.07,191.8,-1.7,1.79,356.0,102630.0
20200126:0400,6.03,52.1,291.6,259.92,156.8,17.2,1.66,350.0,102540.0
20200126:0500,6.45,50.2,220.95,242.55,115.55,27.25,1.66,341.0,102520.0
20200126:0600,6.55,52.2,117.1,187.8,59.35,-2.1,2.0,19.0,102540.0
20200126:0700,6.42,56.45,20.1,55.07,12.05,-0.55,2.0,27.0,102550.0
20200126:0800,6.45,65.85,0.0,-0.0,0.0,-3.85,1.31,353.0,102670.0
20200126:0900,6.31,58.55,0.0,-0.0,0.0,-5.2,2.34,328.0,102750.0
20200126:1000,5.78,65.65,0.0,-0.0,0.0,-20.1,1.45,307.0,102790.0
20200126:1100,5.39,65.65,0.0,-0.0,0.0,-13.7,1.52,305.0,102800.0
20200126:1200,4.83,70.7,0.0,-0.0,0.0,-11.4,1.52,308.0,102810.0
20200126:1300,4.41,70.7,0.0,-0.0,0.0,11.6,1.52,302.0,102770.0
20200126:1400,4.09,70.6,0.0,-0.0,0.0,7.35,2.0,301.0,102840.0
20200126:1500,3.5,76.15,0.0,-0.0,0.0,0.95,1.72,296.0,102840.0
20200126:1600,3.28,79.1,0.0,-0.0,0.0,9.85,1.52,299.0,102830.0
20200126:1700,2.99,76.1,0.0,-0.0,0.0,-6.75,1.45,296.0,102930.0
20200126:1800,2.71,79.0,0.0,-0.0,0.0,-1.7,1.45,307.0,102890.0
20200126:1900,2.6,79.0,0.0,-0.0,0.0,-19.5,1.79,323.0,102850.0
20200126:2000,2.44,79.0,0.0,-0.0,0.0,11.2,2.55,332.0,102880.0
20200126:2100,2.47,76.0,0.0,-0.0,0.0,-2.3,2.34,333.0,102920.0
20200126:2200,1.9,75.95,53.0,0.0,53.0,6.95,1.66,331.0,102890.0
20200126:2300,1.51,75.85,183.45,186.91,143.8,-6.55,2.55,357.0,102890.0
20200127:0000,2.04,70.2,319.15,317.07,203.65,17.6,3.24,2.0,102890.0
20200127:0100,2.72,67.6,370.95,230.74,261.15,250.55,3.38,5.0,102920.0
20200127:0200,3.21,65.1,407.15,243.14,275.4,9.25,1.93,16.0,102970.0
20200127:0300,3.57,62.7,337.95,120.57,270.7,0.95,2.28,35.0,102730.0
20200127:0400,3.85,62.7,242.15,50.14,215.95,16.05,2.0,41.0,102700.0
20200127:0500,3.83,62.7,210.4,99.32,166.85,0.35,1.93,61.0,102740.0
20200127:0600,4.0,60.4,98.0,22.8,90.9,0.35,2.34,70.0,102690.0
20200127:0700,4.07,60.4,16.05,0.0,16.05,0.35,2.28,72.0,102700.0
20200127:0800,4.34,62.8,0.0,-0.0,0.0,4.8,2.0,83.0,102730.0
20200127:0900,4.48,62.95,0.0,-0.0,0.0,-0.95,1.72,80.0,102720.0
20200127:1000,4.3,65.3,0.0,-0.0,0.0,3.85,1.52,89.0,102650.0
20200127:1100,4.59,62.95,0.0,-0.0,0.0,4.6,2.28,84.0,102590.0
20200127:1200,4.68,62.95,0.0,-0.0,0.0,-1.7,2.34,94.0,102650.0
20200127:1300,4.33,67.9,0.0,-0.0,0.0,1.9,2.62,88.0,102640.0
20200127:1400,4.21,67.9,0.0,-0.0,0.0,10.6,3.24,82.0,102600.0
20200127:1500,3.8,73.3,0.0,-0.0,0.0,2.5,3.03,94.0,102570.0
20200127:1600,3.33,76.1,0.0,-0.0,0.0,2.7,3.17,94.0,102570.0
20200127:1700,3.22,76.1,0.0,-0.0,0.0,-0.35,3.1,87.0,102520.0
20200127:1800,3.63,76.15,0.0,-0.0,0.0,3.65,3.1,81.0,102460.0
20200127:1900,3.89,76.25,0.0,-0.0,0.0,0.95,3.38,76.0,102370.0
20200127:2000,4.16,76.25,0.0,-0.0,0.0,-4.6,4.0,78.0,102320.0
20200127:2100,4.39,76.3,0.0,-0.0,0.0,7.35,4.07,82.0,102320.0
20200127:2200,4.53,73.45,15.7,0.0,15.7,2.5,2.55,69.0,102420.0
20200127:2300,4.54,76.3,41.9,1.63,41.55,0.95,4.48,60.0,102400.0
20200128:0000,4.55,76.3,93.3,3.27,92.1,0.0,5.38,67.0,102360.0
20200128:0100,4.61,79.3,120.1,3.86,118.25,317.7,5.38,79.0,102350.0
20200128:0200,5.03,79.35,156.0,9.72,150.7,-0.95,5.79,88.0,102300.0
20200128:0300,5.57,79.4,142.65,6.86,138.8,5.0,6.07,88.0,102170.0
20200128:0400,5.75,82.5,112.9,8.45,108.45,0.15,6.41,88.0,102120.0
20200128:0500,6.06,82.55,77.4,18.76,69.1,0.55,6.55,91.0,102090.0
20200128:0600,6.15,82.55,38.65,0.0,38.65,0.75,6.07,94.0,102110.0
20200128:0700,6.02,82.55,5.3,7.16,4.2,2.7,5.66,95.0,102100.0
20200128:0800,6.2,82.55,0.0,-0.0,0.0,-2.5,5.52,95.0,102090.0
20200128:0900,6.39,82.6,0.0,-0.0,0.0,3.85,5.52,96.0,102050.0
20200128:1000,6.28,88.95,0.0,-0.0,0.0,1.7,5.31,90.0,102060.0
20200128:1100,6.66,85.75,0.0,-0.0,0.0,0.95,6.34,94.0,102020.0
20200128:1200,6.73,89.0,0.0,-0.0,0.0,2.3,6.62,92.0,101940.0
20200128:1300,6.77,89.0,0.0,-0.0,0.0,2.7,6.14,96.0,101940.0
20200128:1400,7.26,89.0,0.0,-0.0,0.0,1.7,6.0,91.0,101800.0
20200128:1500,7.35,89.0,0.0,-0.0,0.0,0.75,5.93,87.0,101680.0
20200128:1600,7.63,85.85,0.0,-0.0,0.0,3.05,5.86,84.0,101600.0
20200128:1700,7.67,89.05,0.0,-0.0,0.0,0.35,6.0,80.0,101480.0
20200128:1800,7.7,89.05,0.0,-0.0,0.0,2.7,5.79,76.0,101370.0
20200128:1900,7.58,92.4,0.0,-0.0,0.0,-4.45,5.79,71.0,101250.0
20200128:2000,7.8,92.4,0.0,-0.0,0.0,2.9,6.55,68.0,101110.0
20200128:2100,8.77,95.85,0.0,-0.0,0.0,-0.15,7.03,66.0,101000.0
20200128:2200,7.59,95.8,5.2,0.0,5.2,2.5,5.72,70.0,100710.0
20200128:2300,8.05,95.8,19.4,0.0,19.4,0.75,6.34,72.0,100600.0
20200129:0000,8.67,95.85,73.4,7.83,70.5,-0.55,7.1,81.0,100530.0
20200129:0100,9.3,95.85,99.65,27.77,86.25,348.65,9.03,84.0,100510.0
20200129:0200,9.94,89.2,108.45,44.34,84.1,1.7,8.83,77.0,100380.0
20200129:0300,10.68,89.25,149.45,68.62,110.65,-0.55,8.69,66.0,100170.0
20200129:0400,11.37,89.3,138.25,39.69,117.2,-1.15,8.21,55.0,100010.0
20200129:0500,11.88,89.3,59.2,42.22,40.35,5.8,6.76,36.0,99900.0
20200129:0600,11.9,92.55,29.75,24.12,22.05,-0.95,6.28,351.0,99860.0
20200129:0700,10.79,92.5,10.15,30.79,5.3,-6.95,8.14,318.0,99900.0
20200129:0800,9.38,89.1,0.0,-0.0,0.0,-11.2,9.17,308.0,99920.0
20200129:0900,8.52,82.75,0.0,-0.0,0.0,-6.35,8.48,302.0,99980.0
20200129:1000,8.27,82.7,0.0,-0.0,0.0,0.55,7.52,297.0,100070.0
20200129:1100,8.12,79.7,0.0,-0.0,0.0,-14.7,6.69,297.0,100090.0
20200129:1200,7.93,76.8,0.0,-0.0,0.0,-32.7,5.1,294.0,100110.0
20200129:1300,7.59,73.95,0.0,-0.0,0.0,-6.15,3.45,286.0,100080.0
20200129:1400,7.34,76.7,0.0,-0.0,0.0,-20.7,2.83,276.0,100020.0
20200129:1500,7.35,76.7,0.0,-0.0,0.0,-6.0,2.69,274.0,99980.0
20200129:1600,7.54,76.8,0.0,-0.0,0.0,6.35,3.1,276.0,99940.0
20200129:1700,7.45,73.95,0.0,-0.0,0.0,-2.5,3.31,277.0,99920.0
20200129:1800,7.5,73.95,0.0,-0.0,0.0,6.95,3.31,277.0,99850.0
20200129:1900,7.49,71.25,0.0,-0.0,0.0,11.0,2.97,271.0,99820.0
20200129:2000,7.45,68.6,0.0,-0.0,0.0,-11.95,2.41,266.0,99820.0
20200129:2100,7.7,66.05,0.0,-0.0,0.0,-7.5,2.07,259.0,99830.0
20200129:2200,7.35,68.5,97.4,1267.35,44.1,-3.45,2.55,256.0,99880.0
20200129:2300,7.38,68.5,275.6,980.4,59.8,-3.45,1.45,238.0,99850.0
20200130:0000,8.31,66.05,427.7,954.75,71.05,-0.15,0.97,215.0,99820.0
20200130:0100,9.35,56.9,539.55,947.58,78.95,250.15,0.9,199.0,99790.0
20200130:0200,10.75,51.1,593.2,921.65,83.65,2.7,1.59,180.0,99720.0
20200130:0300,12.23,42.55,500.6,687.86,108.95,5.4,2.55,184.0,99620.0
20200130:0400,12.23,45.95,419.2,571.14,113.95,22.25,2.97,214.0,99540.0
20200130:0500,11.51,49.45,292.3,419.74,103.2,4.25,3.72,250.0,99600.0
20200130:0600,11.12,53.25,151.0,216.08,81.15,4.25,4.48,247.0,99640.0
20200130:0700,10.07,57.15,43.4,146.26,19.8,-11.8,5.31,258.0,99670.0
20200130:0800,9.76,59.25,0.0,-0.0,0.0,-9.45,5.38,263.0,99740.0
20200130:0900,9.04,61.45,0.0,-0.0,0.0,-10.6,4.55,274.0,99820.0
20200130:1000,8.56,68.7,0.0,-0.0,0.0,9.25,3.52,286.0,99890.0
20200130:1100,8.21,68.6,0.0,-0.0,0.0,-10.25,3.1,281.0,99930.0
20200130:1200,7.99,68.6,0.0,-0.0,0.0,13.35,3.1,273.0,99970.0
20200130:1300,7.85,66.05,0.0,-0.0,0.0,-13.7,2.69,265.0,99970.0
20200130:1400,7.55,66.05,0.0,-0.0,0.0,-1.15,2.83,261.0,100000.0
20200130:1500,7.45,63.6,0.0,-0.0,0.0,5.2,3.17,265.0,100020.0
20200130:1600,6.96,63.5,0.0,-0.0,0.0,0.0,3.79,280.0,100050.0
20200130:1700,6.42,63.35,0.0,-0.0,0.0,-7.5,4.41,293.0,100060.0
20200130:1800,6.36,60.85,0.0,-0.0,0.0,-5.6,5.17,299.0,100080.0
20200130:1900,6.07,58.55,0.0,-0.0,0.0,-1.7,5.79,301.0,100080.0
20200130:2000,5.83,58.45,0.0,-0.0,0.0,8.7,6.21,303.0,100120.0
20200130:2100,5.64,58.45,0.0,-0.0,0.0,-1.35,6.0,303.0,100160.0
20200130:2200,5.51,56.2,101.0,1267.03,44.54,-19.15,4.76,303.0,100190.0
20200130:2300,5.54,56.2,281.1,978.2,63.0,-4.8,4.55,302.0,100280.0
20200131:0000,5.72,54.05,438.7,961.06,76.55,-1.15,5.66,304.0,100300.0
20200131:0100,6.14,48.15,543.25,894.93,105.05,226.55,6.28,304.0,100340.0
20200131:0200,6.95,41.3,604.2,916.5,94.0,7.7,6.9,302.0,100320.0
20200131:0300,7.54,41.45,572.25,809.44,108.15,-4.8,7.1,300.0,100250.0
20200131:0400,7.62,39.85,480.8,650.36,130.55,6.35,7.52,298.0,100250.0
20200131:0500,7.14,44.75,384.35,662.98,82.95,-0.55,7.72,297.0,100300.0
20200131:0600,6.58,48.25,207.7,439.69,63.8,-2.3,7.59,297.0,100330.0
20200131:0700,5.98,52.1,46.9,166.75,19.35,-0.75,7.03,299.0,100380.0
20200131:0800,5.62,54.05,0.0,-0.0,0.0,-2.5,7.31,302.0,100460.0
20200131:0900,5.2,58.3,0.0,-0.0,0.0,-3.85,7.38,299.0,100560.0
20200131:1000,4.44,58.2,0.0,-0.0,0.0,-1.35,6.28,294.0,100670.0
20200131:1100,4.28,60.4,0.0,-0.0,0.0,-0.95,5.66,287.0,100780.0
20200131:1200,4.1,62.8,0.0,-0.0,0.0,0.35,5.31,286.0,100810.0
20200131:1300,3.79,62.7,0.0,-0.0,0.0,1.9,5.38,286.0,100850.0
20200131:1400,3.69,65.2,0.0,-0.0,0.0,-0.75,5.52,289.0,100860.0
20200131:1500,3.49,65.2,0.0,-0.0,0.0,-0.15,5.38,293.0,100880.0
20200131:1600,3.03,70.14,0.0,-0.0,0.0,9.44,4.54,296.0,100920.0
20200131:1700,3.25,68.71,0.0,-0.0,0.0,10.56,4.58,298.0,100950.0
20200131:1800,3.46,67.28,0.0,-0.0,0.0,11.68,4.62,301.0,100990.0
20200131:1900,3.67,65.86,0.0,-0.0,0.0,12.81,4.65,302.0,101030.0
20200131:2000,3.89,64.43,0.0,-0.0,0.0,13.93,4.69,304.0,101110.0
20200131:2100,4.1,63.0,0.0,-0.0,0.0,15.05,4.73,305.0,101180.0
20200131:2200,4.32,61.58,105.65,1266.71,45.9,16.17,4.76,303.0,101240.0
20200131:2300,4.53,60.15,280.25,943.33,67.15,17.29,4.8,295.0,101290.0
20070201:0000,4.74,58.72,358.9,579.33,138.65,18.41,4.84,279.0,100980.0
20070201:0100,4.96,57.3,407.4,416.79,201.8,19.54,4.87,284.0,100920.0
20070201:0200,5.17,55.87,405.15,377.74,193.4,20.66,4.91,281.0,100870.0
20070201:0300,5.38,54.44,337.65,287.4,171.7,21.78,4.95,279.0,100740.0
20070201:0400,5.6,53.02,280.4,168.05,189.2,22.9,4.99,280.0,100650.0
20070201:0500,5.81,51.59,217.35,105.18,169.1,24.02,5.02,281.0,100620.0
20070201:0600,6.02,50.16,139.65,106.54,104.35,25.14,5.06,282.0,100640.0
20070201:0700,6.24,48.74,36.5,45.53,28.8,26.26,5.1,294.0,100700.0
20070201:0800,5.49,48.0,0.0,-0.0,0.0,-6.35,5.31,300.0,100740.0
20070201:0900,4.86,49.8,0.0,-0.0,0.0,-26.5,5.24,294.0,100780.0
20070201:1000,3.86,45.7,0.0,-0.0,0.0,-4.6,4.28,277.0,100750.0
20070201:1100,3.71,51.4,0.0,-0.0,0.0,-8.3,4.9,281.0,100710.0
20070201:1200,3.55,53.5,0.0,-0.0,0.0,-4.25,5.59,279.0,100760.0
20070201:1300,3.29,53.5,0.0,-0.0,0.0,-9.85,5.72,274.0,100750.0
20070201:1400,3.02,57.8,0.0,-0.0,0.0,-2.1,5.59,268.0,100750.0
20070201:1500,2.59,57.7,0.0,-0.0,0.0,0.35,5.59,263.0,100740.0
20070201:1600,2.48,57.7,0.0,-0.0,0.0,-0.15,6.0,263.0,100780.0
20070201:1700,2.01,62.35,0.0,-0.0,0.0,0.0,6.14,274.0,100790.0
20070201:1800,1.63,64.8,0.0,-0.0,0.0,2.9,6.14,281.0,100800.0
20070201:1900,1.74,67.4,0.0,-0.0,0.0,1.9,6.14,285.0,100830.0
20070201:2000,1.62,67.4,0.0,-0.0,0.0,-1.35,6.14,288.0,100840.0
20070201:2100,1.65,64.8,0.0,-0.0,0.0,0.35,6.28,291.0,100920.0
20070201:2200,2.21,62.35,110.5,1266.37,47.35,-2.9,5.03,292.0,101060.0
20070201:2300,1.84,55.3,291.65,979.75,67.35,-1.7,4.97,293.0,101090.0
20070202:0000,1.61,57.45,439.6,911.32,90.0,2.1,6.69,307.0,101180.0
20070202:0100,1.91,53.15,536.55,859.94,109.15,213.15,7.03,310.0,101230.0
20070202:0200,2.51,49.15,550.25,683.24,164.55,2.9,7.24,305.0,101270.0
20070202:0300,3.15,47.3,564.3,767.73,117.85,8.1,7.52,301.0,101200.0
20070202:0400,3.46,47.45,477.45,613.59,141.9,4.05,6.97,303.0,101120.0
20070202:0500,3.98,43.9,322.65,430.53,123.35,7.5,5.86,300.0,101080.0
20070202:0600,4.08,43.9,175.75,247.01,92.9,-0.15,5.72,296.0,101120.0
20070202:0700,4.17,45.7,46.8,115.6,26.8,15.05,5.66,296.0,101140.0
20070202:0800,4.17,47.6,0.0,-0.0,0.0,-5.6,5.03,294.0,101220.0
20070202:0900,4.35,51.7,0.0,-0.0,0.0,-14.5,4.62,292.0,101270.0
20070202:1000,3.48,53.5,0.0,-0.0,0.0,-8.7,3.38,274.0,101370.0
20070202:1100,3.15,57.8,0.0,-0.0,0.0,-1.35,3.66,276.0,101420.0
20070202:1200,2.95,57.8,0.0,-0.0,0.0,0.55,3.66,273.0,101450.0
20070202:1300,2.96,57.8,0.0,-0.0,0.0,-0.75,3.72,268.0,101480.0
20070202:1400,2.67,60.05,0.0,-0.0,0.0,-1.7,4.07,266.0,101480.0
20070202:1500,2.76,62.5,0.0,-0.0,0.0,-1.7,4.41,272.0,101500.0
20070202:1600,3.01,60.15,0.0,-0.0,0.0,1.5,4.34,276.0,101510.0
20070202:1700,2.62,62.5,0.0,-0.0,0.0,-1.5,4.41,279.0,101530.0
20070202:1800,2.23,67.5,0.0,-0.0,0.0,6.35,4.21,277.0,101520.0
20070202:1900,2.35,65.0,0.0,-0.0,0.0,17.6,4.0,278.0,101490.0
20070202:2000,2.73,67.6,0.0,-0.0,0.0,-17.6,4.21,281.0,101540.0
20070202:2100,2.54,67.6,0.0,-0.0,0.0,-1.7,4.41,283.0,101560.0
20070202:2200,3.17,62.6,108.75,1266.03,42.08,-3.65,2.97,282.0,101630.0
20070202:2300,3.38,60.3,284.55,900.2,75.65,5.2,2.76,271.0,101720.0
20070203:0000,3.18,57.8,451.7,939.71,87.9,2.3,4.34,277.0,101750.0
20070203:0100,4.13,53.65,579.85,992.7,82.7,229.8,4.97,281.0,101710.0
20070203:0200,5.43,44.3,579.05,719.41,170.05,-6.95,4.62,281.0,101670.0
20070203:0300,6.12,42.7,570.25,714.14,152.0,27.85,4.14,272.0,101580.0
20070203:0400,6.36,42.7,514.6,731.55,111.45,0.35,3.59,262.0,101450.0
20070203:0500,7.24,42.85,407.85,714.9,73.9,-6.75,3.31,246.0,101390.0
20070203:0600,7.56,41.3,234.2,519.87,57.7,-8.9,3.31,228.0,101310.0
20070203:0700,7.79,44.75,59.9,211.38,22.5,-3.85,2.62,207.0,101290.0
20070203:0800,7.28,50.2,0.0,-0.0,0.0,-0.95,2.83,192.0,101230.0
20070203:0900,6.91,48.25,0.0,-0.0,0.0,-0.55,4.0,191.0,101200.0
20070203:1000,5.58,51.95,0.0,-0.0,0.0,0.55,3.93,201.0,101070.0
20070203:1100,5.28,51.8,0.0,-0.0,0.0,-1.35,3.86,217.0,100990.0
20070203:1200,5.17,51.8,0.0,-0.0,0.0,4.6,3.79,215.0,100910.0
20070203:1300,5.15,53.9,0.0,-0.0,0.0,4.25,4.28,215.0,100730.0
20070203:1400,5.05,53.9,0.0,-0.0,0.0,-5.6,3.86,217.0,100620.0
20070203:1500,5.21,58.3,0.0,-0.0,0.0,3.65,3.59,221.0,100520.0
20070203:1600,4.95,56.05,0.0,-0.0,0.0,-5.95,2.97,242.0,100490.0
20070203:1700,4.77,62.95,0.0,-0.0,0.0,6.15,3.24,267.0,100590.0
20070203:1800,4.19,62.8,0.0,-0.0,0.0,13.7,5.86,260.0,100690.0
20070203:1900,3.36,70.5,0.0,-0.0,0.0,6.15,6.21,265.0,100770.0
20070203:2000,3.27,67.7,0.0,-0.0,0.0,16.8,6.76,276.0,100820.0
20070203:2100,3.71,60.3,0.0,-0.0,0.0,-43.9,8.41,289.0,100900.0
20070203:2200,3.26,57.8,117.75,1265.67,47.45,-11.95,8.34,289.0,101080.0
20070203:2300,2.87,53.4,295.9,964.42,69.0,-6.95,8.48,287.0,101250.0
20070204:0000,2.88,51.3,462.45,970.46,83.25,2.9,9.79,291.0,101330.0
20070204:0100,3.33,47.45,544.15,807.65,136.55,217.05,11.45,295.0,101380.0
20070204:0200,3.7,47.45,597.8,764.85,159.85,11.95,12.69,295.0,101360.0
20070204:0300,3.9,45.7,607.35,840.42,111.6,6.0,14.0,295.0,101270.0
20070204:0400,4.4,45.85,541.9,810.21,91.95,-14.1,13.31,295.0,101250.0
20070204:0500,4.55,44.05,407.75,695.01,80.15,-3.65,12.97,293.0,101270.0
20070204:0600,4.51,44.05,240.1,517.12,62.4,4.05,12.07,294.0,101350.0
20070204:0700,4.07,45.7,63.25,217.84,23.85,2.5,10.55,295.0,101410.0
20070204:0800,4.01,47.6,0.0,-0.0,0.0,-3.05,10.07,296.0,101520.0
20070204:0900,4.19,51.55,0.0,-0.0,0.0,-3.85,7.86,296.0,101730.0
20070204:1000,3.79,53.5,0.0,-0.0,0.0,5.0,4.48,278.0,101970.0
20070204:1100,3.88,53.65,0.0,-0.0,0.0,-0.75,1.31,237.0,102130.0
20070204:1200,4.01,55.85,0.0,-0.0,0.0,4.8,1.24,196.0,102280.0
20070204:1300,3.78,60.3,0.0,-0.0,0.0,2.9,1.79,224.0,102340.0
20070204:1400,3.9,60.4,0.0,-0.0,0.0,-3.65,2.21,239.0,102410.0
20070204:1500,4.29,60.4,0.0,-0.0,0.0,0.15,1.93,239.0,102430.0
20070204:1600,3.66,60.3,0.0,-0.0,0.0,-4.8,1.59,238.0,102460.0
20070204:1700,3.14,60.15,0.0,-0.0,0.0,-7.15,1.45,235.0,102500.0
20070204:1800,2.48,60.05,0.0,-0.0,0.0,-1.5,1.31,245.0,102500.0
20070204:1900,2.59,65.0,0.0,-0.0,0.0,-1.15,1.03,252.0,102490.0
20070204:2000,1.85,67.5,0.0,-0.0,0.0,1.9,1.03,252.0,102530.0
20070204:2100,1.99,70.2,0.0,-0.0,0.0,-3.85,1.1,242.0,102540.0
20070204:2200,2.66,73.1,123.45,1265.3,49.4,-1.15,1.24,243.0,102520.0
20070204:2300,2.07,70.2,310.6,1019.4,67.4,0.35,1.72,230.0,102570.0
20070205:0000,2.55,57.7,474.45,998.29,80.7,1.9,1.86,209.0,102550.0
20070205:0100,3.88,45.7,587.75,982.39,88.1,213.75,2.48,189.0,102560.0
20070205:0200,6.43,42.7,638.8,949.84,91.0,6.0,3.17,178.0,102490.0
20070205:0300,7.68,41.3,622.4,894.75,90.8,7.9,3.52,180.0,102330.0
20070205:0400,8.98,40.1,537.45,803.54,87.75,8.3,3.45,184.0,102200.0
20070205:0500,9.6,47.05,412.3,701.82,78.5,4.05,3.1,186.0,102120.0
20070205:0600,9.72,52.85,241.7,519.3,61.1,5.4,2.76,180.0,102100.0
20070205:0700,9.65,54.9,62.05,177.74,29.2,-1.35,2.76,167.0,102070.0
20070205:0800,9.63,61.55,0.0,-0.0,0.0,5.4,3.17,177.0,102070.0
20070205:0900,8.7,68.7,0.0,-0.0,0.0,1.35,3.38,192.0,102070.0
20070205:1000,7.39,71.15,0.0,-0.0,0.0,-3.25,3.17,214.0,102020.0
20070205:1100,7.13,73.8,0.0,-0.0,0.0,-5.8,2.41,228.0,101980.0
20070205:1200,6.65,76.55,0.0,-0.0,0.0,2.7,2.34,232.0,101980.0
20070205:1300,5.94,73.7,0.0,-0.0,0.0,7.35,2.48,237.0,101920.0
20070205:1400,5.1,79.35,0.0,-0.0,0.0,-0.15,2.21,246.0,101870.0
20070205:1500,5.0,82.4,0.0,-0.0,0.0,2.7,2.14,255.0,101800.0
20070205:1600,4.75,85.55,0.0,-0.0,0.0,2.1,2.07,262.0,101820.0
20070205:1700,4.13,82.3,0.0,-0.0,0.0,-2.1,2.07,261.0,101820.0
20070205:1800,4.05,82.3,0.0,-0.0,0.0,-6.95,1.93,255.0,101780.0
20070205:1900,4.23,82.3,0.0,-0.0,0.0,-8.5,1.79,249.0,101700.0
20070205:2000,4.73,76.3,0.0,-0.0,0.0,0.55,1.86,246.0,101700.0
20070205:2100,4.56,70.7,0.0,-0.0,0.0,0.0,1.93,242.0,101660.0
20070205:2200,5.04,68.1,110.25,985.45,49.55,6.95,1.86,237.0,101630.0
20070205:2300,4.9,65.55,253.1,586.88,111.1,1.15,2.41,231.0,101620.0
20070206:0000,6.33,63.25,362.2,476.16,172.6,10.05,2.28,220.0,101630.0
20070206:0100,7.97,56.7,537.55,803.05,125.9,272.2,2.28,210.0,101620.0
20070206:0200,10.68,47.35,621.95,917.09,89.2,-4.6,2.97,237.0,101560.0
20070206:0300,12.03,42.55,607.8,873.69,84.95,-3.85,4.76,269.0,101420.0
20070206:0400,12.39,42.7,530.8,786.46,87.25,0.55,5.17,280.0,101380.0
20070206:0500,12.65,41.1,405.5,690.76,74.0,2.5,5.52,283.0,101330.0
20070206:0600,12.09,42.55,236.95,505.92,58.9,0.75,5.79,281.0,101380.0
20070206:0700,12.0,44.2,64.2,193.34,27.7,-2.1,5.24,276.0,101430.0
20070206:0800,11.24,51.25,0.0,0.0,0.0,7.7,4.07,267.0,101480.0
20070206:0900,10.7,55.15,0.0,-0.0,0.0,-12.75,3.31,268.0,101550.0
20070206:1000,9.79,54.9,0.0,-0.0,0.0,4.25,2.21,256.0,101620.0
20070206:1100,9.54,54.9,0.0,-0.0,0.0,-3.05,2.07,270.0,101700.0
20070206:1200,9.0,56.9,0.0,-0.0,0.0,-4.8,2.28,286.0,101780.0
20070206:1300,8.36,59.0,0.0,-0.0,0.0,1.15,2.21,289.0,101850.0
20070206:1400,7.95,61.2,0.0,-0.0,0.0,-17.2,2.41,282.0,101920.0
20070206:1500,7.49,61.1,0.0,-0.0,0.0,3.25,2.76,282.0,101940.0
20070206:1600,7.63,61.1,0.0,-0.0,0.0,1.35,3.24,290.0,101980.0
20070206:1700,7.18,61.0,0.0,-0.0,0.0,10.25,3.45,299.0,102040.0
20070206:1800,6.88,61.0,0.0,-0.0,0.0,-7.9,3.59,302.0,102040.0
20070206:1900,6.64,60.85,0.0,-0.0,0.0,-9.05,3.66,303.0,102070.0
20070206:2000,6.1,60.85,0.0,-0.0,0.0,-3.85,3.86,304.0,102130.0
20070206:2100,5.7,63.15,0.0,-0.0,0.0,3.45,4.0,305.0,102170.0
20070206:2200,6.6,58.55,122.0,1235.38,42.0,-6.15,1.66,286.0,102190.0
20070206:2300,6.23,54.15,303.1,955.47,68.6,-2.1,2.34,287.0,102310.0
20070207:0000,6.2,48.15,455.2,885.54,99.2,2.5,4.62,299.0,102310.0
20070207:0100,6.45,44.45,584.35,959.98,88.35,234.85,5.45,303.0,102320.0
20070207:0200,7.04,41.15,622.35,855.84,121.55,-5.4,5.93,301.0,102320.0
20070207:0300,7.75,38.1,611.6,828.08,112.45,4.8,6.28,300.0,102230.0
20070207:0400,7.77,38.1,520.65,718.13,112.5,1.35,6.41,299.0,102170.0
20070207:0500,7.93,38.25,326.6,433.07,116.9,18.55,6.69,298.0,102150.0
20070207:0600,7.35,43.0,232.05,454.63,70.15,6.95,6.55,300.0,102200.0
20070207:0700,7.08,46.4,69.45,216.33,27.75,-20.3,6.14,302.0,102220.0
20070207:0800,6.19,48.15,0.0,0.0,0.0,-4.25,4.83,297.0,102310.0
20070207:0900,5.78,54.05,0.0,-0.0,0.0,-4.05,4.41,288.0,102350.0
20070207:1000,4.8,55.95,0.0,-0.0,0.0,-5.4,3.72,263.0,102340.0
20070207:1100,4.79,55.95,0.0,-0.0,0.0,-0.15,4.48,269.0,102410.0
20070207:1200,5.17,53.9,0.0,-0.0,0.0,-1.15,4.62,279.0,102410.0
20070207:1300,5.25,53.9,0.0,-0.0,0.0,6.0,4.48,290.0,102400.0
20070207:1400,4.96,53.9,0.0,-0.0,0.0,-4.05,4.14,294.0,102410.0
20070207:1500,4.46,58.2,0.0,-0.0,0.0,0.35,3.72,294.0,102410.0
20070207:1600,4.27,60.4,0.0,-0.0,0.0,0.15,3.17,291.0,102430.0
20070207:1700,3.8,62.8,0.0,-0.0,0.0,-0.75,2.41,294.0,102420.0
20070207:1800,3.95,65.3,0.0,-0.0,0.0,-0.75,1.79,296.0,102420.0
20070207:1900,4.03,70.6,0.0,-0.0,0.0,-0.75,2.07,286.0,102420.0
20070207:2000,3.86,70.6,0.0,-0.0,0.0,5.95,2.14,273.0,102440.0
20070207:2100,3.78,76.15,0.0,-0.0,0.0,-2.9,2.0,249.0,102460.0
20070207:2200,5.49,58.45,123.45,1172.66,43.7,-1.15,1.59,235.0,102470.0
20070207:2300,5.06,53.9,299.6,898.26,75.95,0.0,2.0,231.0,102440.0
20070208:0000,5.01,49.8,463.55,903.99,96.6,3.45,3.1,264.0,102420.0
20070208:0100,5.78,46.1,592.05,972.63,85.5,233.5,3.45,278.0,102400.0
20070208:0200,7.0,42.85,640.8,932.14,91.35,-4.05,3.45,282.0,102320.0
20070208:0300,8.12,39.85,631.0,887.07,92.4,3.05,3.59,283.0,102190.0
20070208:0400,8.53,38.4,539.1,740.11,115.2,1.7,3.79,285.0,102080.0
20070208:0500,9.2,35.6,408.15,651.42,89.9,4.05,3.66,286.0,102000.0
20070208:0600,9.56,34.35,247.1,497.08,68.0,2.5,3.17,291.0,101990.0
20070208:0700,8.99,40.1,70.65,202.54,30.8,-1.35,2.34,296.0,101990.0
20070208:0800,8.71,45.0,0.05,0.0,0.05,0.0,1.93,288.0,102030.0
20070208:0900,8.51,45.0,0.0,-0.0,0.0,-5.0,1.79,278.0,102030.0
20070208:1000,7.28,48.25,0.0,-0.0,0.0,15.65,1.93,274.0,101970.0
20070208:1100,6.88,54.3,0.0,-0.0,0.0,25.35,1.59,266.0,101890.0
20070208:1200,6.23,58.55,0.0,-0.0,0.0,-22.25,1.66,251.0,101830.0
20070208:1300,5.84,58.55,0.0,-0.0,0.0,-9.65,1.45,248.0,101770.0
20070208:1400,5.64,56.2,0.0,-0.0,0.0,22.45,1.31,245.0,101700.0
20070208:1500,5.19,56.05,0.0,-0.0,0.0,21.65,1.66,233.0,101620.0
20070208:1600,5.14,53.9,0.0,-0.0,0.0,-9.85,1.52,243.0,101530.0
20070208:1700,4.73,58.2,0.0,-0.0,0.0,3.45,1.17,269.0,101540.0
20070208:1800,3.95,62.8,0.0,-0.0,0.0,-8.3,1.17,269.0,101500.0
20070208:1900,3.79,67.8,0.0,-0.0,0.0,5.0,1.17,268.0,101450.0
20070208:2000,3.51,70.5,0.0,-0.0,0.0,-5.8,1.38,274.0,101440.0
20070208:2100,3.43,73.3,0.0,-0.0,0.0,-21.25,1.52,277.0,101410.0
20070208:2200,4.55,73.45,123.05,1129.01,42.5,-8.5,1.24,264.0,101470.0
20070208:2300,4.21,73.4,302.45,925.51,68.65,1.5,1.45,274.0,101450.0
20070209:0000,4.78,68.0,466.15,934.99,82.9,-1.15,1.1,286.0,101460.0
20070209:0100,6.85,46.4,539.35,803.53,117.5,246.65,0.9,334.0,101430.0
20070209:0200,8.21,48.55,506.4,633.73,130.1,12.75,0.9,356.0,101360.0
20070209:0300,7.43,61.1,310.9,230.79,169.75,17.4,0.48,43.0,101260.0
20070209:0400,8.23,56.7,195.75,112.27,130.95,33.85,1.1,65.0,101150.0
20070209:0500,8.05,61.2,125.75,94.24,79.3,11.95,1.1,84.0,101090.0
20070209:0600,7.42,65.95,94.0,82.85,63.8,-10.25,1.45,93.0,101110.0
20070209:0700,7.01,68.4,33.0,68.99,19.15,10.6,1.31,100.0,101070.0
20070209:0800,6.82,76.55,0.05,0.0,0.05,-27.45,1.17,99.0,101090.0
20070209:0900,6.95,76.65,0.0,-0.0,0.0,23.2,1.24,98.0,101090.0
20070209:1000,6.94,79.55,0.0,-0.0,0.0,-1.5,1.1,129.0,101070.0
20070209:1100,7.3,79.55,0.0,-0.0,0.0,5.4,0.69,81.0,101030.0
20070209:1200,7.27,79.55,0.0,-0.0,0.0,4.45,0.62,103.0,100990.0
20070209:1300,7.18,79.55,0.0,-0.0,0.0,0.35,0.9,156.0,100930.0
20070209:1400,7.04,82.6,0.0,-0.0,0.0,-1.7,1.17,172.0,100880.0
20070209:1500,5.83,82.55,0.0,-0.0,0.0,3.85,1.03,184.0,100790.0
20070209:1600,5.88,85.7,0.0,-0.0,0.0,-2.9,0.28,256.0,100740.0
20070209:1700,5.64,88.9,0.0,-0.0,0.0,-1.7,1.1,294.0,100690.0
20070209:1800,5.83,82.55,0.0,-0.0,0.0,-7.15,1.93,301.0,100650.0
20070209:1900,5.88,85.7,0.0,-0.0,0.0,-31.5,2.07,321.0,100640.0
20070209:2000,5.49,88.9,0.0,-0.0,0.0,18.75,2.69,340.0,100650.0
20070209:2100,5.01,88.85,0.0,-0.0,0.0,17.6,2.34,350.0,100680.0
20070209:2200,5.91,88.95,44.05,190.58,29.8,2.1,2.69,347.0,100740.0
20070209:2300,5.97,85.7,124.95,222.56,67.9,-6.35,2.48,334.0,100790.0
20070210:0000,5.55,85.65,236.8,193.14,156.85,-1.15,2.34,322.0,100820.0
20070210:0100,5.75,85.65,267.65,195.56,164.15,319.25,1.86,338.0,100770.0
20070210:0200,5.65,85.65,398.05,352.49,187.2,-1.35,1.66,353.0,100690.0
20070210:0300,6.84,76.65,403.0,312.15,210.7,-32.5,2.21,344.0,100570.0
20070210:0400,7.62,76.7,414.25,403.44,179.6,22.25,2.76,358.0,100520.0
20070210:0500,7.99,73.95,298.95,345.29,127.25,0.55,3.03,3.0,100440.0
20070210:0600,7.79,76.7,176.55,256.3,82.05,-19.9,3.17,7.0,100460.0
20070210:0700,7.18,79.55,55.0,135.05,27.35,-8.9,2.83,11.0,100490.0
20070210:0800,6.98,79.55,0.15,0.0,0.15,0.75,2.28,14.0,100490.0
20070210:0900,7.01,79.55,0.0,-0.0,0.0,5.2,2.0,10.0,100510.0
20070210:1000,6.59,82.55,0.0,-0.0,0.0,8.7,1.72,29.0,100470.0
20070210:1100,6.82,82.55,0.0,-0.0,0.0,6.0,1.31,12.0,100470.0
20070210:1200,7.19,82.6,0.0,-0.0,0.0,-5.2,1.38,350.0,100440.0
20070210:1300,7.45,79.65,0.0,-0.0,0.0,20.1,1.17,356.0,100390.0
20070210:1400,7.1,82.6,0.0,-0.0,0.0,-6.15,1.31,338.0,100310.0
20070210:1500,5.77,85.65,0.0,-0.0,0.0,3.45,1.24,311.0,100270.0
20070210:1600,5.83,82.55,0.0,-0.0,0.0,-17.0,1.45,307.0,100240.0
20070210:1700,5.51,85.65,0.0,-0.0,0.0,3.65,1.03,300.0,100200.0
20070210:1800,5.32,85.65,0.0,-0.0,0.0,-23.2,1.66,292.0,100190.0
20070210:1900,5.19,88.85,0.0,-0.0,0.0,-28.25,2.97,296.0,100180.0
20070210:2000,5.48,76.5,0.0,-0.0,0.0,-10.45,4.07,298.0,100240.0
20070210:2100,5.55,70.85,0.0,-0.0,0.0,-5.4,4.97,300.0,100300.0
20070210:2200,5.44,65.65,137.6,1191.23,44.35,-3.25,3.79,298.0,100380.0
20070210:2300,5.28,60.65,321.75,961.84,71.55,-0.55,3.93,296.0,100460.0
20070211:0000,5.5,54.05,484.8,954.42,85.8,0.0,5.24,300.0,100570.0
20070211:0100,5.87,50.05,594.05,933.65,95.9,228.45,6.28,305.0,100600.0
20070211:0200,6.35,46.25,638.65,853.78,124.15,2.7,7.17,305.0,100610.0
20070211:0300,6.72,46.25,611.95,764.18,137.75,6.95,7.79,299.0,100590.0
20070211:0400,6.59,46.25,515.35,642.55,138.75,5.8,7.79,293.0,100560.0
20070211:0500,6.38,46.25,411.15,607.1,106.6,-1.9,8.14,291.0,100600.0
20070211:0600,6.01,48.15,254.6,489.63,72.0,-7.35,8.34,291.0,100720.0
20070211:0700,5.74,49.95,82.9,240.26,32.75,-2.7,7.31,290.0,100830.0
20070211:0800,5.36,49.95,0.35,0.0,0.35,-8.7,6.55,292.0,100950.0
20070211:0900,5.11,53.9,0.0,-0.0,0.0,0.75,6.34,296.0,101070.0
20070211:1000,3.63,60.3,0.0,-0.0,0.0,-3.85,5.17,291.0,101110.0
20070211:1100,3.52,60.3,0.0,-0.0,0.0,-2.1,5.1,284.0,101210.0
20070211:1200,3.53,60.3,0.0,-0.0,0.0,-0.35,4.9,278.0,101280.0
20070211:1300,3.61,60.3,0.0,-0.0,0.0,1.9,4.62,275.0,101340.0
20070211:1400,3.38,60.3,0.0,-0.0,0.0,-2.3,4.48,278.0,101320.0
20070211:1500,3.32,57.95,0.0,-0.0,0.0,1.9,4.55,285.0,101360.0
20070211:1600,3.18,60.15,0.0,-0.0,0.0,-1.9,4.34,292.0,101380.0
20070211:1700,2.49,65.0,0.0,-0.0,0.0,0.15,4.21,299.0,101440.0
20070211:1800,2.46,67.6,0.0,-0.0,0.0,-0.95,4.21,305.0,101500.0
20070211:1900,2.07,70.2,0.0,-0.0,0.0,0.75,3.66,307.0,101540.0
20070211:2000,1.7,64.8,0.0,-0.0,0.0,14.7,2.9,306.0,101610.0
20070211:2100,2.07,59.95,0.0,-0.0,0.0,-10.45,2.21,303.0,101680.0
20070211:2200,3.47,60.3,133.4,1032.69,48.85,1.35,1.38,265.0,101740.0
20070211:2300,2.68,62.5,229.4,427.66,116.5,5.8,1.79,237.0,101820.0
20070212:0000,2.75,57.7,343.15,403.57,172.75,31.9,2.14,247.0,101840.0
20070212:0100,3.38,53.5,346.5,199.85,239.0,263.7,3.03,269.0,101820.0
20070212:0200,4.56,51.7,402.85,195.19,284.35,22.6,4.07,275.0,101790.0
20070212:0300,6.03,46.25,501.9,458.68,215.2,-1.15,4.28,273.0,101710.0
20070212:0400,6.25,48.15,443.15,486.04,156.1,-13.35,4.9,273.0,101640.0
20070212:0500,7.23,46.4,428.0,667.94,90.0,-10.05,4.83,268.0,101580.0
20070212:0600,7.69,46.55,250.95,454.06,79.7,-18.35,5.31,276.0,101620.0
20070212:0700,7.7,50.35,78.5,207.07,34.45,1.9,4.62,287.0,101690.0
20070212:0800,7.21,52.2,0.5,0.0,0.5,11.4,4.28,293.0,101760.0
20070212:0900,6.65,60.85,0.0,-0.0,0.0,-19.7,3.66,309.0,101880.0
20070212:1000,5.29,65.55,0.0,-0.0,0.0,0.35,1.45,327.0,101940.0
20070212:1100,4.99,68.1,0.0,-0.0,0.0,-10.45,1.59,332.0,102020.0
20070212:1200,4.81,68.1,0.0,-0.0,0.0,-3.25,1.38,331.0,102100.0
20070212:1300,4.52,68.0,0.0,-0.0,0.0,3.85,1.31,329.0,102150.0
20070212:1400,4.19,70.6,0.0,-0.0,0.0,-2.1,1.31,326.0,102190.0
20070212:1500,3.33,70.5,0.0,-0.0,0.0,1.7,1.59,323.0,102210.0
20070212:1600,2.85,70.4,0.0,-0.0,0.0,-6.95,1.72,327.0,102250.0
20070212:1700,2.42,73.1,0.0,-0.0,0.0,-4.05,2.0,327.0,102270.0
20070212:1800,1.65,75.85,0.0,-0.0,0.0,-0.75,1.93,330.0,102290.0
20070212:1900,2.06,73.0,0.0,-0.0,0.0,5.0,1.86,327.0,102360.0
20070212:2000,1.92,73.0,0.0,-0.0,0.0,0.95,1.72,316.0,102390.0
20070212:2100,1.75,75.85,0.0,-0.0,0.0,-2.9,1.52,306.0,102460.0
20070212:2200,2.75,82.15,148.45,1188.79,46.75,-2.3,1.45,311.0,102440.0
20070212:2300,2.66,76.0,332.5,962.16,74.7,1.7,1.52,328.0,102550.0
20070213:0000,3.08,65.1,508.05,994.44,83.95,9.05,1.72,334.0,102580.0
20070213:0100,3.8,58.05,616.45,960.41,95.6,225.0,1.59,341.0,102550.0
20070213:0200,5.19,53.9,651.45,906.71,96.9,0.55,1.66,338.0,102530.0
20070213:0300,6.13,50.05,650.2,869.27,102.9,5.4,2.34,318.0,102460.0
20070213:0400,7.06,42.85,491.95,588.64,141.65,1.5,2.83,309.0,102370.0
20070213:0500,7.99,39.85,436.65,671.48,93.9,18.75,2.97,320.0,102310.0
20070213:0600,8.27,41.45,234.8,365.51,95.4,-12.35,3.24,18.0,102370.0
20070213:0700,8.03,48.55,74.3,170.26,37.4,24.95,2.83,43.0,102490.0
20070213:0800,7.18,63.35,0.65,0.0,0.65,-7.15,2.21,69.0,102550.0
20070213:0900,6.91,65.85,0.0,-0.0,0.0,-2.5,1.72,102.0,102620.0
20070213:1000,5.22,76.4,0.0,-0.0,0.0,6.15,1.45,120.0,102650.0
20070213:1100,5.52,76.5,0.0,-0.0,0.0,-20.9,1.38,137.0,102690.0
20070213:1200,5.85,73.7,0.0,-0.0,0.0,7.7,1.59,142.0,102720.0
20070213:1300,6.01,76.55,0.0,-0.0,0.0,16.6,1.86,149.0,102680.0
20070213:1400,4.84,76.4,0.0,-0.0,0.0,-1.7,2.14,145.0,102630.0
20070213:1500,5.19,76.4,0.0,-0.0,0.0,-1.5,2.07,157.0,102550.0
20070213:1600,4.96,73.55,0.0,-0.0,0.0,34.45,1.52,163.0,102500.0
20070213:1700,4.92,76.4,0.0,-0.0,0.0,0.55,2.14,160.0,102450.0
20070213:1800,5.43,73.65,0.0,-0.0,0.0,22.8,2.83,155.0,102330.0
20070213:1900,5.49,76.5,0.0,-0.0,0.0,-4.45,3.17,155.0,102200.0
20070213:2000,5.59,79.4,0.0,-0.0,0.0,4.05,3.38,151.0,102070.0
20070213:2100,5.77,82.5,0.0,-0.0,0.0,-0.15,3.38,148.0,101960.0
20070213:2200,5.47,85.65,16.95,0.0,16.95,9.25,1.86,163.0,101870.0
20070213:2300,5.14,88.85,28.7,0.0,28.7,3.85,2.9,140.0,101710.0
20070214:0000,5.31,88.9,42.65,0.0,42.65,4.6,3.59,143.0,101550.0
20070214:0100,5.43,88.9,41.35,0.0,41.35,338.8,3.59,156.0,101360.0
20070214:0200,5.66,88.9,63.45,0.41,63.2,5.2,3.59,168.0,101160.0
20070214:0300,5.3,88.85,57.75,0.24,57.6,-9.85,4.83,175.0,100940.0
20070214:0400,4.99,88.85,54.35,0.0,54.35,3.85,5.52,175.0,100670.0
20070214:0500,6.33,88.95,39.55,0.1,39.5,7.7,6.34,179.0,100450.0
20070214:0600,7.55,89.0,30.6,1.56,30.0,6.15,6.69,184.0,100200.0
20070214:0700,8.7,89.1,22.5,1.59,22.15,4.8,7.1,195.0,100000.0
20070214:0800,9.67,85.95,0.2,0.0,0.2,-4.25,7.38,206.0,99850.0
20070214:0900,9.62,85.95,0.0,-0.0,0.0,-1.35,6.21,224.0,99890.0
20070214:1000,9.82,89.15,0.0,-0.0,0.0,4.6,2.48,275.0,99910.0
20070214:1100,8.57,85.9,0.0,-0.0,0.0,-4.05,2.9,303.0,99890.0
20070214:1200,7.1,85.75,0.0,-0.0,0.0,-5.4,3.52,303.0,99820.0
20070214:1300,6.77,85.7,0.0,-0.0,0.0,-5.4,1.93,289.0,99710.0
20070214:1400,7.56,76.7,0.0,-0.0,0.0,-2.9,2.28,274.0,99660.0
20070214:1500,8.24,73.95,0.0,-0.0,0.0,-16.6,3.45,274.0,99590.0
20070214:1600,8.03,73.95,0.0,-0.0,0.0,-32.9,5.45,287.0,99600.0
20070214:1700,7.13,71.05,0.0,-0.0,0.0,-20.1,6.69,292.0,99690.0
20070214:1800,6.52,65.75,0.0,-0.0,0.0,-2.7,7.86,287.0,99740.0
20070214:1900,6.26,63.25,0.0,-0.0,0.0,-16.6,7.93,285.0,99800.0
20070214:2000,5.55,60.75,0.0,-0.0,0.0,-9.25,7.52,284.0,99860.0
20070214:2100,5.48,58.45,0.0,-0.0,0.0,0.15,7.72,283.0,99890.0
20070214:2200,5.87,63.25,149.3,1105.32,46.35,-9.65,6.21,272.0,99960.0
20070214:2300,5.43,58.45,342.1,986.07,69.9,-3.05,5.72,262.0,99970.0
20070215:0000,5.24,53.9,520.6,1014.64,79.1,-0.35,6.62,264.0,100040.0
20070215:0100,5.01,51.8,633.8,981.53,92.7,226.55,7.72,269.0,100010.0
20070215:0200,4.84,51.8,671.85,909.39,107.35,1.15,8.62,272.0,100010.0
20070215:0300,4.96,51.8,591.25,650.92,175.45,3.05,9.24,276.0,99970.0
20070215:0400,4.46,53.8,498.65,580.47,147.95,27.85,9.52,277.0,100000.0
20070215:0500,3.49,55.7,393.4,507.07,130.1,-23.8,8.9,274.0,100000.0
20070215:0600,3.83,51.55,258.65,440.83,86.8,9.45,9.1,277.0,100120.0
20070215:0700,2.79,55.55,93.25,250.75,36.9,-14.7,7.86,273.0,100160.0
20070215:0800,2.65,62.5,1.05,0.0,1.05,-3.65,6.48,270.0,100230.0
20070215:0900,2.73,55.45,0.0,-0.0,0.0,-13.5,8.14,273.0,100300.0
20070215:1000,1.75,62.25,0.0,-0.0,0.0,-3.05,6.97,262.0,100260.0
20070215:1100,1.72,64.8,0.0,-0.0,0.0,0.55,7.93,266.0,100370.0
20070215:1200,1.69,67.4,0.0,-0.0,0.0,1.9,8.0,269.0,100430.0
20070215:1300,1.58,67.4,0.0,-0.0,0.0,3.85,8.07,271.0,100450.0
20070215:1400,1.76,72.95,0.0,-0.0,0.0,3.05,7.72,273.0,100490.0
20070215:1500,2.21,70.2,0.0,-0.0,0.0,6.15,9.45,281.0,100560.0
20070215:1600,2.54,62.5,0.0,-0.0,0.0,2.7,9.59,285.0,100600.0
20070215:1700,2.97,57.8,0.0,-0.0,0.0,-3.25,10.0,289.0,100670.0
20070215:1800,3.07,57.8,0.0,-0.0,0.0,-8.3,10.34,292.0,100700.0
20070215:1900,3.22,62.6,0.0,-0.0,0.0,3.05,10.48,293.0,100740.0
20070215:2000,3.35,57.95,0.0,-0.0,0.0,-3.65,10.62,294.0,100800.0
20070215:2100,3.4,57.95,0.0,-0.0,0.0,0.0,10.62,295.0,100880.0
20070215:2200,4.48,55.95,162.95,1188.01,47.65,-1.15,9.52,294.0,100930.0
20070215:2300,4.17,58.05,354.85,1016.77,69.95,1.15,7.93,295.0,101050.0
20070216:0000,4.16,55.85,514.15,983.63,81.8,3.05,8.34,296.0,101160.0
20070216:0100,4.84,49.8,610.55,902.7,108.8,221.9,8.14,295.0,101300.0
20070216:0200,5.62,44.3,664.0,896.35,103.45,6.95,8.28,297.0,101380.0
20070216:0300,6.28,44.45,526.85,485.46,214.5,3.05,8.41,297.0,101430.0
20070216:0400,6.26,46.25,398.25,287.82,223.05,34.8,8.07,298.0,101430.0
20070216:0500,6.11,46.25,289.6,202.04,183.8,17.6,7.24,301.0,101490.0
20070216:0600,6.26,48.15,196.55,263.67,92.65,-7.15,6.9,305.0,101610.0
20070216:0700,5.9,48.15,79.8,155.0,44.35,5.2,5.66,310.0,101700.0
20070216:0800,5.4,49.95,1.2,0.0,1.2,-22.05,4.48,312.0,101840.0
20070216:0900,5.42,56.2,0.0,-0.0,0.0,-23.0,4.0,313.0,102020.0
20070216:1000,4.9,56.05,0.0,-0.0,0.0,33.45,2.0,308.0,102090.0
20070216:1100,4.75,58.2,0.0,-0.0,0.0,9.45,2.34,303.0,102200.0
20070216:1200,4.72,60.5,0.0,-0.0,0.0,6.55,2.55,304.0,102290.0
20070216:1300,4.59,60.5,0.0,-0.0,0.0,5.4,2.14,309.0,102360.0
20070216:1400,4.59,65.4,0.0,-0.0,0.0,-6.95,1.45,314.0,102380.0
20070216:1500,3.98,67.9,0.0,-0.0,0.0,1.5,1.59,312.0,102440.0
20070216:1600,3.83,67.9,0.0,-0.0,0.0,-13.5,1.45,307.0,102420.0
20070216:1700,3.16,76.1,0.0,-0.0,0.0,-4.25,1.31,301.0,102420.0
20070216:1800,2.24,75.95,0.0,-0.0,0.0,-40.6,1.52,302.0,102420.0
20070216:1900,2.45,76.0,0.0,-0.0,0.0,0.75,1.59,306.0,102430.0
20070216:2000,2.66,76.0,0.0,-0.0,0.0,-1.7,1.59,306.0,102410.0
20070216:2100,2.79,73.2,0.0,-0.0,0.0,-2.3,1.24,300.0,102440.0
20070216:2200,3.13,73.2,152.5,983.27,53.15,2.5,1.17,295.0,102460.0
20070216:2300,3.05,70.4,333.9,877.21,84.4,0.95,1.17,295.0,102490.0
20070217:0000,3.71,60.3,480.75,838.71,108.35,2.7,0.55,304.0,102500.0
20070217:0100,4.05,62.8,607.75,859.79,125.9,236.2,0.28,81.0,102470.0
20070217:0200,5.21,49.8,601.4,707.04,155.95,5.0,0.69,106.0,102360.0
20070217:0300,6.62,44.45,571.85,628.74,164.4,10.25,1.45,127.0,102280.0
20070217:0400,7.03,42.85,536.7,556.44,195.45,5.8,2.28,131.0,102140.0
20070217:0500,7.41,43.0,383.1,386.4,179.05,-8.1,2.97,157.0,102090.0
20070217:0600,7.85,41.45,252.5,365.07,107.1,7.9,3.66,152.0,102030.0
20070217:0700,7.47,50.35,63.45,104.21,39.2,0.0,3.86,150.0,102010.0
20070217:0800,6.57,58.55,1.25,0.0,1.25,0.35,3.66,150.0,101970.0
20070217:0900,6.57,63.25,0.0,-0.0,0.0,11.2,3.79,162.0,101940.0
20070217:1000,5.83,65.75,0.0,-0.0,0.0,9.05,3.31,185.0,101970.0
20070217:1100,6.13,65.75,0.0,-0.0,0.0,9.05,3.1,194.0,101870.0
20070217:1200,6.06,65.75,0.0,-0.0,0.0,10.45,2.69,197.0,101780.0
20070217:1300,6.12,68.3,0.0,-0.0,0.0,-9.05,2.55,202.0,101720.0
20070217:1400,5.77,73.65,0.0,-0.0,0.0,0.55,2.69,203.0,101670.0
20070217:1500,5.83,73.7,0.0,-0.0,0.0,13.9,2.34,206.0,101590.0
20070217:1600,5.66,76.5,0.0,-0.0,0.0,9.25,1.66,220.0,101500.0
20070217:1700,5.2,82.4,0.0,-0.0,0.0,10.45,1.03,236.0,101430.0
20070217:1800,4.83,79.35,0.0,-0.0,0.0,6.35,1.03,269.0,101290.0
20070217:1900,4.74,85.55,0.0,-0.0,0.0,-0.75,1.03,306.0,101200.0
20070217:2000,4.25,88.8,0.0,-0.0,0.0,1.5,2.0,324.0,101140.0
20070217:2100,4.28,88.8,0.0,-0.0,0.0,0.55,3.03,334.0,101090.0
20070217:2200,3.69,92.15,14.65,0.0,14.65,-0.75,3.17,320.0,101070.0
20070217:2300,3.17,92.15,37.85,0.0,37.85,-2.3,3.52,330.0,101020.0
20070218:0000,2.91,92.15,83.55,0.0,83.55,-0.35,3.52,338.0,101020.0
20070218:0100,2.9,95.7,116.95,0.44,116.7,325.45,3.79,343.0,100920.0
20070218:0200,3.22,95.7,109.3,1.89,108.1,-1.35,4.28,343.0,100860.0
20070218:0300,3.14,95.7,118.05,0.0,118.05,2.3,4.69,340.0,100740.0
20070218:0400,3.17,99.4,111.35,0.0,111.35,-2.5,5.17,338.0,100650.0
20070218:0500,4.17,92.2,150.2,37.0,130.5,0.35,5.31,339.0,100620.0
20070218:0600,5.26,85.6,135.55,56.77,112.7,-0.55,5.52,345.0,100580.0
20070218:0700,5.67,82.5,66.85,70.56,50.15,-27.45,5.31,350.0,100620.0
20070218:0800,5.5,79.4,1.9,2.16,1.8,-13.9,4.9,349.0,100660.0
20070218:0900,5.97,82.55,0.0,-0.0,0.0,-16.45,4.0,346.0,100690.0
20070218:1000,6.09,65.75,0.0,-0.0,0.0,-25.15,2.69,342.0,100750.0
20070218:1100,6.29,65.75,0.0,-0.0,0.0,1.15,3.31,332.0,100800.0
20070218:1200,5.79,65.65,0.0,-0.0,0.0,-13.15,4.28,321.0,100890.0
20070218:1300,5.46,63.15,0.0,-0.0,0.0,0.95,4.48,310.0,100920.0
20070218:1400,5.25,68.1,0.0,-0.0,0.0,9.85,4.76,307.0,100970.0
20070218:1500,5.09,68.1,0.0,-0.0,0.0,-3.65,5.1,311.0,100980.0
20070218:1600,5.3,70.8,0.0,-0.0,0.0,12.15,5.03,318.0,100970.0
20070218:1700,4.88,68.1,0.0,-0.0,0.0,-2.1,4.76,322.0,101000.0
20070218:1800,5.18,70.8,0.0,-0.0,0.0,-13.5,4.41,323.0,101040.0
20070218:1900,4.97,70.8,0.0,-0.0,0.0,5.4,4.0,330.0,101030.0
20070218:2000,4.74,73.45,0.0,-0.0,0.0,-8.1,3.72,332.0,101080.0
20070218:2100,4.54,73.45,0.0,-0.0,0.0,-3.85,3.38,331.0,101170.0
20070218:2200,5.49,65.65,147.1,742.43,66.0,6.75,2.41,326.0,101220.0
20070218:2300,5.31,63.15,314.9,692.86,111.85,0.95,2.76,331.0,101300.0
20070219:0000,5.54,60.75,350.2,405.98,166.25,13.9,4.21,330.0,101370.0
20070219:0100,5.95,58.55,401.35,449.42,145.3,282.25,4.28,331.0,101370.0
20070219:0200,6.42,56.3,466.55,384.42,220.75,-11.8,4.21,334.0,101380.0
20070219:0300,7.54,46.55,468.65,399.24,206.2,20.9,4.34,329.0,101350.0
20070219:0400,8.16,43.1,480.25,487.46,176.85,-9.85,4.55,325.0,101290.0
20070219:0500,8.56,41.6,424.6,540.69,134.3,-12.75,4.69,323.0,101290.0
20070219:0600,8.42,43.25,275.7,455.01,90.65,-13.9,4.69,329.0,101330.0
20070219:0700,8.1,44.85,103.65,264.52,40.0,-9.85,4.28,334.0,101420.0
20070219:0800,6.78,52.1,2.7,12.99,2.05,-4.8,3.86,338.0,101510.0
20070219:0900,6.42,54.15,0.0,-0.0,0.0,-8.3,3.86,337.0,101640.0
20070219:1000,5.27,60.65,0.0,-0.0,0.0,-2.7,2.97,337.0,101700.0
20070219:1100,4.67,62.95,0.0,-0.0,0.0,-3.05,2.97,336.0,101770.0
20070219:1200,5.02,60.65,0.0,-0.0,0.0,-3.25,3.1,334.0,101850.0
20070219:1300,4.79,62.95,0.0,-0.0,0.0,-1.5,2.97,332.0,101930.0
20070219:1400,4.5,62.95,0.0,-0.0,0.0,-1.15,2.76,332.0,101990.0
20070219:1500,4.02,67.9,0.0,-0.0,0.0,0.55,2.48,331.0,102000.0
20070219:1600,4.09,67.9,0.0,-0.0,0.0,-0.95,2.21,330.0,102030.0
20070219:1700,3.34,70.5,0.0,-0.0,0.0,-1.15,1.79,329.0,102090.0
20070219:1800,2.73,73.1,0.0,-0.0,0.0,-1.35,1.52,329.0,102070.0
20070219:1900,2.79,70.4,0.0,-0.0,0.0,0.0,1.38,327.0,102120.0
20070219:2000,2.42,70.3,0.0,-0.0,0.0,0.35,1.59,325.0,102160.0
20070219:2100,1.91,70.2,0.0,-0.0,0.0,-1.35,1.66,325.0,102190.0
20070219:2200,3.06,73.2,175.9,1094.86,51.7,1.5,1.31,320.0,102240.0
20070219:2300,2.7,67.6,372.45,1009.51,72.15,2.5,1.66,336.0,102280.0
20070220:0000,3.36,62.7,509.45,920.21,88.25,-0.55,1.72,9.0,102320.0
20070220:0100,3.85,60.4,589.0,744.56,161.3,225.75,1.93,28.0,102270.0
20070220:0200,4.54,55.95,491.6,532.43,148.65,23.4,1.52,34.0,102260.0
20070220:0300,4.8,55.95,546.45,575.41,165.5,13.7,1.38,52.0,102160.0
20070220:0400,5.27,56.05,532.85,626.25,140.2,6.95,1.72,67.0,102060.0
20070220:0500,5.66,54.05,371.05,416.02,145.85,-1.15,2.48,85.0,102030.0
20070220:0600,5.67,56.2,265.35,429.32,88.95,8.7,3.03,103.0,102040.0
20070220:0700,5.36,56.2,100.55,237.96,42.35,-22.8,3.38,113.0,102060.0
20070220:0800,5.01,58.3,2.95,13.96,2.2,-6.95,3.17,127.0,102060.0
20070220:0900,5.17,60.65,0.0,-0.0,0.0,-0.55,3.24,142.0,102100.0
20070220:1000,4.87,65.55,0.0,-0.0,0.0,1.7,2.07,162.0,102130.0
20070220:1100,4.85,65.55,0.0,-0.0,0.0,-9.25,1.79,181.0,102130.0
20070220:1200,4.74,68.0,0.0,-0.0,0.0,9.85,1.93,190.0,102150.0
20070220:1300,4.69,70.7,0.0,-0.0,0.0,6.55,2.34,186.0,102120.0
20070220:1400,4.59,73.45,0.0,-0.0,0.0,-7.5,2.62,193.0,102070.0
20070220:1500,4.25,79.2,0.0,-0.0,0.0,8.7,2.21,212.0,102090.0
20070220:1600,4.09,79.2,0.0,-0.0,0.0,-7.15,1.45,224.0,102050.0
20070220:1700,3.28,85.4,0.0,-0.0,0.0,-10.8,1.31,233.0,102030.0
20070220:1800,2.77,88.65,0.0,-0.0,0.0,-7.9,1.31,252.0,102020.0
20070220:1900,2.9,85.4,0.0,-0.0,0.0,-3.85,1.38,269.0,102000.0
20070220:2000,2.94,85.4,0.0,-0.0,0.0,-1.7,1.31,286.0,102000.0
20070220:2100,3.3,82.25,0.0,-0.0,0.0,0.0,1.38,298.0,102000.0
20070220:2200,3.53,85.45,179.5,1086.56,51.6,-0.55,2.21,294.0,102010.0
20070220:2300,3.14,79.1,374.85,997.38,73.7,1.9,2.07,301.0,102050.0
20070221:0000,3.74,67.8,540.1,982.95,85.6,2.1,1.93,316.0,102000.0
20070221:0100,4.35,60.5,655.25,970.87,92.95,232.35,1.38,328.0,101950.0
20070221:0200,5.72,58.45,707.35,940.32,97.2,2.7,1.24,342.0,101900.0
20070221:0300,6.63,58.55,695.3,900.42,94.95,3.85,1.17,357.0,101820.0
20070221:0400,7.26,56.45,592.4,794.7,90.5,2.9,1.24,14.0,101730.0
20070221:0500,8.71,46.8,407.5,471.13,150.4,5.8,1.66,16.0,101710.0
20070221:0600,8.91,48.8,300.5,535.58,78.2,35.6,1.24,36.0,101690.0
20070221:0700,7.79,63.5,110.45,274.03,42.35,-23.6,0.76,14.0,101760.0
20070221:0800,9.84,52.85,3.65,18.29,2.6,-9.05,0.76,259.0,101790.0
20070221:0900,8.38,68.7,0.0,-0.0,0.0,-6.75,1.38,249.0,101880.0
20070221:1000,6.43,68.3,0.0,-0.0,0.0,-3.45,1.72,230.0,101940.0
20070221:1100,6.48,68.3,0.0,-0.0,0.0,-1.9,1.86,242.0,101980.0
20070221:1200,6.57,70.95,0.0,-0.0,0.0,5.0,1.86,248.0,102000.0
20070221:1300,6.4,76.55,0.0,-0.0,0.0,-2.5,1.79,243.0,102040.0
20070221:1400,5.81,82.5,0.0,-0.0,0.0,13.35,1.79,241.0,102060.0
20070221:1500,4.9,85.6,0.0,-0.0,0.0,-8.1,1.79,250.0,102120.0
20070221:1600,4.82,85.6,0.0,-0.0,0.0,-3.45,1.72,260.0,102150.0
20070221:1700,4.1,92.2,0.0,-0.0,0.0,-8.5,1.79,265.0,102170.0
20070221:1800,2.92,88.7,0.0,-0.0,0.0,12.15,1.52,267.0,102200.0
20070221:1900,3.28,92.15,0.0,-0.0,0.0,-13.7,1.38,266.0,102220.0
20070221:2000,3.12,92.15,0.0,-0.0,0.0,-4.25,1.17,266.0,102240.0
20070221:2100,3.07,92.15,0.0,-0.0,0.0,2.1,1.1,258.0,102280.0
20070221:2200,4.26,85.5,176.85,990.59,55.95,0.95,0.76,258.0,102340.0
20070221:2300,4.97,79.35,341.65,751.63,111.3,1.9,0.9,244.0,102390.0
20070222:0000,5.59,70.85,523.7,936.34,86.35,17.95,0.9,171.0,102360.0
20070222:0100,6.81,65.75,603.95,779.96,148.5,237.0,2.48,156.0,102360.0
20070222:0200,8.64,52.6,543.1,660.91,111.1,20.5,4.14,170.0,102290.0
20070222:0300,9.73,47.05,683.4,844.31,116.5,12.95,4.55,162.0,102150.0
20070222:0400,10.12,45.4,598.9,744.98,125.0,-19.15,5.03,161.0,102060.0
20070222:0500,11.01,47.45,456.6,605.98,123.25,16.45,5.24,162.0,102000.0
20070222:0600,10.97,55.3,291.25,500.2,81.55,2.7,4.76,160.0,101970.0
20070222:0700,10.69,57.3,102.2,200.64,51.55,1.35,4.55,163.0,101960.0
20070222:0800,10.03,61.65,4.0,18.01,2.9,3.05,4.34,168.0,101960.0
20070222:0900,9.75,66.35,0.0,-0.0,0.0,-13.7,4.21,179.0,101990.0
20070222:1000,8.81,68.7,0.0,-0.0,0.0,0.15,4.21,200.0,101940.0
20070222:1100,8.92,66.25,0.0,-0.0,0.0,-1.9,4.07,203.0,101920.0
20070222:1200,8.68,68.7,0.0,-0.0,0.0,0.35,4.28,203.0,101850.0
20070222:1300,8.42,68.7,0.0,-0.0,0.0,4.45,4.41,207.0,101810.0
20070222:1400,8.04,68.6,0.0,-0.0,0.0,3.25,4.34,205.0,101770.0
20070222:1500,8.09,68.6,0.0,-0.0,0.0,-0.75,4.97,207.0,101760.0
20070222:1600,8.33,66.05,0.0,-0.0,0.0,10.25,4.97,204.0,101700.0
20070222:1700,8.44,63.7,0.0,-0.0,0.0,9.65,5.03,205.0,101620.0
20070222:1800,7.85,66.05,0.0,-0.0,0.0,-5.8,5.1,205.0,101510.0
20070222:1900,7.89,66.05,0.0,-0.0,0.0,11.6,5.1,206.0,101490.0
20070222:2000,7.63,73.9,0.0,-0.0,0.0,6.15,4.9,203.0,101490.0
20070222:2100,7.68,73.9,0.0,-0.0,0.0,3.05,4.76,198.0,101480.0
20070222:2200,8.84,74.05,77.0,67.62,68.45,9.65,4.28,206.0,101460.0
20070222:2300,8.16,76.8,170.6,108.83,136.75,2.7,3.93,199.0,101410.0
20070223:0000,8.96,79.85,257.1,97.92,210.9,5.95,4.07,194.0,101370.0
20070223:0100,9.26,85.95,306.75,94.86,250.9,325.6,4.07,192.0,101270.0
20070223:0200,10.33,86.0,245.45,46.78,214.65,2.3,3.66,190.0,101170.0
20070223:0300,9.47,85.95,195.7,14.35,186.0,2.7,3.45,191.0,101030.0
20070223:0400,10.43,80.05,148.9,22.79,134.3,1.15,2.83,196.0,100930.0
20070223:0500,10.42,86.05,107.6,6.94,103.75,5.95,1.93,205.0,100920.0
20070223:0600,10.16,86.0,65.25,0.0,65.25,-2.9,2.07,203.0,100890.0
20070223:0700,9.98,86.0,16.6,0.0,16.6,9.05,1.38,245.0,100900.0
20070223:0800,9.4,79.9,1.05,0.0,1.05,-0.15,1.72,311.0,100930.0
20070223:0900,9.51,79.9,0.0,-0.0,0.0,-9.65,3.52,333.0,101000.0
20070223:1000,8.72,74.05,0.0,-0.0,0.0,-21.85,1.93,336.0,101070.0
20070223:1100,8.42,74.05,0.0,-0.0,0.0,-16.25,2.69,345.0,101020.0
20070223:1200,8.24,76.8,0.0,-0.0,0.0,-9.05,3.66,348.0,101090.0
20070223:1300,7.71,76.7,0.0,-0.0,0.0,1.7,4.69,347.0,101130.0
20070223:1400,6.49,76.55,0.0,-0.0,0.0,-6.15,6.41,342.0,101180.0
20070223:1500,5.21,76.4,0.0,-0.0,0.0,7.35,7.66,337.0,101220.0
20070223:1600,4.76,70.7,0.0,-0.0,0.0,-7.15,7.86,338.0,101320.0
20070223:1700,3.82,67.9,0.0,-0.0,0.0,-7.5,7.93,341.0,101430.0
20070223:1800,3.33,65.2,0.0,-0.0,0.0,-29.6,8.34,340.0,101480.0
20070223:1900,3.09,62.6,0.0,-0.0,0.0,6.75,8.69,339.0,101560.0
20070223:2000,2.23,59.95,0.0,-0.0,0.0,-2.1,9.24,339.0,101650.0
20070223:2100,1.93,57.6,0.0,-0.0,0.0,-28.25,8.76,339.0,101720.0
20070223:2200,2.42,57.7,197.35,1038.46,61.4,-4.25,7.03,346.0,101820.0
20070223:2300,2.04,59.95,376.4,920.72,85.75,0.55,8.07,348.0,101890.0
20070224:0000,2.33,55.45,572.0,1008.06,91.55,-0.55,8.69,346.0,101920.0
20070224:0100,2.87,53.4,688.1,973.46,110.3,207.75,8.62,346.0,101900.0
20070224:0200,3.4,45.55,756.7,974.42,110.45,5.95,8.48,339.0,101930.0
20070224:0300,3.57,45.55,739.2,927.89,107.45,-3.45,8.28,333.0,101910.0
20070224:0400,3.59,45.55,664.55,881.6,95.7,0.15,8.0,329.0,101880.0
20070224:0500,4.19,43.9,499.1,713.43,100.4,-0.75,7.86,328.0,101880.0
20070224:0600,4.05,43.9,311.7,541.37,80.25,3.65,7.79,330.0,101900.0
20070224:0700,3.78,45.55,119.7,260.53,51.9,6.15,7.72,331.0,101990.0
20070224:0800,2.61,49.15,5.0,19.01,3.7,5.6,7.38,330.0,102100.0
20070224:0900,2.42,49.15,0.0,-0.0,0.0,1.7,7.31,330.0,102230.0
20070224:1000,1.04,55.05,0.0,-0.0,0.0,-8.9,6.0,324.0,102250.0
20070224:1100,1.01,55.05,0.0,-0.0,0.0,-6.35,6.69,328.0,102270.0
20070224:1200,1.06,55.05,0.0,-0.0,0.0,-3.85,7.03,334.0,102330.0
20070224:1300,0.84,52.85,0.0,-0.0,0.0,-4.25,7.24,338.0,102430.0
20070224:1400,0.7,52.75,0.0,-0.0,0.0,6.15,7.1,340.0,102500.0
20070224:1500,0.2,50.5,0.0,-0.0,0.0,-2.5,6.83,342.0,102520.0
20070224:1600,0.12,48.45,0.0,-0.0,0.0,-3.05,6.55,345.0,102550.0
20070224:1700,-0.2,44.6,0.0,-0.0,0.0,-2.5,6.48,347.0,102570.0
20070224:1800,-0.85,48.15,0.0,-0.0,0.0,-0.55,6.48,348.0,102620.0
20070224:1900,-1.03,48.15,0.0,-0.0,0.0,2.1,6.48,348.0,102660.0
20070224:2000,-1.39,52.2,0.0,-0.0,0.0,4.25,6.41,348.0,102730.0
20070224:2100,-1.38,54.4,0.0,-0.0,0.0,3.25,6.28,349.0,102750.0
20070224:2200,-0.2,52.6,184.5,901.89,62.35,0.75,5.86,344.0,102750.0
20070224:2300,-0.17,54.8,367.45,850.31,95.05,2.9,6.48,345.0,102770.0
20070225:0000,0.1,54.8,522.5,845.82,115.3,-0.55,6.55,347.0,102820.0
20070225:0100,0.48,50.65,616.4,819.03,126.3,217.45,6.34,353.0,102810.0
20070225:0200,1.45,48.85,676.45,807.54,137.0,3.25,6.0,357.0,102790.0
20070225:0300,2.07,49.0,671.4,770.77,143.0,0.75,5.38,3.0,102760.0
20070225:0400,2.39,45.3,594.7,724.15,124.15,1.15,5.1,10.0,102680.0
20070225:0500,2.88,43.6,461.35,638.05,102.0,3.05,4.69,16.0,102670.0
20070225:0600,3.17,45.4,302.9,506.78,84.15,2.5,4.0,22.0,102660.0
20070225:0700,3.35,45.55,121.3,287.75,45.3,1.5,3.66,29.0,102690.0
20070225:0800,3.78,45.55,5.85,27.07,3.9,-0.75,2.97,36.0,102690.0
20070225:0900,4.82,47.85,0.0,-0.0,0.0,-3.45,2.83,29.0,102740.0
20070225:1000,3.99,53.65,0.0,-0.0,0.0,5.6,2.34,19.0,102740.0
20070225:1100,3.82,58.05,0.0,-0.0,0.0,12.15,3.1,28.0,102750.0
20070225:1200,3.82,60.4,0.0,-0.0,0.0,-10.25,3.38,22.0,102810.0
20070225:1300,3.83,60.4,0.0,-0.0,0.0,-0.75,4.0,18.0,102830.0
20070225:1400,3.08,62.6,0.0,-0.0,0.0,19.15,4.28,12.0,102830.0
20070225:1500,2.7,62.5,0.0,-0.0,0.0,-2.3,4.34,8.0,102840.0
20070225:1600,2.57,60.05,0.0,-0.0,0.0,-19.7,4.34,6.0,102830.0
20070225:1700,1.91,59.95,0.0,-0.0,0.0,-5.4,4.41,6.0,102810.0
20070225:1800,1.67,62.25,0.0,-0.0,0.0,3.45,4.48,5.0,102810.0
20070225:1900,1.48,62.25,0.0,-0.0,0.0,-5.4,4.28,3.0,102800.0
20070225:2000,1.47,62.25,0.0,-0.0,0.0,9.85,4.0,360.0,102830.0
20070225:2100,1.53,64.8,0.0,-0.0,0.0,-9.65,3.86,358.0,102860.0
20070225:2200,2.2,62.35,181.3,844.17,63.1,9.65,3.45,330.0,102870.0
20070225:2300,1.79,59.95,340.35,755.19,94.85,-5.2,3.79,343.0,102910.0
20070226:0000,1.92,59.95,479.9,622.7,177.1,15.05,3.86,359.0,102910.0
20070226:0100,2.29,57.7,550.95,532.11,229.95,246.25,3.93,16.0,102890.0
20070226:0200,3.02,55.55,585.2,484.74,259.05,19.5,3.72,28.0,102890.0
20070226:0300,3.51,53.5,505.7,427.02,210.95,-4.8,3.45,34.0,102820.0
20070226:0400,3.49,51.4,528.75,511.43,194.1,12.15,3.1,35.0,102760.0
20070226:0500,3.69,53.5,395.05,364.39,188.25,-8.9,2.97,33.0,102730.0
20070226:0600,3.76,53.5,304.55,450.49,108.25,6.95,3.03,35.0,102720.0
20070226:0700,3.71,53.5,130.95,314.4,46.7,-26.1,3.52,50.0,102780.0
20070226:0800,3.83,58.05,6.5,27.1,4.45,-15.05,3.31,63.0,102810.0
20070226:0900,4.02,62.8,0.0,-0.0,0.0,2.7,2.69,74.0,102830.0
20070226:1000,3.55,65.2,0.0,-0.0,0.0,-1.9,0.76,81.0,102790.0
20070226:1100,3.97,60.4,0.0,-0.0,0.0,-3.85,0.41,63.0,102790.0
20070226:1200,3.51,62.7,0.0,-0.0,0.0,4.25,0.28,51.0,102820.0
20070226:1300,3.12,67.7,0.0,-0.0,0.0,2.1,0.21,176.0,102780.0
20070226:1400,2.16,73.0,0.0,-0.0,0.0,3.45,0.48,196.0,102760.0
20070226:1500,2.6,76.0,0.0,-0.0,0.0,9.45,0.62,208.0,102760.0
20070226:1600,2.83,73.2,0.0,-0.0,0.0,18.35,0.76,228.0,102710.0
20070226:1700,1.7,75.85,0.0,-0.0,0.0,-9.45,0.97,232.0,102710.0
20070226:1800,0.75,78.75,0.0,-0.0,0.0,-10.8,0.97,230.0,102670.0
20070226:1900,0.77,75.75,0.0,-0.0,0.0,-9.25,0.97,234.0,102660.0
20070226:2000,0.52,75.7,0.0,-0.0,0.0,0.95,1.17,247.0,102640.0
20070226:2100,0.52,75.7,0.0,-0.0,0.0,-0.95,1.45,244.0,102670.0
20070226:2200,2.3,76.0,173.4,707.2,71.1,15.25,2.0,248.0,102680.0
20070226:2300,1.92,78.95,343.9,624.82,137.8,4.45,1.45,252.0,102680.0
20070227:0000,2.45,70.3,545.5,885.67,110.5,-1.15,0.76,253.0,102630.0
20070227:0100,3.4,67.8,678.6,951.35,100.05,242.8,0.28,96.0,102600.0
20070227:0200,5.54,56.2,691.0,818.79,136.15,-5.2,1.24,106.0,102530.0
20070227:0300,6.14,60.85,700.5,825.17,127.05,19.5,1.45,128.0,102400.0
20070227:0400,7.03,56.45,605.7,720.18,131.2,-2.1,1.72,101.0,102300.0
20070227:0500,8.47,52.6,451.75,580.84,119.6,18.35,2.97,90.0,102230.0
20070227:0600,8.7,61.3,299.9,452.79,100.75,-9.45,3.66,95.0,102170.0
20070227:0700,8.33,63.6,106.35,212.1,48.7,4.25,3.24,106.0,102160.0
20070227:0800,7.98,71.25,6.35,23.98,4.45,14.3,2.07,119.0,102150.0
20070227:0900,7.97,73.95,0.0,-0.0,0.0,-21.65,1.66,138.0,102120.0
20070227:1000,7.01,76.65,0.0,-0.0,0.0,9.85,2.48,187.0,102090.0
20070227:1100,7.31,79.55,0.0,-0.0,0.0,34.45,1.93,219.0,102010.0
20070227:1200,7.82,76.7,0.0,-0.0,0.0,3.05,2.0,264.0,102010.0
20070227:1300,7.55,76.7,0.0,-0.0,0.0,2.1,1.31,300.0,101920.0
20070227:1400,6.48,82.55,0.0,-0.0,0.0,-7.15,2.48,313.0,101870.0
20070227:1500,5.11,88.85,0.0,-0.0,0.0,-14.5,2.34,316.0,101810.0
20070227:1600,5.49,82.5,0.0,-0.0,0.0,27.85,2.41,323.0,101760.0
20070227:1700,5.01,82.4,0.0,-0.0,0.0,-25.5,2.9,324.0,101720.0
20070227:1800,4.67,85.55,0.0,-0.0,0.0,-6.15,3.52,326.0,101680.0
20070227:1900,4.49,85.55,0.0,-0.0,0.0,-2.9,3.79,331.0,101690.0
20070227:2000,4.72,88.85,0.0,-0.0,0.0,1.5,4.34,335.0,101710.0
20070227:2100,4.78,88.85,0.0,-0.0,0.0,3.65,4.83,334.0,101720.0
20070227:2200,6.15,79.5,166.55,556.43,83.45,-22.6,3.79,344.0,101800.0
20070227:2300,5.73,70.85,394.7,898.96,93.85,-13.9,4.69,350.0,101870.0
20070228:0000,5.87,58.55,573.4,975.19,89.65,-8.1,5.72,352.0,101950.0
20070228:0100,6.31,54.15,695.3,974.75,97.75,232.55,6.9,2.0,101980.0
20070228:0200,6.85,50.2,701.8,802.23,154.3,2.1,6.83,11.0,101950.0
20070228:0300,7.9,44.85,398.7,195.03,262.25,17.0,6.69,14.0,101890.0
20070228:0400,7.54,48.4,565.75,562.05,192.9,42.15,6.07,12.0,101820.0
20070228:0500,8.21,44.85,498.3,674.66,109.6,-39.25,5.52,5.0,101800.0
20070228:0600,8.43,38.4,290.15,447.97,91.3,-12.15,5.38,1.0,101800.0
20070228:0700,7.84,36.75,133.25,327.62,42.95,15.25,5.59,354.0,101890.0
20070228:0800,6.22,42.7,7.25,27.77,4.95,-20.3,6.14,341.0,102000.0
20070228:0900,5.43,49.95,0.0,-0.0,0.0,14.3,6.97,331.0,102120.0
20070228:1000,4.21,51.55,0.0,-0.0,0.0,7.35,5.59,327.0,102190.0
20070228:1100,4.07,53.65,0.0,-0.0,0.0,-9.85,6.62,322.0,102240.0
20070228:1200,3.96,58.05,0.0,-0.0,0.0,-21.65,7.03,326.0,102290.0
20070228:1300,3.91,58.05,0.0,-0.0,0.0,1.15,6.62,330.0,102330.0
20070228:1400,3.83,58.05,0.0,-0.0,0.0,-0.15,6.69,332.0,102330.0
20070228:1500,3.19,65.1,0.0,-0.0,0.0,0.55,6.55,336.0,102330.0
20070228:1600,1.8,69.13,0.0,-0.0,0.0,12.34,7.13,338.0,102370.0
20070228:1700,2.35,67.83,0.0,-0.0,0.0,13.14,6.77,340.0,102350.0
20070228:1800,2.9,66.54,0.0,-0.0,0.0,13.93,6.41,341.0,102390.0
20070228:1900,3.45,65.24,0.0,-0.0,0.0,14.73,6.04,341.0,102420.0
20070228:2000,3.99,63.95,0.0,-0.0,0.0,15.52,5.68,341.0,102470.0
20070228:2100,4.54,62.66,0.0,-0.0,0.0,16.32,5.32,342.0,102520.0
20070228:2200,5.09,61.36,158.25,555.21,72.7,17.11,4.95,348.0,102540.0
20070228:2300,5.64,60.07,323.4,502.77,152.7,17.91,4.59,355.0,102590.0
20190301:0000,6.19,58.77,574.05,946.53,99.85,18.7,4.23,305.0,101630.0
20190301:0100,6.74,57.48,690.4,945.97,105.85,19.5,3.86,311.0,101640.0
20190301:0200,7.29,56.18,719.95,872.55,120.25,20.29,3.5,326.0,101580.0
20190301:0300,7.84,54.89,631.9,602.71,207.4,21.09,3.14,322.0,101490.0
20190301:0400,8.39,53.59,605.35,682.69,149.4,21.88,2.77,323.0,101380.0
20190301:0500,8.94,52.3,459.75,562.78,133.1,22.68,2.41,330.0,101340.0
20190301:0600,9.49,51.0,275.1,332.87,126.0,23.47,2.05,325.0,101340.0
20190301:0700,10.04,49.71,132.5,287.56,52.15,24.27,1.68,316.0,101350.0
20190301:0800,9.47,48.95,8.85,37.62,5.6,-10.05,1.72,291.0,101380.0
20190301:0900,9.43,50.85,0.0,-0.0,0.0,-15.25,2.9,277.0,101460.0
20190301:1000,8.35,52.6,0.0,-0.0,0.0,-2.1,3.59,282.0,101560.0
20190301:1100,7.6,58.8,0.0,-0.0,0.0,-4.8,4.14,288.0,101640.0
20190301:1200,6.94,58.65,0.0,-0.0,0.0,-9.45,4.34,288.0,101700.0
20190301:1300,6.41,56.3,0.0,-0.0,0.0,-4.8,4.48,283.0,101740.0
20190301:1400,6.18,58.45,0.0,-0.0,0.0,-3.05,4.0,277.0,101730.0
20190301:1500,5.79,60.75,0.0,-0.0,0.0,0.95,3.86,270.0,101740.0
20190301:1600,5.88,60.75,0.0,-0.0,0.0,0.95,3.72,271.0,101740.0
20190301:1700,5.82,60.75,0.0,-0.0,0.0,1.35,3.45,281.0,101750.0
20190301:1800,5.86,63.15,0.0,-0.0,0.0,0.75,3.38,294.0,101750.0
20190301:1900,5.67,65.55,0.0,-0.0,0.0,1.5,3.03,301.0,101780.0
20190301:2000,5.62,65.55,0.0,-0.0,0.0,-1.5,2.34,303.0,101810.0
20190301:2100,5.36,68.1,0.0,-0.0,0.0,8.3,1.66,297.0,101870.0
20190301:2200,4.78,65.4,221.3,994.82,63.25,-5.4,1.1,256.0,101920.0
20190301:2300,5.53,53.9,422.85,991.41,81.4,-2.5,2.41,260.0,101960.0
20190302:0000,6.48,46.25,566.65,876.69,123.1,-0.35,3.86,288.0,101990.0
20190302:0100,7.44,38.1,640.0,683.79,214.1,252.05,4.07,297.0,102010.0
20190302:0200,8.34,32.7,672.95,631.76,235.7,-6.35,4.48,306.0,101970.0
20190302:0300,9.07,30.3,665.95,619.82,226.5,22.25,4.55,308.0,101860.0
20190302:0400,9.5,28.05,607.6,609.58,197.75,7.15,4.76,308.0,101770.0
20190302:0500,9.97,27.05,473.3,577.25,135.8,-7.7,4.69,310.0,101750.0
20190302:0600,9.65,29.2,325.35,484.25,106.5,-5.4,4.83,312.0,101780.0
20190302:0700,9.6,33.0,133.8,264.66,58.85,-8.1,4.34,312.0,101860.0
20190302:0800,8.89,34.2,10.1,42.81,6.25,3.25,3.66,314.0,101900.0
20190302:0900,8.62,39.95,0.0,-0.0,0.0,-18.75,2.76,306.0,101980.0
20190302:1000,8.15,43.1,0.0,-0.0,0.0,-6.15,1.86,288.0,102030.0
20190302:1100,8.04,44.85,0.0,-0.0,0.0,-1.9,1.86,271.0,102070.0
20190302:1200,7.47,46.55,0.0,-0.0,0.0,-1.15,1.66,258.0,102090.0
20190302:1300,6.35,52.1,0.0,-0.0,0.0,-1.15,1.72,254.0,102110.0
20190302:1400,5.7,60.65,0.0,-0.0,0.0,-1.15,1.38,255.0,102090.0
20190302:1500,4.65,60.5,0.0,-0.0,0.0,-0.55,1.31,258.0,102070.0
20190302:1600,3.85,65.3,0.0,-0.0,0.0,0.95,1.24,258.0,102030.0
20190302:1700,3.33,70.5,0.0,-0.0,0.0,5.6,1.17,253.0,102030.0
20190302:1800,2.94,73.2,0.0,-0.0,0.0,4.45,1.38,253.0,101980.0
20190302:1900,2.74,73.2,0.0,-0.0,0.0,5.8,1.24,253.0,101960.0
20190302:2000,2.64,79.0,0.0,-0.0,0.0,7.15,1.31,255.0,102000.0
20190302:2100,2.45,79.0,0.0,-0.0,0.0,-7.15,1.31,258.0,102000.0
20190302:2200,1.98,78.95,201.45,651.46,94.8,-4.6,0.62,276.0,102010.0
20190302:2300,2.84,73.2,339.5,477.91,172.55,8.1,0.34,309.0,101990.0
20190303:0000,3.46,65.2,528.4,675.17,183.45,14.9,0.28,125.0,101940.0
20190303:0100,4.94,55.95,560.05,461.07,270.6,255.55,2.07,139.0,101910.0
20190303:0200,7.52,52.35,658.4,631.55,218.25,16.25,2.83,134.0,101790.0
20190303:0300,8.51,52.6,542.95,363.62,283.45,-4.6,3.66,147.0,101700.0
20190303:0400,8.88,54.8,459.6,326.9,238.35,37.35,3.93,149.0,101550.0
20190303:0500,9.06,59.15,319.45,163.19,223.35,7.7,3.59,150.0,101530.0
20190303:0600,9.17,63.8,232.45,248.84,119.0,5.6,3.38,144.0,101490.0
20190303:0700,8.79,68.8,81.1,111.87,49.0,-14.9,2.9,155.0,101460.0
20190303:0800,8.48,71.35,4.2,0.0,4.2,0.35,2.48,172.0,101470.0
20190303:0900,8.49,74.05,0.0,-0.0,0.0,9.85,2.21,186.0,101510.0
20190303:1000,7.57,79.65,0.0,-0.0,0.0,1.5,2.0,208.0,101510.0
20190303:1100,7.03,82.6,0.0,-0.0,0.0,1.15,1.38,229.0,101540.0
20190303:1200,7.1,82.6,0.0,-0.0,0.0,0.95,1.31,233.0,101490.0
20190303:1300,6.54,82.55,0.0,-0.0,0.0,-1.35,1.31,236.0,101480.0
20190303:1400,6.0,85.65,0.0,-0.0,0.0,8.1,1.03,238.0,101380.0
20190303:1500,5.4,88.85,0.0,-0.0,0.0,-9.05,1.17,258.0,101340.0
20190303:1600,5.21,92.25,0.0,-0.0,0.0,4.45,0.9,281.0,101270.0
20190303:1700,5.35,88.85,0.0,-0.0,0.0,2.9,1.17,321.0,101170.0
20190303:1800,5.97,85.65,0.0,-0.0,0.0,3.65,2.0,333.0,101120.0
20190303:1900,5.91,88.9,0.0,-0.0,0.0,10.05,2.62,348.0,101040.0
20190303:2000,5.9,88.9,0.0,-0.0,0.0,-0.35,2.97,354.0,101020.0
20190303:2100,5.78,92.3,0.0,-0.0,0.0,1.35,3.72,2.0,100980.0
20190303:2200,5.67,95.75,17.15,0.0,17.15,-0.55,4.48,342.0,100890.0
20190303:2300,5.88,92.3,38.9,0.0,38.9,1.5,5.31,4.0,100880.0
20190304:0000,5.98,95.75,52.25,0.29,52.1,0.55,5.59,23.0,100840.0
20190304:0100,6.16,99.4,69.6,0.0,69.6,338.95,5.52,30.0,100800.0
20190304:0200,6.33,95.8,56.8,0.0,56.8,0.35,6.21,28.0,100680.0
20190304:0300,6.23,99.4,73.8,0.0,73.8,0.95,6.69,23.0,100630.0
20190304:0400,6.28,92.3,60.1,0.07,60.05,-1.7,7.03,20.0,100540.0
20190304:0500,6.05,92.3,46.0,0.0,46.0,-1.5,6.97,15.0,100470.0
20190304:0600,5.9,88.9,25.55,0.11,25.5,-0.35,6.97,9.0,100510.0
20190304:0700,5.81,85.65,11.25,0.0,11.25,-4.8,6.83,4.0,100570.0
20190304:0800,5.84,85.65,1.3,0.0,1.3,-3.65,6.76,3.0,100640.0
20190304:0900,5.54,88.85,0.0,-0.0,0.0,-5.8,6.55,358.0,100690.0
20190304:1000,5.31,82.4,0.0,-0.0,0.0,-11.0,5.52,347.0,100770.0
20190304:1100,5.41,82.4,0.0,-0.0,0.0,-7.7,5.45,354.0,100830.0
20190304:1200,5.31,79.35,0.0,-0.0,0.0,-9.05,5.1,357.0,100920.0
20190304:1300,5.19,79.3,0.0,-0.0,0.0,3.65,4.76,357.0,100970.0
20190304:1400,5.47,76.4,0.0,-0.0,0.0,5.4,4.48,352.0,101020.0
20190304:1500,5.39,73.55,0.0,-0.0,0.0,-7.35,4.21,346.0,101130.0
20190304:1600,5.35,70.8,0.0,-0.0,0.0,-7.7,3.93,347.0,101150.0
20190304:1700,5.39,70.8,0.0,-0.0,0.0,-8.1,3.72,349.0,101220.0
20190304:1800,5.34,70.8,0.0,-0.0,0.0,0.35,3.59,352.0,101270.0
20190304:1900,5.2,73.45,0.0,-0.0,0.0,-13.35,3.59,357.0,101380.0
20190304:2000,5.05,79.3,0.0,-0.0,0.0,8.3,3.66,0.0,101460.0
20190304:2100,4.82,82.35,0.0,-0.0,0.0,-2.3,3.31,0.0,101600.0
20190304:2200,4.43,79.3,185.55,616.12,78.65,-12.55,2.76,356.0,101750.0
20190304:2300,4.56,76.3,360.25,711.57,104.6,-3.85,2.97,19.0,101870.0
20190305:0000,5.21,73.45,499.2,673.83,148.2,-4.05,3.1,22.0,101940.0
20190305:0100,6.09,70.85,523.15,448.21,237.35,266.0,2.97,2.0,102030.0
20190305:0200,6.18,70.85,624.2,616.73,188.45,27.85,2.97,355.0,102020.0
20190305:0300,6.99,71.05,713.85,802.5,133.7,-27.65,3.03,22.0,101960.0
20190305:0400,6.73,76.55,671.3,833.51,99.8,-15.65,3.24,50.0,101940.0
20190305:0500,6.79,76.65,533.25,735.17,94.15,-3.45,2.9,65.0,101980.0
20190305:0600,6.88,79.55,354.55,601.64,75.5,6.35,1.93,74.0,102030.0
20190305:0700,6.88,79.55,153.15,351.43,49.7,-6.35,1.79,90.0,102080.0
20190305:0800,6.84,76.65,12.6,54.24,7.15,0.35,1.38,104.0,102140.0
20190305:0900,6.95,79.55,0.0,-0.0,0.0,-1.7,1.31,121.0,102210.0
20190305:1000,6.38,82.55,0.0,-0.0,0.0,-1.5,1.59,113.0,102280.0
20190305:1100,6.04,85.65,0.0,-0.0,0.0,-2.9,1.38,138.0,102350.0
20190305:1200,6.69,85.7,0.0,-0.0,0.0,0.15,1.86,166.0,102390.0
20190305:1300,6.21,85.65,0.0,-0.0,0.0,6.0,1.93,180.0,102430.0
20190305:1400,5.88,85.65,0.0,-0.0,0.0,23.6,1.59,206.0,102430.0
20190305:1500,5.47,85.6,0.0,-0.0,0.0,-18.35,1.93,213.0,102360.0
20190305:1600,4.8,85.55,0.0,-0.0,0.0,2.7,1.59,213.0,102330.0
20190305:1700,5.08,88.85,0.0,-0.0,0.0,5.0,1.72,216.0,102310.0
20190305:1800,5.03,85.55,0.0,-0.0,0.0,12.15,1.72,216.0,102180.0
20190305:1900,4.73,85.55,0.0,-0.0,0.0,8.1,2.07,223.0,102150.0
20190305:2000,4.92,85.55,0.0,-0.0,0.0,18.35,2.41,218.0,102140.0
20190305:2100,5.28,85.6,0.0,-0.0,0.0,-12.55,3.17,213.0,102150.0
20190305:2200,5.06,85.55,115.7,121.59,94.0,12.95,3.17,218.0,102180.0
20190305:2300,5.46,85.6,222.3,271.21,123.5,4.25,4.14,206.0,102180.0
20190306:0000,6.19,82.5,307.5,158.39,224.2,-12.55,5.1,202.0,102070.0
20190306:0100,7.25,76.7,440.45,279.19,261.05,309.15,6.0,207.0,102050.0
20190306:0200,8.24,73.95,577.85,427.01,274.1,0.55,5.72,215.0,101920.0
20190306:0300,9.75,66.35,519.95,336.68,275.0,4.05,5.03,216.0,101750.0
20190306:0400,10.7,61.75,469.9,370.63,214.15,-9.85,4.21,213.0,101580.0
20190306:0500,10.94,59.6,365.95,277.01,199.35,3.45,3.31,203.0,101470.0
20190306:0600,11.27,59.6,241.3,214.44,141.0,1.7,2.62,193.0,101400.0
20190306:0700,10.94,64.25,93.5,69.45,72.8,8.5,2.28,170.0,101350.0
20190306:0800,10.81,66.65,10.9,11.06,9.75,0.75,2.62,169.0,101320.0
20190306:0900,10.5,71.7,0.0,-0.0,0.0,-30.75,3.03,188.0,101320.0
20190306:1000,10.94,66.65,0.0,-0.0,0.0,-3.65,2.07,209.0,101310.0
20190306:1100,10.36,69.1,0.0,-0.0,0.0,4.45,1.59,227.0,101240.0
20190306:1200,9.46,74.2,0.0,-0.0,0.0,8.3,1.38,239.0,101170.0
20190306:1300,8.87,76.95,0.0,-0.0,0.0,9.65,1.24,255.0,101120.0
20190306:1400,8.18,79.7,0.0,-0.0,0.0,1.15,1.31,267.0,101040.0
20190306:1500,7.42,79.65,0.0,-0.0,0.0,-0.95,1.38,267.0,101040.0
20190306:1600,6.98,82.6,0.0,-0.0,0.0,8.9,1.59,285.0,100950.0
20190306:1700,6.59,85.7,0.0,-0.0,0.0,5.2,1.93,305.0,100900.0
20190306:1800,6.17,88.9,0.0,-0.0,0.0,2.3,2.48,323.0,100780.0
20190306:1900,6.96,82.6,0.0,-0.0,0.0,-5.6,2.83,330.0,100710.0
20190306:2000,6.5,88.95,0.0,-0.0,0.0,3.25,2.76,332.0,100670.0
20190306:2100,5.98,92.3,0.0,-0.0,0.0,2.5,2.69,340.0,100650.0
20190306:2200,6.17,95.75,17.5,0.0,17.5,-0.15,2.14,312.0,100600.0
20190306:2300,6.05,95.75,67.5,0.95,67.15,6.75,2.9,328.0,100590.0
20190307:0000,6.4,92.3,71.5,0.66,71.15,0.55,3.66,340.0,100480.0
20190307:0100,6.45,92.3,96.35,4.32,93.55,329.3,4.48,353.0,100430.0
20190307:0200,6.24,92.3,116.85,1.68,115.65,0.35,5.24,6.0,100390.0
20190307:0300,5.88,95.75,97.1,3.69,94.4,0.95,5.66,10.0,100330.0
20190307:0400,4.88,95.75,113.85,5.11,110.3,-2.5,6.0,10.0,100310.0
20190307:0500,4.3,92.25,81.1,5.78,77.6,-0.75,6.0,8.0,100310.0
20190307:0600,4.14,95.75,57.7,3.18,56.2,-4.45,5.72,8.0,100420.0
20190307:0700,3.69,99.4,52.15,8.12,49.7,2.1,5.59,12.0,100480.0
20190307:0800,3.48,95.7,5.7,1.86,5.5,-6.95,5.93,13.0,100520.0
20190307:0900,3.63,92.15,0.0,-0.0,0.0,-10.25,6.07,12.0,100650.0
20190307:1000,4.01,85.5,0.0,-0.0,0.0,1.15,5.52,15.0,100750.0
20190307:1100,3.84,82.3,0.0,-0.0,0.0,6.35,5.17,27.0,100840.0
20190307:1200,3.63,85.45,0.0,-0.0,0.0,-1.7,4.0,27.0,100930.0
20190307:1300,3.44,85.45,0.0,-0.0,0.0,-12.35,3.52,15.0,101010.0
20190307:1400,3.08,88.7,0.0,-0.0,0.0,3.25,3.72,10.0,101050.0
20190307:1500,2.97,85.4,0.0,-0.0,0.0,-6.75,3.66,3.0,101110.0
20190307:1600,2.65,85.35,0.0,-0.0,0.0,-11.95,3.79,357.0,101190.0
20190307:1700,2.54,88.65,0.0,-0.0,0.0,-1.7,3.52,340.0,101210.0
20190307:1800,2.32,82.15,0.0,-0.0,0.0,-36.55,4.07,324.0,101260.0
20190307:1900,2.45,82.15,0.0,-0.0,0.0,-23.4,4.62,318.0,101330.0
20190307:2000,2.21,79.0,0.0,-0.0,0.0,-2.1,4.76,316.0,101390.0
20190307:2100,2.45,73.1,0.0,-0.0,0.0,-2.3,4.83,315.0,101510.0
20190307:2200,2.71,73.2,249.0,968.27,66.5,0.15,4.9,323.0,101650.0
20190307:2300,3.05,73.2,442.3,946.63,87.9,2.1,5.31,324.0,101770.0
20190308:0000,3.46,65.2,592.6,862.34,130.4,3.45,6.48,323.0,101850.0
20190308:0100,3.94,60.4,711.5,906.52,120.05,245.9,6.9,325.0,101910.0
20190308:0200,4.59,51.7,673.05,598.42,241.65,-10.25,7.24,325.0,101940.0
20190308:0300,5.7,47.85,516.35,273.66,314.75,23.4,7.66,323.0,101920.0
20190308:0400,6.15,42.55,428.5,263.33,244.5,22.45,7.59,322.0,101910.0
20190308:0500,6.5,44.45,401.0,296.16,220.45,4.05,6.9,322.0,101930.0
20190308:0600,6.95,42.85,210.75,112.0,157.5,-6.75,6.34,318.0,102000.0
20190308:0700,7.14,44.6,136.9,227.14,67.55,11.4,5.59,315.0,102070.0
20190308:0800,6.78,44.6,15.8,64.06,8.7,-31.15,4.69,309.0,102150.0
20190308:0900,6.65,48.15,0.0,-0.0,0.0,-21.25,3.79,303.0,102230.0
20190308:1000,6.05,51.95,0.0,-0.0,0.0,-1.35,2.34,285.0,102300.0
20190308:1100,5.72,53.9,0.0,-0.0,0.0,-8.1,1.79,265.0,102380.0
20190308:1200,5.83,51.95,0.0,-0.0,0.0,-2.5,1.86,255.0,102450.0
20190308:1300,4.92,58.2,0.0,-0.0,0.0,-0.75,2.21,255.0,102490.0
20190308:1400,4.51,58.2,0.0,-0.0,0.0,-1.5,2.14,258.0,102550.0
20190308:1500,4.58,55.95,0.0,-0.0,0.0,-1.5,1.93,258.0,102550.0
20190308:1600,4.18,60.4,0.0,-0.0,0.0,-0.15,1.59,251.0,102560.0
20190308:1700,3.87,62.8,0.0,-0.0,0.0,0.55,2.0,232.0,102530.0
20190308:1800,3.59,67.8,0.0,-0.0,0.0,0.0,1.66,222.0,102540.0
20190308:1900,3.13,73.2,0.0,-0.0,0.0,-0.55,1.66,216.0,102580.0
20190308:2000,3.13,70.4,0.0,-0.0,0.0,-0.35,2.0,217.0,102580.0
20190308:2100,2.73,70.4,0.0,-0.0,0.0,0.35,2.28,218.0,102630.0
20190308:2200,3.08,70.4,263.8,1027.7,64.9,0.55,2.76,217.0,102650.0
20190308:2300,3.91,62.8,467.45,1010.78,83.9,1.7,2.69,214.0,102680.0
20190309:0000,5.93,51.95,637.35,1002.27,95.1,2.9,2.9,214.0,102650.0
20190309:0100,7.6,43.0,753.5,991.46,101.75,230.6,3.38,210.0,102580.0
20190309:0200,9.04,38.55,805.6,966.85,104.0,4.45,3.52,201.0,102490.0
20190309:0300,10.09,37.3,789.45,926.49,102.7,4.6,3.72,195.0,102360.0
20190309:0400,11.2,36.15,706.75,865.52,98.25,4.25,3.93,192.0,102240.0
20190309:0500,12.27,32.35,564.3,773.27,89.75,3.45,4.07,192.0,102110.0
20190309:0600,12.82,32.65,378.25,631.18,75.75,3.05,4.0,194.0,102130.0
20190309:0700,12.38,38.0,171.4,388.62,51.35,1.9,3.52,190.0,102110.0
20190309:0800,12.17,42.55,17.55,73.52,9.15,1.9,3.31,183.0,102110.0
20190309:0900,12.08,49.6,0.0,-0.0,0.0,-0.75,4.14,192.0,102110.0
20190309:1000,10.94,55.3,0.0,-0.0,0.0,-1.5,4.55,199.0,102120.0
20190309:1100,10.34,57.3,0.0,-0.0,0.0,-1.15,4.48,212.0,102090.0
20190309:1200,10.01,57.15,0.0,-0.0,0.0,1.9,3.86,220.0,102110.0
20190309:1300,9.83,59.35,0.0,-0.0,0.0,6.15,3.1,227.0,102140.0
20190309:1400,8.1,68.6,0.0,-0.0,0.0,10.05,2.34,236.0,102110.0
20190309:1500,6.83,73.8,0.0,-0.0,0.0,-2.9,2.14,240.0,102090.0
20190309:1600,6.2,76.5,0.0,-0.0,0.0,-10.45,2.21,239.0,102050.0
20190309:1700,5.85,76.5,0.0,-0.0,0.0,-3.25,2.21,244.0,102030.0
20190309:1800,5.17,79.3,0.0,-0.0,0.0,-5.4,2.34,248.0,102020.0
20190309:1900,5.17,76.3,0.0,-0.0,0.0,-6.55,2.41,243.0,102010.0
20190309:2000,5.2,73.45,0.0,-0.0,0.0,9.05,2.62,241.0,101980.0
20190309:2100,4.86,73.45,0.0,-0.0,0.0,0.35,2.76,244.0,102040.0
20190309:2200,5.74,68.2,227.3,599.88,108.15,-4.25,3.03,245.0,102070.0
20190309:2300,6.82,63.35,441.15,832.65,120.95,4.8,2.34,240.0,102120.0
20190310:0000,7.79,58.9,594.0,831.5,139.95,4.45,1.52,253.0,102070.0
20190310:0100,10.58,40.55,712.5,834.62,159.75,263.7,2.76,280.0,102030.0
20190310:0200,11.16,40.65,703.15,619.74,250.5,4.45,1.86,273.0,102000.0
20190310:0300,12.58,33.8,729.3,710.62,199.35,17.6,0.62,226.0,101940.0
20190310:0400,16.4,21.75,602.15,516.46,236.85,-0.35,1.1,138.0,101830.0
20190310:0500,12.45,38.0,417.75,292.53,237.05,7.9,2.76,120.0,101720.0
20190310:0600,12.51,49.7,220.35,80.53,181.45,9.85,3.45,120.0,101730.0
20190310:0700,11.73,57.55,75.35,22.08,68.45,-1.15,3.31,132.0,101730.0
20190310:0800,11.0,57.4,9.6,2.55,9.3,1.5,2.9,136.0,101740.0
20190310:0900,10.57,61.75,0.0,-0.0,0.0,2.9,2.48,134.0,101700.0
20190310:1000,10.5,61.75,0.0,-0.0,0.0,3.05,2.34,121.0,101710.0
20190310:1100,10.58,61.75,0.0,-0.0,0.0,-0.15,2.28,113.0,101640.0
20190310:1200,10.48,66.55,0.0,-0.0,0.0,3.65,2.34,101.0,101560.0
20190310:1300,9.98,74.3,0.0,-0.0,0.0,0.95,2.9,110.0,101520.0
20190310:1400,10.08,77.1,0.0,-0.0,0.0,7.15,3.59,111.0,101330.0
20190310:1500,9.52,85.95,0.0,-0.0,0.0,7.35,3.31,114.0,101140.0
20190310:1600,8.85,85.95,0.0,-0.0,0.0,12.55,3.03,106.0,100910.0
20190310:1700,9.61,85.95,0.0,-0.0,0.0,4.25,2.62,95.0,100730.0
20190310:1800,9.45,89.15,0.0,-0.0,0.0,0.55,4.55,114.0,100610.0
20190310:1900,9.31,85.95,0.0,-0.0,0.0,4.05,4.69,120.0,100430.0
20190310:2000,9.11,89.1,0.0,-0.0,0.0,0.75,4.83,125.0,100330.0
20190310:2100,8.75,89.1,3.3,0.0,3.3,0.15,5.17,115.0,100160.0
20190310:2200,8.6,92.4,14.05,0.0,14.05,-3.05,4.07,94.0,99950.0
20190310:2300,8.51,92.4,55.1,33.62,42.0,-2.3,4.41,53.0,99750.0
20190311:0000,8.59,92.4,54.15,10.07,48.6,0.35,5.93,19.0,99490.0
20190311:0100,8.77,92.45,56.2,0.67,55.75,346.9,8.21,2.0,99230.0
20190311:0200,8.93,92.45,34.1,0.0,34.1,-3.25,9.31,345.0,99020.0
20190311:0300,9.0,89.1,36.5,0.0,36.5,-0.75,9.24,333.0,98950.0
20190311:0400,9.04,85.95,79.35,16.09,67.9,2.5,9.17,320.0,98930.0
20190311:0500,8.94,82.85,185.0,44.64,157.25,-6.35,8.21,304.0,98990.0
20190311:0600,9.81,74.3,204.9,98.91,156.75,-10.05,6.9,298.0,99070.0
20190311:0700,9.79,69.0,112.85,92.24,83.7,-7.7,6.55,291.0,99120.0
20190311:0800,10.23,69.0,6.2,0.0,6.2,-21.45,6.9,285.0,99220.0
20190311:0900,10.19,69.0,0.0,-0.0,0.0,13.15,6.69,284.0,99340.0
20190311:1000,9.14,68.8,0.0,-0.0,0.0,-12.55,4.9,278.0,99450.0
20190311:1100,9.37,66.35,0.0,-0.0,0.0,-7.9,5.72,270.0,99590.0
20190311:1200,9.36,66.35,0.0,-0.0,0.0,-7.9,6.69,273.0,99780.0
20190311:1300,9.06,66.25,0.0,-0.0,0.0,-27.25,7.52,280.0,99860.0
20190311:1400,8.81,63.8,0.0,-0.0,0.0,-0.55,8.14,285.0,99900.0
20190311:1500,8.47,61.3,0.0,-0.0,0.0,-11.2,8.07,283.0,99960.0
20190311:1600,8.48,61.3,0.0,-0.0,0.0,-4.45,7.86,282.0,100040.0
20190311:1700,7.9,61.2,0.0,-0.0,0.0,-1.9,7.31,285.0,100100.0
20190311:1800,7.62,61.1,0.0,-0.0,0.0,-3.05,6.34,285.0,100150.0
20190311:1900,7.45,61.1,0.0,-0.0,0.0,2.1,5.17,284.0,100200.0
20190311:2000,7.15,61.0,0.0,-0.0,0.0,-1.35,4.0,284.0,100290.0
20190311:2100,7.23,61.0,30.35,0.0,30.35,-1.9,2.69,282.0,100370.0
20190311:2200,7.08,63.35,273.65,971.67,70.7,4.05,1.31,238.0,100420.0
20190311:2300,7.55,61.1,413.95,662.14,152.55,5.6,2.14,245.0,100500.0
20190312:0000,8.63,56.8,451.55,400.98,228.55,15.45,2.41,260.0,100520.0
20190312:0100,9.6,50.85,589.65,505.53,249.9,284.2,2.48,274.0,100550.0
20190312:0200,10.33,45.55,605.2,489.8,242.85,1.15,2.9,296.0,100510.0
20190312:0300,11.1,45.7,638.35,567.58,210.0,22.8,2.14,307.0,100470.0
20190312:0400,10.46,51.1,660.6,784.89,98.8,-10.25,1.45,316.0,100410.0
20190312:0500,11.67,44.1,529.55,656.34,118.9,-28.25,0.69,326.0,100420.0
20190312:0600,14.19,34.25,305.65,457.58,81.2,8.1,0.28,315.0,100460.0
20190312:0700,9.66,61.55,130.2,231.12,56.35,-7.35,1.1,129.0,100520.0
20190312:0800,10.0,61.65,19.75,75.98,10.3,13.35,1.93,132.0,100590.0
20190312:0900,9.9,66.45,0.0,-0.0,0.0,-14.9,2.41,151.0,100650.0
20190312:1000,9.94,69.0,0.0,-0.0,0.0,-9.85,1.79,185.0,100710.0
20190312:1100,9.13,71.4,0.0,-0.0,0.0,2.7,1.72,217.0,100710.0
20190312:1200,8.69,71.35,0.0,-0.0,0.0,-6.55,1.66,240.0,100790.0
20190312:1300,8.21,73.95,0.0,-0.0,0.0,7.15,1.72,243.0,100810.0
20190312:1400,8.08,68.6,0.0,-0.0,0.0,-4.45,1.93,238.0,100820.0
20190312:1500,8.03,71.25,0.0,-0.0,0.0,5.4,2.14,225.0,100810.0
20190312:1600,7.6,73.9,0.0,-0.0,0.0,13.5,2.28,214.0,100770.0
20190312:1700,7.01,79.55,0.0,-0.0,0.0,-1.7,2.14,216.0,100720.0
20190312:1800,6.12,85.65,0.0,-0.0,0.0,-14.3,1.59,236.0,100660.0
20190312:1900,5.7,88.85,0.0,-0.0,0.0,5.4,1.17,249.0,100630.0
20190312:2000,5.28,88.85,0.0,-0.0,0.0,-6.55,1.17,253.0,100600.0
20190312:2100,5.12,92.25,30.15,0.0,30.15,7.9,1.52,249.0,100620.0
20190312:2200,5.64,88.85,205.1,460.7,106.5,-0.95,1.72,249.0,100590.0
20190312:2300,5.36,92.25,449.55,871.2,101.15,1.35,1.1,224.0,100560.0
20190313:0000,6.48,82.55,618.8,842.52,146.0,-14.3,0.9,185.0,100470.0
20190313:0100,8.87,74.15,663.35,654.34,220.4,273.15,1.72,158.0,100390.0
20190313:0200,11.04,61.85,463.3,309.62,232.8,4.6,2.21,200.0,100310.0
20190313:0300,10.45,61.75,412.65,269.85,207.8,8.5,5.24,279.0,100430.0
20190313:0400,9.57,57.05,500.7,518.23,127.6,11.0,4.21,287.0,100350.0
20190313:0500,10.3,43.8,524.75,652.18,114.15,-12.95,5.1,285.0,100280.0
20190313:0600,10.47,38.95,378.1,583.77,89.6,-29.2,5.45,282.0,100260.0
20190313:0700,10.26,42.0,161.5,314.69,59.85,-3.05,6.14,282.0,100380.0
20190313:0800,8.57,48.65,20.15,67.34,11.55,-1.15,6.28,292.0,100470.0
20190313:0900,6.82,50.2,0.0,-0.0,0.0,8.5,6.34,309.0,100710.0
20190313:1000,6.18,60.75,0.0,-0.0,0.0,29.95,5.52,323.0,100810.0
20190313:1100,5.44,63.05,0.0,-0.0,0.0,-17.95,6.0,311.0,100900.0
20190313:1200,5.12,62.95,0.0,-0.0,0.0,-33.85,7.03,302.0,100940.0
20190313:1300,4.04,60.4,0.0,-0.0,0.0,-9.05,7.17,297.0,101010.0
20190313:1400,3.9,58.05,0.0,-0.0,0.0,-8.7,6.62,283.0,101040.0
20190313:1500,3.44,57.95,0.0,-0.0,0.0,-5.0,5.93,266.0,101110.0
20190313:1600,3.33,57.95,0.0,-0.0,0.0,-0.95,5.45,256.0,101140.0
20190313:1700,3.6,65.2,0.0,-0.0,0.0,2.1,5.38,254.0,101140.0
20190313:1800,2.91,62.6,0.0,-0.0,0.0,-3.25,5.66,249.0,101120.0
20190313:1900,2.7,62.5,0.0,-0.0,0.0,5.2,6.14,247.0,101160.0
20190313:2000,2.85,62.6,0.0,-0.0,0.0,-1.5,6.62,250.0,101200.0
20190313:2100,2.24,60.05,37.1,0.0,37.1,-1.5,6.76,248.0,101260.0
20190313:2200,4.52,58.2,266.45,855.87,78.85,12.75,6.14,242.0,101410.0
20190313:2300,4.16,60.4,380.95,611.17,133.4,15.05,7.24,249.0,101450.0
20190314:0000,4.38,53.8,635.65,887.15,133.35,3.05,8.55,271.0,101440.0
20190314:0100,5.19,51.7,717.4,833.82,148.9,246.25,8.69,278.0,101470.0
20190314:0200,5.66,47.85,763.75,763.98,191.45,-3.65,8.28,280.0,101480.0
20190314:0300,6.58,46.25,696.4,698.6,163.0,8.1,7.93,280.0,101470.0
20190314:0400,7.04,44.6,606.2,543.86,212.4,-0.35,7.93,281.0,101500.0
20190314:0500,6.81,44.6,560.8,711.08,110.35,6.0,7.38,286.0,101560.0
20190314:0600,7.08,46.4,391.75,613.54,86.3,-12.55,7.24,291.0,101650.0
20190314:0700,6.83,48.25,190.95,414.13,55.75,-8.7,6.48,294.0,101720.0
20190314:0800,6.5,48.15,24.5,95.41,12.0,-5.4,5.31,289.0,101830.0
20190314:0900,6.55,48.15,0.0,-0.0,0.0,-2.9,4.55,286.0,101920.0
20190314:1000,5.91,51.95,0.0,-0.0,0.0,-1.15,2.83,278.0,102000.0
20190314:1100,5.53,53.9,0.0,-0.0,0.0,-2.5,2.55,273.0,102050.0
20190314:1200,5.45,53.9,0.0,-0.0,0.0,-0.75,2.62,272.0,102080.0
20190314:1300,5.28,56.05,0.0,-0.0,0.0,-0.75,2.69,274.0,102180.0
20190314:1400,5.15,60.5,0.0,-0.0,0.0,0.75,2.14,277.0,102150.0
20190314:1500,4.98,62.95,0.0,-0.0,0.0,-0.35,1.86,274.0,102170.0
20190314:1600,4.68,68.0,0.0,-0.0,0.0,0.0,1.52,275.0,102200.0
20190314:1700,4.4,70.7,0.0,-0.0,0.0,1.35,2.21,253.0,102230.0
20190314:1800,4.03,73.4,0.0,-0.0,0.0,0.55,1.86,240.0,102260.0
20190314:1900,3.96,79.2,0.0,-0.0,0.0,-3.25,1.66,247.0,102260.0
20190314:2000,3.77,76.25,0.0,-0.0,0.0,0.75,1.72,256.0,102300.0
20190314:2100,3.71,79.2,32.55,0.0,32.55,1.7,1.59,256.0,102320.0
20190314:2200,3.59,76.15,285.8,949.29,72.8,4.8,1.24,274.0,102350.0
20190314:2300,4.58,62.95,487.5,952.63,96.75,0.55,0.76,268.0,102370.0
20190315:0000,6.01,58.45,663.8,985.97,100.6,8.3,1.45,267.0,102320.0
20190315:0100,7.51,44.75,707.1,793.95,161.95,234.45,1.59,249.0,102260.0
20190315:0200,8.46,36.9,780.15,816.29,164.9,17.8,2.48,246.0,102180.0
20190315:0300,8.73,35.45,721.95,738.91,154.55,-7.15,1.93,230.0,102090.0
20190315:0400,8.98,37.05,656.75,655.67,179.3,12.95,2.07,139.0,101960.0
20190315:0500,9.23,38.55,469.2,497.79,151.95,-5.2,4.14,135.0,101950.0
20190315:0600,9.05,50.7,310.1,351.97,133.6,22.05,4.9,146.0,101950.0
20190315:0700,9.38,59.25,159.65,239.16,80.75,-3.25,5.03,149.0,101860.0
20190315:0800,9.14,63.8,22.75,80.79,11.9,-14.1,4.9,152.0,101850.0
20190315:0900,8.96,63.8,0.0,-0.0,0.0,-10.6,4.34,155.0,101770.0
20190315:1000,8.34,66.15,0.0,-0.0,0.0,-0.95,3.59,180.0,101840.0
20190315:1100,8.23,71.25,0.0,-0.0,0.0,37.9,2.83,186.0,101770.0
20190315:1200,8.03,73.95,0.0,-0.0,0.0,2.9,2.76,210.0,101760.0
20190315:1300,7.3,79.65,0.0,-0.0,0.0,11.2,2.55,218.0,101770.0
20190315:1400,6.44,82.55,0.0,-0.0,0.0,-4.8,1.52,233.0,101660.0
20190315:1500,5.51,88.85,0.0,-0.0,0.0,-5.6,1.45,260.0,101580.0
20190315:1600,4.84,88.85,0.0,-0.0,0.0,9.05,1.59,288.0,101550.0
20190315:1700,4.49,88.85,0.0,-0.0,0.0,-20.9,1.79,291.0,101500.0
20190315:1800,4.23,85.55,0.0,-0.0,0.0,-21.45,1.93,285.0,101380.0
20190315:1900,4.08,88.8,0.0,-0.0,0.0,-16.6,1.93,282.0,101380.0
20190315:2000,3.41,92.15,0.0,-0.0,0.0,-3.25,1.72,285.0,101350.0
20190315:2100,2.92,92.15,35.6,0.0,35.6,-2.5,1.66,295.0,101350.0
20190315:2200,4.18,88.8,296.2,994.45,67.9,0.35,3.59,328.0,101340.0
20190315:2300,5.15,85.55,477.5,898.35,104.4,0.75,3.38,333.0,101340.0
20190316:0000,5.99,73.65,654.4,940.8,112.3,8.5,3.66,340.0,101320.0
20190316:0100,6.67,68.3,782.9,993.71,95.8,241.45,3.79,344.0,101260.0
20190316:0200,7.43,61.1,820.0,925.1,118.5,-0.95,3.79,348.0,101220.0
20190316:0300,7.99,56.7,756.5,781.51,153.0,2.7,4.0,354.0,101120.0
20190316:0400,9.02,50.7,446.45,257.7,257.75,20.3,4.21,8.0,101090.0
20190316:0500,7.92,54.55,439.65,412.79,175.0,39.05,4.0,13.0,101120.0
20190316:0600,8.32,48.65,292.05,350.46,115.05,-23.95,3.52,353.0,101120.0
20190316:0700,8.9,46.95,173.15,337.24,60.75,1.15,4.21,332.0,101140.0
20190316:0800,8.85,41.7,25.4,85.77,13.6,-24.55,5.17,324.0,101230.0
20190316:0900,8.06,43.1,0.0,-0.0,0.0,-11.0,5.45,317.0,101380.0
20190316:1000,6.95,44.6,0.0,-0.0,0.0,-11.6,4.69,310.0,101520.0
20190316:1100,6.72,46.25,0.0,-0.0,0.0,-4.05,4.14,305.0,101610.0
20190316:1200,6.36,46.25,0.0,-0.0,0.0,-4.8,3.79,304.0,101670.0
20190316:1300,5.67,51.8,0.0,-0.0,0.0,-3.85,3.72,299.0,101740.0
20190316:1400,5.62,56.05,0.0,-0.0,0.0,-0.95,3.45,291.0,101780.0
20190316:1500,5.21,60.5,0.0,-0.0,0.0,1.35,3.03,283.0,101780.0
20190316:1600,5.28,58.3,0.0,-0.0,0.0,0.55,2.55,273.0,101810.0
20190316:1700,4.96,62.95,0.0,-0.0,0.0,0.95,2.55,269.0,101830.0
20190316:1800,4.68,62.95,0.0,-0.0,0.0,0.55,2.07,263.0,101800.0
20190316:1900,4.38,62.95,0.0,-0.0,0.0,-0.15,1.86,253.0,101830.0
20190316:2000,3.78,67.9,0.0,-0.0,0.0,-0.15,1.52,244.0,101860.0
20190316:2100,3.54,70.5,36.9,0.0,36.9,-0.95,1.38,239.0,101850.0
20190316:2200,3.24,62.7,304.65,996.03,70.8,1.35,1.79,239.0,101870.0
20190316:2300,4.48,53.8,508.45,1000.83,87.65,2.7,1.59,235.0,101900.0
20190317:0000,5.97,49.95,677.2,997.33,97.55,2.9,1.72,244.0,101850.0
20190317:0100,7.05,50.2,787.75,983.29,103.15,231.35,0.97,228.0,101790.0
20190317:0200,7.27,50.35,814.75,880.77,142.85,4.05,0.48,183.0,101720.0
20190317:0300,8.28,43.25,645.9,448.42,297.7,14.1,0.97,190.0,101640.0
20190317:0400,8.74,38.4,445.7,215.27,287.2,27.85,0.83,143.0,101550.0
20190317:0500,8.78,37.05,204.6,43.11,176.8,17.0,2.21,97.0,101550.0
20190317:0600,9.02,41.7,171.4,60.07,140.85,1.15,3.03,92.0,101560.0
20190317:0700,8.29,52.6,116.55,91.93,85.6,0.75,2.62,90.0,101610.0
20190317:0800,8.06,61.2,18.6,31.25,14.2,-13.35,2.0,84.0,101640.0
20190317:0900,7.7,65.95,0.0,-0.0,0.0,-22.05,1.45,68.0,101730.0
20190317:1000,6.73,70.95,0.0,-0.0,0.0,3.65,0.62,322.0,101780.0
20190317:1100,6.7,68.3,0.0,-0.0,0.0,-9.65,2.14,323.0,101860.0
20190317:1200,6.72,68.3,0.0,-0.0,0.0,-1.35,2.76,321.0,101930.0
20190317:1300,6.27,65.75,0.0,-0.0,0.0,-14.3,2.83,328.0,102010.0
20190317:1400,5.88,70.85,0.0,-0.0,0.0,1.7,2.69,334.0,102090.0
20190317:1500,5.45,76.4,0.0,-0.0,0.0,7.9,2.34,335.0,102150.0
20190317:1600,5.23,73.55,0.0,-0.0,0.0,-2.9,2.28,334.0,102180.0
20190317:1700,4.89,70.7,0.0,-0.0,0.0,13.15,2.48,324.0,102230.0
20190317:1800,4.75,68.0,0.0,-0.0,0.0,-28.05,2.69,315.0,102260.0
20190317:1900,4.49,65.4,0.0,-0.0,0.0,20.1,2.97,309.0,102340.0
20190317:2000,4.56,62.95,0.0,-0.0,0.0,2.9,2.9,305.0,102400.0
20190317:2100,4.26,62.95,38.75,0.0,38.75,-28.05,2.21,302.0,102450.0
20190317:2200,3.91,58.05,313.6,1003.15,72.85,-6.75,1.52,291.0,102490.0
20190317:2300,4.63,49.65,518.2,1005.44,90.3,0.95,1.86,299.0,102530.0
20190318:0000,5.58,49.8,686.05,998.01,101.05,2.3,1.31,296.0,102510.0
20190318:0100,6.3,52.1,798.6,985.95,107.45,225.95,0.55,310.0,102490.0
20190318:0200,6.66,56.3,845.75,957.75,110.8,4.25,0.07,69.0,102460.0
20190318:0300,7.58,54.4,825.8,917.95,109.1,4.8,0.69,119.0,102380.0
20190318:0400,8.19,52.45,718.5,789.92,133.75,3.65,1.66,128.0,102270.0
20190318:0500,9.65,40.25,597.7,775.25,94.85,13.5,2.83,128.0,102210.0
20190318:0600,9.15,48.8,404.0,621.94,85.5,-8.5,4.14,132.0,102170.0
20190318:0700,8.29,56.8,197.9,412.49,57.65,2.7,4.83,136.0,102160.0
20190318:0800,8.22,58.9,29.0,104.48,13.95,-1.5,4.83,142.0,102110.0
20190318:0900,8.4,56.8,0.0,-0.0,0.0,-0.55,4.76,158.0,102120.0
20190318:1000,7.92,63.6,0.0,-0.0,0.0,-0.15,4.55,174.0,102140.0
20190318:1100,7.67,68.5,0.0,-0.0,0.0,0.75,4.69,183.0,102130.0
20190318:1200,7.67,71.15,0.0,-0.0,0.0,3.85,4.83,195.0,102100.0
20190318:1300,7.32,71.15,0.0,-0.0,0.0,6.15,4.55,207.0,102080.0
20190318:1400,7.38,73.9,0.0,-0.0,0.0,5.4,3.86,211.0,102020.0
20190318:1500,7.58,73.9,0.0,-0.0,0.0,0.15,3.59,216.0,101980.0
20190318:1600,7.49,71.15,0.0,-0.0,0.0,1.35,3.17,222.0,101960.0
20190318:1700,7.09,73.8,0.0,-0.0,0.0,8.9,2.9,226.0,101900.0
20190318:1800,6.47,73.7,0.0,-0.0,0.0,-6.55,2.48,230.0,101830.0
20190318:1900,6.12,79.4,0.0,-0.0,0.0,11.4,2.07,236.0,101800.0
20190318:2000,5.58,79.35,0.0,-0.0,0.0,2.3,1.86,243.0,101790.0
20190318:2100,5.21,82.35,87.05,678.2,58.35,-5.6,1.86,247.0,101800.0
20190318:2200,5.37,79.35,293.5,815.01,93.65,-6.75,1.93,261.0,101810.0
20190318:2300,5.4,79.35,479.9,806.7,132.45,-9.65,1.45,262.0,101810.0
20190319:0000,5.99,73.65,603.3,666.62,209.25,7.15,1.1,262.0,101780.0
20190319:0100,10.14,52.95,747.95,798.6,184.35,276.45,0.62,250.0,101720.0
20190319:0200,12.14,44.2,832.1,942.15,104.9,-5.2,0.07,113.0,101680.0
20190319:0300,13.71,36.85,810.45,889.52,112.2,-7.15,0.62,94.0,101600.0
20190319:0400,12.68,42.7,729.9,837.81,106.4,4.6,0.62,58.0,101500.0
20190319:0500,11.26,51.25,584.85,740.2,102.0,1.15,0.76,80.0,101470.0
20190319:0600,12.26,49.6,405.15,630.83,79.9,1.35,0.9,99.0,101390.0
20190319:0700,11.36,57.55,197.7,405.6,58.45,-0.75,1.17,105.0,101370.0
20190319:0800,12.19,59.85,27.8,69.61,17.55,-0.75,1.52,118.0,101410.0
20190319:0900,13.46,60.2,0.0,-0.0,0.0,0.95,1.24,56.0,101430.0
20190319:1000,13.1,64.65,0.0,-0.0,0.0,3.25,0.34,325.0,101530.0
20190319:1100,10.79,69.15,0.0,-0.0,0.0,-0.75,0.97,272.0,101610.0
20190319:1200,10.51,71.7,0.0,-0.0,0.0,-4.45,1.03,268.0,101670.0
20190319:1300,10.21,69.0,0.0,-0.0,0.0,-3.05,1.03,270.0,101680.0
20190319:1400,9.99,69.0,0.0,-0.0,0.0,-7.5,1.38,277.0,101720.0
20190319:1500,9.41,66.35,0.0,-0.0,0.0,-4.6,1.38,271.0,101740.0
20190319:1600,8.45,71.35,0.0,-0.0,0.0,-1.9,1.03,264.0,101760.0
20190319:1700,6.89,79.55,0.0,-0.0,0.0,-1.35,0.97,265.0,101760.0
20190319:1800,6.03,82.5,0.0,-0.0,0.0,-1.15,1.03,264.0,101790.0
20190319:1900,5.47,85.6,0.0,-0.0,0.0,0.55,1.17,261.0,101800.0
20190319:2000,5.02,88.85,0.0,-0.0,0.0,-0.75,1.1,256.0,101840.0
20190319:2100,4.31,85.55,112.35,1241.59,53.29,-1.15,1.24,255.0,101860.0
20190319:2200,5.53,82.4,316.9,975.33,72.65,0.15,2.0,257.0,101880.0
20190319:2300,6.8,71.05,517.85,981.94,89.9,2.9,1.17,272.0,101960.0
20190320:0000,10.66,53.1,682.7,976.52,100.65,5.0,0.76,299.0,101950.0
20190320:0100,12.53,47.85,794.25,967.01,107.25,260.4,0.41,30.0,101940.0
20190320:0200,9.97,59.35,842.65,944.03,109.8,3.25,1.31,78.0,101870.0
20190320:0300,11.9,53.5,823.95,906.61,108.5,2.7,2.14,102.0,101820.0
20190320:0400,12.95,51.75,738.75,848.27,104.15,2.1,2.83,117.0,101760.0
20190320:0500,13.28,51.75,595.3,761.61,95.7,1.5,3.45,126.0,101700.0
20190320:0600,13.69,50.0,408.15,629.06,81.65,1.5,3.59,138.0,101710.0
20190320:0700,13.44,53.85,201.2,411.72,58.5,1.9,3.59,145.0,101700.0
20190320:0800,13.03,51.75,31.25,105.69,15.35,-0.75,3.52,161.0,101740.0
20190320:0900,12.66,55.65,0.0,-0.0,0.0,-2.5,3.52,182.0,101780.0
20190320:1000,11.79,59.7,0.0,-0.0,0.0,-2.3,3.31,196.0,101800.0
20190320:1100,11.53,57.55,0.0,-0.0,0.0,-2.5,3.66,203.0,101810.0
20190320:1200,11.28,59.6,0.0,-0.0,0.0,26.1,3.86,204.0,101740.0
20190320:1300,10.96,59.6,0.0,-0.0,0.0,7.9,4.28,207.0,101720.0
20190320:1400,10.95,59.6,0.0,-0.0,0.0,5.95,4.34,210.0,101710.0
20190320:1500,10.55,61.75,0.0,-0.0,0.0,-3.25,4.28,211.0,101650.0
20190320:1600,10.49,61.75,0.0,-0.0,0.0,-9.05,4.28,209.0,101550.0
20190320:1700,10.24,64.0,0.0,-0.0,0.0,7.35,4.48,206.0,101460.0
20190320:1800,10.45,64.1,0.0,-0.0,0.0,9.05,4.9,207.0,101360.0
20190320:1900,10.44,61.75,0.0,-0.0,0.0,0.35,5.03,203.0,101290.0
20190320:2000,10.85,61.85,0.0,-0.0,0.0,0.95,5.52,202.0,101230.0
20190320:2100,10.92,64.25,32.15,53.94,29.3,-26.7,6.07,202.0,101200.0
20190320:2200,11.2,69.15,60.2,0.78,60.0,34.8,5.79,201.0,101100.0
20190320:2300,10.89,69.15,188.8,51.48,166.1,10.6,6.48,203.0,101100.0
20190321:0000,10.72,74.4,263.5,144.94,176.4,-9.05,6.21,195.0,100980.0
20190321:0100,11.35,74.55,227.15,128.37,135.35,323.5,5.52,194.0,100880.0
20190321:0200,11.64,77.3,431.55,247.47,238.35,8.9,6.07,193.0,100770.0
20190321:0300,12.72,80.3,239.4,81.62,174.65,-0.95,6.48,192.0,100580.0
20190321:0400,13.23,80.35,373.95,218.23,209.85,25.35,7.79,197.0,100420.0
20190321:0500,14.78,72.4,293.6,187.16,170.15,3.65,7.1,197.0,100260.0
20190321:0600,15.53,69.9,352.4,483.51,99.8,-0.95,6.62,198.0,100180.0
20190321:0700,15.74,69.9,191.3,364.44,63.8,-31.9,5.93,192.0,100090.0
20190321:0800,15.63,67.45,29.5,86.91,16.15,-18.15,5.79,189.0,100030.0
20190321:0900,15.31,65.05,0.0,-0.0,0.0,13.7,6.28,193.0,100000.0
20190321:1000,14.99,67.45,0.0,-0.0,0.0,6.0,5.59,188.0,100060.0
20190321:1100,14.97,72.45,0.0,-0.0,0.0,-3.45,5.86,204.0,100080.0
20190321:1200,15.23,75.1,0.0,-0.0,0.0,-18.15,5.66,209.0,100050.0
20190321:1300,15.24,75.1,0.0,-0.0,0.0,5.0,4.28,217.0,100060.0
20190321:1400,14.41,77.75,0.0,-0.0,0.0,19.15,2.97,236.0,100110.0
20190321:1500,14.08,77.65,0.0,-0.0,0.0,27.25,2.83,251.0,100140.0
20190321:1600,14.9,65.05,0.0,-0.0,0.0,-14.1,3.59,263.0,100110.0
20190321:1700,13.67,62.45,0.0,-0.0,0.0,-25.35,5.03,278.0,100080.0
20190321:1800,12.51,62.2,0.0,-0.0,0.0,-7.5,5.79,287.0,100110.0
20190321:1900,12.18,62.1,0.0,-0.0,0.0,15.45,5.86,291.0,100150.0
20190321:2000,11.63,64.35,0.0,-0.0,0.0,-11.0,5.59,294.0,100180.0
20190321:2100,11.45,64.35,57.6,107.57,51.35,-0.75,5.45,294.0,100210.0
20190321:2200,12.17,59.85,192.85,199.92,140.7,-0.75,5.79,292.0,100140.0
20190321:2300,12.56,59.95,425.0,639.0,140.0,-2.7,6.69,298.0,100170.0
20190322:0000,12.72,57.75,571.85,598.85,209.05,-17.2,7.52,300.0,100210.0
20190322:0100,12.97,51.75,673.1,662.39,196.35,314.0,8.62,300.0,100250.0
20190322:0200,12.66,53.6,843.5,902.27,135.15,-24.15,8.69,300.0,100290.0
20190322:0300,12.11,51.5,854.55,913.0,126.55,-25.9,8.34,305.0,100280.0
20190322:0400,11.68,49.45,729.85,739.63,170.85,-1.15,8.14,309.0,100340.0
20190322:0500,10.87,47.45,441.5,276.56,258.1,6.75,7.45,309.0,100430.0
20190322:0600,9.97,47.2,226.4,89.67,179.25,20.3,6.69,309.0,100540.0
20190322:0700,9.42,47.05,102.6,62.03,80.7,8.9,6.69,310.0,100590.0
20190322:0800,8.63,48.65,15.6,10.53,13.95,1.5,6.69,311.0,100700.0
20190322:0900,8.49,48.65,0.0,-0.0,0.0,-4.45,7.03,312.0,100820.0
20190322:1000,7.18,52.2,0.0,-0.0,0.0,-0.15,5.52,311.0,100940.0
20190322:1100,6.95,52.2,0.0,-0.0,0.0,-51.25,5.72,314.0,101000.0
20190322:1200,6.49,58.55,0.0,-0.0,0.0,-15.25,6.34,313.0,101140.0
20190322:1300,6.02,60.75,0.0,-0.0,0.0,2.3,6.34,311.0,101170.0
20190322:1400,5.78,60.75,0.0,-0.0,0.0,-0.95,6.48,310.0,101230.0
20190322:1500,5.19,60.5,0.0,-0.0,0.0,7.9,6.34,311.0,101240.0
20190322:1600,5.07,58.2,0.0,-0.0,0.0,2.5,6.14,311.0,101280.0
20190322:1700,4.67,58.2,0.0,-0.0,0.0,-0.95,5.93,312.0,101260.0
20190322:1800,4.27,55.95,0.0,-0.0,0.0,-9.05,5.59,315.0,101310.0
20190322:1900,3.91,58.05,0.0,-0.0,0.0,10.6,4.83,317.0,101310.0
20190322:2000,3.68,60.3,0.0,-0.0,0.0,-20.1,4.97,320.0,101370.0
20190322:2100,3.59,62.7,112.95,1039.9,47.05,5.8,4.0,324.0,101400.0
20190322:2200,4.11,58.05,294.05,778.77,86.85,6.15,1.72,307.0,101430.0
20190322:2300,4.19,58.05,388.4,404.14,206.1,2.1,2.76,313.0,101400.0
20190323:0000,4.55,53.8,385.95,209.36,258.1,29.2,3.45,311.0,101390.0
20190323:0100,4.87,51.7,588.25,370.82,319.65,285.55,3.79,298.0,101400.0
20190323:0200,5.91,46.1,456.0,228.72,275.45,-10.05,4.41,284.0,101370.0
20190323:0300,6.34,42.7,551.6,245.38,354.95,8.5,5.1,281.0,101280.0
20190323:0400,6.88,41.15,415.05,118.75,324.85,-6.35,5.86,288.0,101220.0
20190323:0500,7.1,39.55,433.65,271.42,252.7,7.35,5.66,299.0,101080.0
20190323:0600,7.41,41.3,294.15,204.39,186.0,-8.9,6.0,304.0,101030.0
20190323:0700,6.78,44.6,209.5,402.64,66.05,-3.05,6.28,305.0,101050.0
20190323:0800,5.94,49.95,36.65,121.66,17.2,-37.5,6.28,308.0,101130.0
20190323:0900,5.27,53.9,0.0,-0.0,0.0,-6.35,5.79,312.0,101220.0
20190323:1000,4.47,53.8,0.0,-0.0,0.0,-2.7,4.62,319.0,101290.0
20190323:1100,4.02,53.65,0.0,-0.0,0.0,-3.05,4.97,323.0,101310.0
20190323:1200,3.59,53.5,0.0,-0.0,0.0,3.05,4.83,325.0,101300.0
20190323:1300,3.27,57.95,0.0,-0.0,0.0,-2.7,4.34,318.0,101340.0
20190323:1400,2.94,62.6,0.0,-0.0,0.0,-10.6,3.59,311.0,101390.0
20190323:1500,2.4,65.0,0.0,-0.0,0.0,-1.35,3.03,309.0,101390.0
20190323:1600,2.44,65.0,0.0,-0.0,0.0,1.15,2.28,306.0,101350.0
20190323:1700,1.69,64.9,0.0,-0.0,0.0,0.75,1.59,305.0,101310.0
20190323:1800,1.53,67.4,0.0,-0.0,0.0,-0.95,1.03,291.0,101280.0
20190323:1900,0.79,67.3,0.0,-0.0,0.0,-0.55,0.9,254.0,101290.0
20190323:2000,0.53,67.2,0.0,-0.0,0.0,31.9,1.66,217.0,101270.0
20190323:2100,0.71,67.3,80.25,214.15,65.55,21.45,2.28,218.0,101320.0
20190323:2200,2.07,59.95,282.3,579.53,125.1,-4.05,2.97,225.0,101340.0
20190323:2300,3.29,53.5,537.55,943.81,107.05,-12.75,4.97,229.0,101380.0
20190324:0000,4.48,51.7,711.0,982.31,106.4,-23.95,6.83,276.0,101420.0
20190324:0100,5.71,47.85,805.5,896.96,151.7,226.15,7.72,297.0,101400.0
20190324:0200,6.35,39.4,834.5,838.49,169.0,-0.95,8.83,296.0,101400.0
20190324:0300,7.23,38.0,825.95,836.47,152.25,16.8,8.41,295.0,101360.0
20190324:0400,7.37,38.1,727.9,736.75,165.55,-2.9,7.72,293.0,101380.0
20190324:0500,7.51,38.1,619.15,764.72,106.65,-2.1,7.52,292.0,101440.0
20190324:0600,7.68,39.7,400.4,547.58,108.85,-9.45,6.97,294.0,101510.0
20190324:0700,7.03,41.15,189.6,290.04,85.35,6.15,5.86,294.0,101560.0
20190324:0800,6.35,42.7,35.6,85.9,21.6,15.25,5.17,292.0,101670.0
20190324:0900,6.29,42.7,0.0,-0.0,0.0,-8.3,4.28,294.0,101750.0
20190324:1000,5.83,44.3,0.0,-0.0,0.0,-16.8,2.21,290.0,101770.0
20190324:1100,5.39,47.85,0.0,-0.0,0.0,-2.5,1.86,288.0,101870.0
20190324:1200,5.57,49.8,0.0,-0.0,0.0,-0.95,1.72,291.0,101910.0
20190324:1300,5.15,51.7,0.0,-0.0,0.0,-0.95,1.86,294.0,101960.0
20190324:1400,4.69,53.8,0.0,-0.0,0.0,-0.15,1.38,304.0,102020.0
20190324:1500,4.25,58.2,0.0,-0.0,0.0,0.15,1.59,298.0,102000.0
20190324:1600,3.65,62.7,0.0,-0.0,0.0,0.55,0.83,273.0,102000.0
20190324:1700,3.34,67.8,0.0,-0.0,0.0,1.35,0.83,256.0,101990.0
20190324:1800,2.8,73.2,0.0,-0.0,0.0,0.35,0.97,235.0,101970.0
20190324:1900,2.65,79.0,0.0,-0.0,0.0,-1.7,1.17,218.0,101950.0
20190324:2000,2.4,79.0,0.0,-0.0,0.0,2.9,1.1,202.0,101930.0
20190324:2100,2.03,78.95,132.4,1150.01,47.4,0.35,2.28,201.0,101940.0
20190324:2200,3.59,70.5,340.5,950.13,77.85,16.05,2.48,201.0,101970.0
20190324:2300,4.96,58.2,546.15,981.01,93.75,-8.9,3.31,192.0,101940.0
20190325:0000,6.46,50.05,713.05,981.03,104.55,4.25,4.07,192.0,101850.0
20190325:0100,7.91,48.55,821.5,959.67,117.65,238.9,4.76,189.0,101790.0
20190325:0200,8.45,50.6,863.85,927.59,123.7,5.2,5.45,190.0,101750.0
20190325:0300,10.05,45.4,619.6,411.31,286.7,6.35,6.14,200.0,101680.0
20190325:0400,11.19,40.65,574.85,353.99,303.35,54.75,5.86,202.0,101590.0
20190325:0500,12.58,33.8,549.2,552.76,176.85,2.9,5.45,185.0,101510.0
20190325:0600,12.96,32.65,360.75,411.8,140.15,-28.8,5.24,174.0,101480.0
20190325:0700,12.11,47.75,200.45,361.58,69.35,3.65,4.21,170.0,101420.0
20190325:0800,11.57,57.55,38.35,118.62,18.65,-16.6,2.69,169.0,101440.0
20190325:0900,12.05,57.65,0.0,-0.0,0.0,-1.5,2.14,186.0,101490.0
20190325:1000,10.74,64.1,0.0,-0.0,0.0,-9.65,2.55,197.0,101540.0
20190325:1100,10.1,64.0,0.0,-0.0,0.0,2.5,2.83,212.0,101600.0
20190325:1200,10.26,61.65,0.0,-0.0,0.0,2.7,2.55,226.0,101610.0
20190325:1300,9.55,61.55,0.0,-0.0,0.0,-0.35,2.34,239.0,101640.0
20190325:1400,9.35,61.55,0.0,-0.0,0.0,-0.35,2.62,244.0,101630.0
20190325:1500,8.8,63.8,0.0,-0.0,0.0,6.0,2.55,247.0,101660.0
20190325:1600,8.71,68.7,0.0,-0.0,0.0,3.45,1.86,250.0,101610.0
20190325:1700,8.09,73.95,0.0,-0.0,0.0,-14.1,1.52,254.0,101540.0
20190325:1800,7.58,76.7,0.0,-0.0,0.0,-2.9,1.38,255.0,101520.0
20190325:1900,7.19,79.55,0.0,-0.0,0.0,0.95,1.31,247.0,101480.0
20190325:2000,6.51,79.5,0.0,-0.0,0.0,-5.0,1.52,237.0,101470.0
20190325:2100,6.0,82.5,123.65,755.9,63.8,3.25,1.93,230.0,101480.0
20190325:2200,7.08,73.8,304.25,615.4,130.95,8.5,1.86,221.0,101480.0
20190325:2300,8.43,66.15,543.85,944.31,103.65,6.95,1.52,204.0,101420.0
20190326:0000,9.52,59.25,691.65,880.78,141.15,-14.3,1.93,190.0,101390.0
20190326:0100,10.1,55.05,745.4,703.14,226.55,261.55,1.45,172.0,101250.0
20190326:0200,11.19,51.25,771.7,638.81,259.3,14.5,2.41,149.0,101130.0
20190326:0300,12.19,47.75,659.2,371.46,357.1,5.2,3.52,148.0,101050.0
20190326:0400,12.44,47.85,514.3,243.96,326.3,23.2,4.21,145.0,100920.0
20190326:0500,12.37,49.7,386.3,183.67,261.95,6.95,4.48,153.0,100830.0
20190326:0600,12.45,53.6,418.6,598.61,96.0,-11.8,4.07,156.0,100690.0
20190326:0700,12.47,51.65,205.6,360.42,73.8,-29.4,2.62,165.0,100660.0
20190326:0800,10.59,61.75,40.55,128.89,18.75,23.2,2.0,188.0,100630.0
20190326:0900,11.56,57.55,0.0,-0.0,0.0,-26.5,2.07,266.0,100670.0
20190326:1000,10.7,59.5,0.0,-0.0,0.0,7.5,4.48,301.0,100770.0
20190326:1100,10.49,57.3,0.0,-0.0,0.0,-8.9,4.21,304.0,100890.0
20190326:1200,10.43,59.5,0.0,-0.0,0.0,4.25,4.55,308.0,100950.0
20190326:1300,9.62,54.9,0.0,-0.0,0.0,-9.45,5.72,306.0,101000.0
20190326:1400,8.64,46.8,0.0,-0.0,0.0,-18.75,6.62,298.0,101030.0
20190326:1500,7.71,43.0,0.0,-0.0,0.0,-9.85,7.86,295.0,101090.0
20190326:1600,7.51,43.0,0.0,-0.0,0.0,-7.35,7.59,295.0,101160.0
20190326:1700,7.2,42.85,0.0,-0.0,0.0,-4.25,6.97,297.0,101220.0
20190326:1800,6.68,44.45,0.0,-0.0,0.0,-0.75,6.55,296.0,101270.0
20190326:1900,6.43,46.25,0.0,-0.0,0.0,4.05,5.86,291.0,101310.0
20190326:2000,6.17,48.0,0.0,-0.0,0.0,0.35,5.52,294.0,101310.0
20190326:2100,6.45,46.25,147.55,1153.56,50.15,-0.55,5.86,299.0,101370.0
20190326:2200,7.25,43.0,359.1,976.45,79.1,2.1,5.17,298.0,101350.0
20190326:2300,7.93,39.85,560.55,985.91,96.05,3.85,5.52,295.0,101370.0
20190327:0000,9.0,40.1,722.4,976.85,107.25,3.85,5.52,289.0,101350.0
20190327:0100,10.01,35.85,828.5,962.56,113.95,238.35,5.03,285.0,101340.0
20190327:0200,11.22,33.4,872.5,938.71,115.65,6.15,4.34,282.0,101260.0
20190327:0300,12.29,32.35,850.25,901.08,113.95,4.05,3.72,284.0,101150.0
20190327:0400,12.83,30.15,750.75,825.18,111.9,3.45,3.03,290.0,101050.0
20190327:0500,12.51,36.55,524.15,540.94,156.1,4.25,1.72,271.0,100940.0
20190327:0600,15.05,21.5,408.55,586.88,90.4,23.0,0.62,206.0,100870.0
20190327:0700,12.04,44.2,171.05,246.36,80.2,-7.9,1.52,139.0,100790.0
20190327:0800,12.56,51.65,37.55,98.73,20.55,7.15,2.07,158.0,100690.0
20190327:0900,11.38,59.7,0.0,-0.0,0.0,-5.8,2.34,210.0,100700.0
20190327:1000,11.63,57.55,0.0,-0.0,0.0,17.2,2.62,227.0,100680.0
20190327:1100,12.63,47.85,0.0,-0.0,0.0,0.0,3.72,230.0,100650.0
20190327:1200,13.31,44.65,0.0,-0.0,0.0,0.95,5.31,240.0,100510.0
20190327:1300,13.16,44.5,0.0,-0.0,0.0,5.6,6.21,243.0,100390.0
20190327:1400,12.53,44.35,0.0,-0.0,0.0,-2.1,6.41,247.0,100270.0
20190327:1500,12.52,42.7,0.0,-0.0,0.0,-0.75,6.21,257.0,100210.0
20190327:1600,12.05,49.6,0.0,-0.0,0.0,15.25,5.72,271.0,100160.0
20190327:1700,8.63,74.05,0.0,-0.0,0.0,0.75,5.45,314.0,100230.0
20190327:1800,5.58,92.25,0.0,-0.0,0.0,0.55,6.76,340.0,100400.0
20190327:1900,4.53,92.25,0.0,-0.0,0.0,1.15,5.31,338.0,100550.0
20190327:2000,4.57,88.85,0.0,-0.0,0.0,7.5,5.1,327.0,100660.0
20190327:2100,4.97,88.85,109.95,471.67,67.65,-29.0,5.1,321.0,100680.0
20190327:2200,6.43,82.55,320.05,724.78,108.5,-0.55,4.83,324.0,100770.0
20190327:2300,6.7,79.5,540.05,911.4,106.15,-33.45,5.31,321.0,100810.0
20190328:0000,7.15,68.4,651.8,771.6,162.3,-11.6,5.52,314.0,100810.0
20190328:0100,8.08,58.9,754.15,714.77,220.4,260.4,6.07,308.0,100800.0
20190328:0200,8.32,48.65,828.9,816.49,167.25,6.35,6.69,305.0,100780.0
20190328:0300,8.72,45.0,815.6,776.25,178.35,-17.95,7.24,299.0,100800.0
20190328:0400,9.21,43.4,753.0,799.31,131.35,4.8,7.52,298.0,100800.0
20190328:0500,9.26,41.7,613.8,701.84,133.95,-8.1,7.66,302.0,100830.0
20190328:0600,8.95,40.1,439.45,646.21,87.1,-1.7,7.45,306.0,100900.0
20190328:0700,8.0,44.85,228.85,437.98,66.0,-7.7,6.9,311.0,101000.0
20190328:0800,7.05,48.25,44.7,128.41,22.2,-4.25,5.93,318.0,101120.0
20190328:0900,6.35,52.1,0.0,-0.0,0.0,-4.45,5.17,324.0,101260.0
20190328:1000,5.56,51.8,0.0,-0.0,0.0,-2.7,2.83,332.0,101350.0
20190328:1100,5.04,51.7,0.0,-0.0,0.0,-4.8,2.97,320.0,101440.0
20190328:1200,5.0,49.65,0.0,-0.0,0.0,0.55,3.17,317.0,101490.0
20190328:1300,4.7,49.65,0.0,-0.0,0.0,-5.8,3.03,320.0,101550.0
20190328:1400,4.83,47.7,0.0,-0.0,0.0,-0.15,2.28,316.0,101560.0
20190328:1500,4.62,51.7,0.0,-0.0,0.0,0.35,1.31,294.0,101610.0
20190328:1600,4.64,58.2,0.0,-0.0,0.0,7.15,1.17,275.0,101640.0
20190328:1700,4.43,60.5,0.0,-0.0,0.0,7.5,0.9,275.0,101630.0
20190328:1800,3.87,65.3,0.0,-0.0,0.0,-6.15,1.17,290.0,101600.0
20190328:1900,3.75,70.6,0.0,-0.0,0.0,1.35,1.93,304.0,101680.0
20190328:2000,3.64,76.15,0.0,-0.0,0.0,2.1,2.28,307.0,101700.0
20190328:2100,3.17,76.1,134.95,906.61,48.9,6.35,2.62,313.0,101750.0
20190328:2200,3.66,55.7,349.6,875.62,89.55,-3.85,4.41,328.0,101790.0
20190328:2300,4.56,47.7,559.75,956.56,99.65,0.35,3.66,333.0,101830.0
20190329:0000,5.34,44.15,687.0,842.76,148.45,-2.7,3.17,333.0,101890.0
20190329:0100,6.03,42.55,815.4,888.78,147.85,246.45,3.24,338.0,101880.0
20190329:0200,6.9,41.15,725.75,577.59,255.35,3.45,2.76,335.0,101850.0
20190329:0300,7.44,38.1,611.05,419.85,264.8,4.05,2.55,324.0,101740.0
20190329:0400,8.59,35.45,528.4,357.26,249.3,12.35,2.48,310.0,101680.0
20190329:0500,8.81,34.2,507.1,503.29,161.35,12.75,1.93,307.0,101600.0
20190329:0600,8.22,43.1,340.55,385.96,128.9,-11.8,0.62,81.0,101570.0
20190329:0700,7.17,52.2,175.3,226.62,90.35,-10.25,2.97,130.0,101620.0
20190329:0800,6.56,58.55,43.8,129.6,20.7,13.35,3.52,146.0,101690.0
20190329:0900,6.83,58.65,0.0,-0.0,0.0,-27.25,3.52,159.0,101760.0
20190329:1000,6.98,61.0,0.0,-0.0,0.0,8.3,3.45,176.0,101860.0
20190329:1100,6.59,65.75,0.0,-0.0,0.0,-0.95,2.76,189.0,101910.0
20190329:1200,6.46,65.75,0.0,-0.0,0.0,-9.65,2.14,202.0,101930.0
20190329:1300,6.56,68.3,0.0,-0.0,0.0,23.0,1.1,209.0,101920.0
20190329:1400,6.31,73.7,0.0,-0.0,0.0,40.6,0.83,225.0,101920.0
20190329:1500,6.05,76.5,0.0,-0.0,0.0,4.6,0.07,290.0,101970.0
20190329:1600,5.86,79.4,0.0,-0.0,0.0,1.9,0.28,147.0,101960.0
20190329:1700,5.57,82.4,0.0,-0.0,0.0,-1.5,0.62,148.0,101950.0
20190329:1800,5.24,82.4,0.0,-0.0,0.0,-20.9,1.03,134.0,101930.0
20190329:1900,4.87,82.35,0.0,-0.0,0.0,5.0,0.55,130.0,101910.0
20190329:2000,4.67,82.35,0.0,-0.0,0.0,14.9,0.69,97.0,101950.0
20190329:2100,4.29,82.35,70.5,161.79,54.3,-14.1,1.03,88.0,101940.0
20190329:2200,4.69,85.55,113.05,79.29,89.1,13.5,1.93,43.0,101990.0
20190329:2300,4.42,79.3,187.65,38.38,169.0,3.05,2.41,50.0,102030.0
20190330:0000,4.2,79.2,249.65,79.55,198.45,1.9,2.62,48.0,102000.0
20190330:0100,3.96,76.25,178.55,13.77,168.15,319.05,2.55,38.0,101930.0
20190330:0200,3.27,76.15,269.25,18.82,253.85,5.2,2.9,48.0,101860.0
20190330:0300,2.92,79.1,212.25,6.7,206.7,-1.15,2.97,58.0,101740.0
20190330:0400,3.02,82.2,257.9,38.74,227.5,-0.35,2.97,65.0,101670.0
20190330:0500,2.94,85.4,85.05,0.0,85.05,1.15,2.69,70.0,101540.0
20190330:0600,2.56,92.15,125.7,38.72,104.35,0.35,1.79,62.0,101360.0
20190330:0700,2.59,88.65,27.5,0.0,27.5,-3.85,0.97,40.0,101280.0
20190330:0800,2.76,88.7,4.4,0.28,4.35,5.6,1.38,325.0,101210.0
20190330:0900,2.6,95.7,0.0,-0.0,0.0,1.7,2.83,311.0,101100.0
20190330:1000,2.94,92.15,0.0,-0.0,0.0,0.75,5.1,345.0,101210.0
20190330:1100,2.95,95.7,0.0,-0.0,0.0,0.95,4.83,0.0,101210.0
20190330:1200,3.09,95.7,0.0,-0.0,0.0,-0.35,4.34,14.0,101160.0
20190330:1300,3.25,92.15,0.0,-0.0,0.0,-5.6,3.66,12.0,101110.0
20190330:1400,3.25,95.7,0.0,-0.0,0.0,-12.95,3.24,7.0,101010.0
20190330:1500,3.46,95.7,0.0,-0.0,0.0,6.75,3.24,0.0,100920.0
20190330:1600,3.3,95.7,0.0,-0.0,0.0,-4.05,3.03,3.0,100820.0
20190330:1700,3.66,95.7,0.0,-0.0,0.0,5.6,2.48,6.0,100730.0
20190330:1800,3.79,95.75,0.0,-0.0,0.0,-6.0,2.62,352.0,100690.0
20190330:1900,3.51,99.4,0.0,-0.0,0.0,-9.65,2.62,348.0,100680.0
20190330:2000,3.54,99.4,0.0,-0.0,0.0,13.5,2.34,334.0,100610.0
20190330:2100,3.4,95.7,54.3,115.83,42.1,-3.25,2.0,324.0,100630.0
20190330:2200,3.48,95.7,184.55,189.83,126.25,-3.65,1.38,347.0,100630.0
20190330:2300,3.42,95.7,271.75,172.6,187.05,-11.6,1.31,310.0,100630.0
20190331:0000,3.45,95.7,229.85,73.67,182.1,-1.5,1.66,316.0,100630.0
20190331:0100,3.97,88.8,363.7,64.64,314.6,312.65,1.72,322.0,100650.0
20190331:0200,4.76,88.85,464.3,132.18,355.6,1.9,2.21,321.0,100560.0
20190331:0300,6.77,73.8,468.05,200.83,300.95,-2.9,4.14,316.0,100530.0
20190331:0400,7.7,68.5,351.0,206.01,188.65,-4.25,4.0,327.0,100440.0
20190331:0500,7.73,71.15,458.2,411.52,172.85,-11.4,3.59,328.0,100450.0
20190331:0600,8.09,71.25,428.2,595.94,97.75,-22.05,2.97,328.0,100450.0
20190331:0700,8.11,71.25,160.65,245.13,67.3,-22.25,2.55,326.0,100510.0
20190331:0800,8.43,63.7,41.4,87.13,25.35,16.8,1.03,330.0,100580.0
20190331:0900,8.59,63.7,0.0,-0.0,0.0,-7.7,3.72,262.0,100680.0
20190331:1000,7.91,68.6,0.0,-0.0,0.0,-11.0,2.41,276.0,100790.0
20190331:1100,7.6,71.15,0.0,-0.0,0.0,-4.8,1.59,285.0,100920.0
20190331:1200,7.3,71.15,0.0,-0.0,0.0,-0.55,1.59,300.0,100950.0
20190331:1300,6.88,71.05,0.0,-0.0,0.0,0.55,2.07,296.0,100990.0
20190331:1400,6.38,70.95,0.0,-0.0,0.0,-6.0,2.14,288.0,101070.0
20190331:1500,5.69,73.55,0.0,-0.0,0.0,-5.6,2.83,292.0,101100.0
20190331:1600,3.54,69.46,0.0,-0.0,0.0,8.18,2.76,299.0,101120.0
20190331:1700,4.18,70.89,0.0,-0.0,0.0,10.11,2.73,310.0,101150.0
20190331:1800,4.83,72.32,0.0,-0.0,0.0,12.04,2.69,320.0,101150.0
20190331:1900,5.47,73.75,0.0,-0.0,0.0,13.97,2.65,318.0,101200.0
20190331:2000,6.12,75.18,0.0,-0.0,0.0,15.9,2.61,308.0,101250.0
20190331:2100,6.76,76.61,168.55,1002.64,57.75,17.83,2.57,303.0,101290.0
20190331:2200,7.41,78.04,380.1,936.75,87.7,19.77,2.53,339.0,101330.0
20190331:2300,8.05,79.46,563.15,862.32,135.85,21.7,2.49,339.0,101330.0
20200401:0000,8.69,80.89,323.85,224.32,176.45,23.63,2.45,168.0,101550.0
20200401:0100,9.34,82.32,290.7,77.02,231.55,25.56,2.42,160.0,101470.0
20200401:0200,9.98,83.75,265.5,90.77,190.15,27.49,2.38,151.0,101350.0
20200401:0300,10.63,85.18,184.95,16.26,171.3,29.42,2.34,142.0,101150.0
20200401:0400,11.27,86.61,184.05,16.8,170.7,31.35,2.3,139.0,101020.0
20200401:0500,11.92,88.03,124.95,5.22,121.3,33.28,2.26,114.0,100860.0
20200401:0600,12.56,89.46,37.8,0.0,37.8,35.22,2.22,89.0,100680.0
20200401:0700,13.2,90.89,13.65,0.0,13.65,37.15,2.18,43.0,100520.0
20200401:0800,10.75,99.4,3.2,0.0,3.2,0.35,1.45,13.0,100380.0
20200401:0900,10.55,99.4,0.0,-0.0,0.0,-0.75,2.34,349.0,100230.0
20200401:1000,10.14,99.4,0.0,-0.0,0.0,-1.7,3.17,3.0,100040.0
20200401:1100,9.94,99.4,0.0,-0.0,0.0,-0.75,4.62,354.0,99860.0
20200401:1200,9.93,99.4,0.0,-0.0,0.0,-0.95,6.48,344.0,99620.0
20200401:1300,9.9,100.0,0.0,-0.0,0.0,-0.75,7.59,338.0,99430.0
20200401:1400,9.85,99.4,0.0,-0.0,0.0,0.35,8.21,331.0,99240.0
20200401:1500,9.6,95.85,0.0,-0.0,0.0,-1.5,8.55,323.0,99200.0
20200401:1600,9.92,92.5,0.0,-0.0,0.0,0.35,8.48,322.0,99170.0
20200401:1700,11.02,86.1,0.0,-0.0,0.0,-2.5,7.79,323.0,99170.0
20200401:1800,11.81,83.1,0.0,-0.0,0.0,-1.15,6.41,316.0,99250.0
20200401:1900,11.91,83.1,0.0,-0.0,0.0,1.9,6.07,303.0,99380.0
20200401:2000,11.47,77.3,0.0,-0.0,0.0,-3.05,6.62,291.0,99580.0
20200401:2100,10.56,71.7,35.55,0.0,35.55,-9.05,7.17,291.0,99730.0
20200401:2200,10.23,71.6,98.55,47.81,83.15,-19.35,7.66,292.0,99890.0
20200401:2300,9.93,66.45,201.25,110.0,145.7,-6.15,8.0,289.0,100040.0
20200402:0000,9.52,68.9,412.35,168.63,300.8,-13.7,8.48,287.0,100230.0
20200402:0100,10.49,64.1,600.05,474.31,233.85,300.45,8.97,292.0,100310.0
20200402:0200,11.44,55.3,783.6,663.1,230.65,4.45,7.93,294.0,100380.0
20200402:0300,12.69,46.1,804.15,707.23,208.15,-7.15,8.62,296.0,100420.0
20200402:0400,12.51,44.35,699.95,645.37,184.95,-7.15,8.62,294.0,100530.0
20200402:0500,12.54,44.35,548.05,524.95,179.15,-14.7,8.55,295.0,100610.0
20200402:0600,11.86,45.8,428.5,549.76,118.75,5.0,8.55,296.0,100750.0
20200402:0700,11.33,45.7,239.15,436.36,69.15,-17.95,8.48,294.0,100910.0
20200402:0800,10.66,43.8,55.6,159.29,24.85,-10.25,8.0,292.0,101080.0
20200402:0900,9.99,43.7,0.0,-0.0,0.0,-9.25,8.28,290.0,101220.0
20200402:1000,9.02,46.95,0.0,-0.0,0.0,-6.55,7.45,294.0,101360.0
20200402:1100,8.98,45.15,0.0,-0.0,0.0,-3.45,6.9,300.0,101470.0
20200402:1200,8.92,45.15,0.0,-0.0,0.0,-1.9,6.34,302.0,101560.0
20200402:1300,8.92,45.15,0.0,-0.0,0.0,-0.75,5.86,300.0,101620.0
20200402:1400,8.92,45.15,0.0,-0.0,0.0,-0.35,5.38,296.0,101680.0
20200402:1500,8.62,48.65,0.0,-0.0,0.0,-0.75,4.97,293.0,101740.0
20200402:1600,8.57,50.6,0.0,-0.0,0.0,-0.55,4.48,291.0,101790.0
20200402:1700,7.92,54.55,0.0,-0.0,0.0,-0.95,4.0,288.0,101850.0
20200402:1800,7.6,56.7,0.0,-0.0,0.0,1.7,3.1,284.0,101860.0
20200402:1900,7.45,56.7,0.0,-0.0,0.0,2.1,1.66,275.0,101900.0
20200402:2000,6.48,65.85,0.0,-0.0,0.0,0.15,1.66,237.0,101930.0
20200402:2100,5.83,73.65,181.85,977.06,58.85,0.75,2.21,221.0,102010.0
20200402:2200,7.39,63.5,394.5,942.65,86.25,2.3,2.07,224.0,102110.0
20200402:2300,8.94,52.7,595.5,966.96,102.65,4.25,1.93,223.0,102120.0
20200403:0000,10.82,43.8,758.15,968.33,113.4,4.05,2.41,230.0,102110.0
20200403:0100,11.76,37.75,867.8,964.75,119.05,247.05,2.69,229.0,102140.0
20200403:0200,12.7,33.8,912.45,944.94,120.95,3.25,2.48,225.0,102090.0
20200403:0300,12.82,38.0,888.0,908.14,119.55,3.45,2.21,203.0,102010.0
20200403:0400,12.78,38.0,797.0,851.78,114.55,2.7,2.41,175.0,101940.0
20200403:0500,13.87,31.55,648.3,768.97,105.6,3.05,3.52,158.0,101890.0
20200403:0600,14.29,38.45,454.5,641.67,91.1,2.3,4.28,156.0,101890.0
20200403:0700,13.43,53.7,243.0,444.64,68.5,2.5,4.14,156.0,101850.0
20200403:0800,12.87,55.65,55.8,152.84,25.85,0.55,4.28,159.0,101880.0
20200403:0900,12.79,57.75,0.0,-0.0,0.0,-1.35,4.76,170.0,101910.0
20200403:1000,11.76,64.35,0.0,-0.0,0.0,-1.9,5.1,179.0,102000.0
20200403:1100,11.3,69.15,0.0,-0.0,0.0,1.5,4.97,190.0,102040.0
20200403:1200,11.72,71.85,0.0,-0.0,0.0,2.5,4.69,198.0,102070.0
20200403:1300,11.62,77.3,0.0,-0.0,0.0,2.3,4.21,205.0,102070.0
20200403:1400,11.52,77.3,0.0,-0.0,0.0,2.7,3.52,210.0,102050.0
20200403:1500,10.95,80.1,0.0,-0.0,0.0,0.15,3.1,212.0,102010.0
20200403:1600,10.37,86.0,0.0,-0.0,0.0,-0.75,2.97,211.0,101940.0
20200403:1700,10.23,86.0,0.0,-0.0,0.0,16.8,3.1,212.0,101920.0
20200403:1800,9.7,85.95,0.0,-0.0,0.0,3.05,2.97,213.0,101870.0
20200403:1900,8.36,92.4,0.0,-0.0,0.0,12.35,2.55,216.0,101860.0
20200403:2000,7.47,89.05,0.0,-0.0,0.0,-6.95,2.28,218.0,101810.0
20200403:2100,8.13,89.05,151.15,716.28,57.35,4.25,2.34,212.0,101810.0
20200403:2200,9.37,89.1,341.35,755.24,90.7,-13.15,1.66,213.0,101800.0
20200403:2300,10.33,86.0,521.95,758.87,131.65,-5.6,2.14,175.0,101740.0
20200404:0000,10.48,77.15,662.7,774.78,143.5,16.8,3.24,173.0,101690.0
20200404:0100,12.29,69.35,804.55,859.77,133.85,286.9,3.31,164.0,101610.0
20200404:0200,14.44,58.1,785.8,698.39,198.25,1.15,3.24,159.0,101510.0
20200404:0300,15.18,50.35,812.25,765.03,162.3,21.65,3.52,153.0,101380.0
20200404:0400,16.3,45.3,638.65,575.43,175.8,-16.6,4.07,154.0,101250.0
20200404:0500,16.44,42.05,518.1,501.04,163.0,19.7,3.86,148.0,101180.0
20200404:0600,16.8,45.45,401.2,443.51,148.75,5.8,4.0,149.0,101090.0
20200404:0700,16.43,56.5,236.55,415.0,72.5,-24.55,3.93,152.0,101020.0
20200404:0800,15.49,58.45,51.65,137.03,24.4,-5.2,3.86,163.0,101060.0
20200404:0900,14.75,64.95,0.0,-0.0,0.0,5.8,3.66,178.0,101050.0
20200404:1000,14.2,64.85,0.0,-0.0,0.0,-1.35,2.76,195.0,101140.0
20200404:1100,13.46,69.55,0.0,-0.0,0.0,5.6,2.41,232.0,101170.0
20200404:1200,12.54,69.45,0.0,-0.0,0.0,-0.55,1.59,259.0,101130.0
20200404:1300,11.65,69.25,0.0,-0.0,0.0,-19.7,1.52,269.0,101130.0
20200404:1400,11.81,66.75,0.0,-0.0,0.0,2.9,2.0,290.0,101120.0
20200404:1500,11.44,64.35,0.0,-0.0,0.0,4.45,3.31,318.0,101120.0
20200404:1600,10.78,69.1,0.0,-0.0,0.0,8.7,3.52,324.0,101140.0
20200404:1700,10.37,69.0,0.0,-0.0,0.0,-14.1,3.45,317.0,101120.0
20200404:1800,9.85,68.9,0.0,-0.0,0.0,-2.1,3.45,314.0,101130.0
20200404:1900,9.41,71.4,0.0,-0.0,0.0,9.45,3.24,323.0,101130.0
20200404:2000,9.13,68.8,0.0,-0.0,0.0,-8.1,3.17,325.0,101180.0
20200404:2100,8.62,71.35,86.85,276.13,49.3,0.15,3.24,325.0,101250.0
20200404:2200,8.32,68.6,156.3,176.26,96.95,6.75,2.76,321.0,101290.0
20200404:2300,8.02,68.6,201.25,125.65,136.05,33.25,3.45,332.0,101310.0
20200405:0000,7.8,71.25,193.3,34.92,169.75,-2.7,3.79,332.0,101380.0
20200405:0100,7.8,71.25,304.1,149.68,186.75,313.8,4.0,324.0,101380.0
20200405:0200,7.51,66.05,495.95,246.06,288.05,-10.45,4.07,322.0,101350.0
20200405:0300,7.97,61.2,241.3,44.67,203.2,3.25,4.14,324.0,101310.0
20200405:0400,7.7,56.7,270.9,83.1,203.8,3.45,4.0,324.0,101250.0
20200405:0500,8.35,54.55,255.15,85.85,194.05,-2.5,2.97,329.0,101170.0
20200405:0600,8.97,52.7,322.0,323.49,136.95,0.55,2.21,359.0,101140.0
20200405:0700,9.88,47.05,197.15,299.53,77.9,-25.35,1.45,9.0,101160.0
20200405:0800,10.13,45.4,60.75,164.82,27.5,-7.9,1.52,307.0,101210.0
20200405:0900,9.8,45.25,0.0,-0.0,0.0,-30.75,2.41,279.0,101230.0
20200405:1000,8.63,52.6,0.0,-0.0,0.0,6.0,2.0,257.0,101270.0
20200405:1100,7.69,54.55,0.0,-0.0,0.0,-11.8,2.9,251.0,101330.0
20200405:1200,7.19,58.8,0.0,-0.0,0.0,-0.75,3.66,255.0,101380.0
20200405:1300,7.03,58.8,0.0,-0.0,0.0,0.15,4.0,253.0,101390.0
20200405:1400,6.59,58.65,0.0,-0.0,0.0,-0.35,3.93,252.0,101330.0
20200405:1500,6.43,61.0,0.0,-0.0,0.0,0.15,4.34,248.0,101280.0
20200405:1600,6.27,63.25,0.0,-0.0,0.0,0.15,4.9,247.0,101250.0
20200405:1700,6.37,68.3,0.0,-0.0,0.0,3.25,5.31,252.0,101250.0
20200405:1800,6.03,68.3,0.0,-0.0,0.0,-3.85,5.38,252.0,101210.0
20200405:1900,5.86,70.85,0.0,-0.0,0.0,1.15,4.97,262.0,101240.0
20200405:2000,5.96,68.3,0.0,-0.0,0.0,0.95,4.69,278.0,101310.0
20200405:2100,5.58,73.65,188.85,892.65,63.0,1.7,4.69,280.0,101380.0
20200405:2200,6.21,56.3,407.1,929.27,89.75,-5.4,3.93,274.0,101380.0
20200405:2300,6.81,52.2,604.65,949.41,107.7,-1.9,4.34,279.0,101390.0
20200406:0000,7.43,46.65,680.85,748.14,173.2,3.65,5.31,283.0,101450.0
20200406:0100,8.5,43.25,845.1,884.52,148.2,244.55,5.59,277.0,101390.0
20200406:0200,9.01,43.4,836.4,785.64,169.8,7.15,6.76,277.0,101300.0
20200406:0300,9.68,41.85,821.85,775.22,158.1,10.45,8.28,279.0,101240.0
20200406:0400,9.86,41.85,695.2,653.22,165.75,-2.7,9.17,284.0,101200.0
20200406:0500,10.6,40.55,534.5,478.96,192.25,-1.35,9.79,283.0,101190.0
20200406:0600,10.43,45.55,359.65,407.93,125.15,20.3,9.66,279.0,101130.0
20200406:0700,10.3,51.0,228.45,355.06,86.1,3.25,8.07,276.0,101160.0
20200406:0800,9.99,52.95,59.55,154.93,27.85,-8.9,6.69,271.0,101180.0
20200406:0900,9.58,57.05,0.0,-0.0,0.0,-20.9,6.62,270.0,101200.0
20200406:1000,9.09,59.15,0.0,-0.0,0.0,0.55,5.45,269.0,101290.0
20200406:1100,9.19,56.9,0.0,-0.0,0.0,-4.05,5.1,264.0,101390.0
20200406:1200,9.4,56.9,0.0,-0.0,0.0,-2.5,5.03,263.0,101430.0
20200406:1300,8.92,54.8,0.0,-0.0,0.0,-1.7,5.03,267.0,101470.0
20200406:1400,9.23,50.7,0.0,-0.0,0.0,-3.45,4.83,271.0,101460.0
20200406:1500,8.86,50.6,0.0,-0.0,0.0,-1.9,4.34,270.0,101470.0
20200406:1600,8.58,54.65,0.0,-0.0,0.0,-1.9,4.07,266.0,101450.0
20200406:1700,8.62,54.65,0.0,-0.0,0.0,-2.1,4.07,264.0,101470.0
20200406:1800,8.12,58.9,0.0,-0.0,0.0,1.15,4.14,263.0,101460.0
20200406:1900,8.12,58.9,0.0,-0.0,0.0,-2.5,4.0,268.0,101480.0
20200406:2000,8.04,61.2,0.0,-0.0,0.0,1.15,3.38,273.0,101500.0
20200406:2100,7.79,58.9,174.3,632.1,82.05,2.9,2.83,275.0,101510.0
20200406:2200,8.16,58.9,401.95,861.08,103.8,10.6,2.41,267.0,101530.0
20200406:2300,9.0,52.7,563.4,738.38,173.6,-2.1,2.83,279.0,101500.0
20200407:0000,9.75,50.85,659.25,566.75,272.35,14.3,2.21,283.0,101490.0
20200407:0100,10.35,49.05,794.4,696.42,243.05,278.4,1.38,284.0,101470.0
20200407:0200,10.8,51.1,846.85,779.59,182.65,-8.5,0.76,297.0,101420.0
20200407:0300,11.08,53.25,856.85,799.88,169.4,-6.35,0.69,184.0,101380.0
20200407:0400,12.52,39.5,624.2,582.58,150.25,12.95,1.59,188.0,101300.0
20200407:0500,12.63,39.5,604.15,652.62,135.95,12.15,3.1,150.0,101270.0
20200407:0600,11.71,55.4,424.35,493.4,139.35,-15.45,4.14,148.0,101230.0
20200407:0700,11.35,61.85,188.65,158.79,124.55,5.4,3.72,147.0,101230.0
20200407:0800,11.08,64.25,61.75,155.46,29.5,7.5,2.97,149.0,101240.0
20200407:0900,11.45,62.0,0.0,0.0,0.0,-19.5,2.76,160.0,101290.0
20200407:1000,10.72,66.55,0.0,-0.0,0.0,-8.1,1.72,175.0,101380.0
20200407:1100,10.21,69.0,0.0,-0.0,0.0,-3.25,1.38,213.0,101420.0
20200407:1200,9.3,74.15,0.0,-0.0,0.0,-2.5,1.38,244.0,101430.0
20200407:1300,8.23,79.7,0.0,-0.0,0.0,-1.9,1.03,250.0,101440.0
20200407:1400,7.58,79.7,0.0,-0.0,0.0,-2.1,1.03,245.0,101430.0
20200407:1500,7.24,85.8,0.0,-0.0,0.0,-1.9,1.24,244.0,101400.0
20200407:1600,7.01,85.8,0.0,-0.0,0.0,-1.5,1.45,244.0,101380.0
20200407:1700,6.89,85.75,0.0,-0.0,0.0,-0.95,1.52,247.0,101380.0
20200407:1800,6.74,85.75,0.0,-0.0,0.0,-0.75,1.45,248.0,101370.0
20200407:1900,6.4,85.75,0.0,-0.0,0.0,-3.25,1.52,246.0,101380.0
20200407:2000,6.09,88.95,0.0,-0.0,0.0,0.0,1.52,247.0,101380.0
20200407:2100,5.44,85.65,202.35,919.74,63.6,0.15,2.0,246.0,101390.0
20200407:2200,6.54,73.8,413.9,924.07,89.6,2.9,1.86,249.0,101420.0
20200407:2300,7.74,71.25,609.95,946.68,106.0,5.2,1.31,235.0,101440.0
20200408:0000,9.41,63.8,766.45,946.01,116.8,6.55,0.9,196.0,101460.0
20200408:0100,11.96,53.5,865.3,931.37,124.45,260.6,1.38,136.0,101430.0
20200408:0200,13.29,51.75,778.95,658.61,215.55,6.15,2.97,134.0,101390.0
20200408:0300,13.55,51.9,754.75,620.2,219.75,32.7,4.14,137.0,101330.0
20200408:0400,14.17,52.0,722.75,680.59,167.05,4.8,4.69,140.0,101320.0
20200408:0500,14.32,53.95,431.9,392.79,149.0,-5.8,4.62,138.0,101280.0
20200408:0600,13.83,62.45,399.3,469.45,126.85,11.6,4.21,133.0,101250.0
20200408:0700,13.15,69.55,193.7,271.51,83.35,-23.0,3.31,145.0,101280.0
20200408:0800,12.89,69.45,48.45,106.28,26.1,15.45,2.69,141.0,101270.0
20200408:0900,12.94,72.05,0.0,0.0,0.0,-3.65,1.66,152.0,101280.0
20200408:1000,12.24,74.6,0.0,-0.0,0.0,-3.45,1.38,243.0,101330.0
20200408:1100,11.9,77.3,0.0,-0.0,0.0,5.95,0.69,288.0,101380.0
20200408:1200,11.62,80.15,0.0,-0.0,0.0,0.75,0.69,291.0,101400.0
20200408:1300,10.82,83.0,0.0,-0.0,0.0,-17.8,0.76,296.0,101360.0
20200408:1400,10.2,86.0,0.0,-0.0,0.0,-9.05,1.17,283.0,101330.0
20200408:1500,9.92,86.0,0.0,-0.0,0.0,6.0,2.34,281.0,101340.0
20200408:1600,10.2,86.0,0.0,-0.0,0.0,-0.55,2.69,288.0,101310.0
20200408:1700,10.21,79.95,0.0,-0.0,0.0,-8.5,3.86,296.0,101330.0
20200408:1800,10.05,77.1,0.0,-0.0,0.0,16.05,5.03,308.0,101400.0
20200408:1900,9.73,77.0,0.0,-0.0,0.0,-3.65,5.24,311.0,101480.0
20200408:2000,9.27,76.95,0.0,-0.0,0.0,-18.75,4.83,311.0,101580.0
20200408:2100,8.94,68.8,182.0,753.54,64.65,2.1,4.69,314.0,101640.0
20200408:2200,9.44,59.25,381.05,791.78,99.5,-7.7,3.59,310.0,101680.0
20200408:2300,9.73,54.9,586.9,875.9,116.8,-9.25,4.55,315.0,101690.0
20200409:0000,10.31,52.95,760.95,926.99,120.65,2.9,4.48,320.0,101760.0
20200409:0100,11.25,47.45,888.1,962.23,119.15,252.05,4.0,327.0,101730.0
20200409:0200,11.79,44.1,880.7,861.88,140.5,-3.45,3.24,332.0,101720.0
20200409:0300,12.13,40.95,881.1,860.99,135.7,9.85,2.97,327.0,101690.0
20200409:0400,13.1,35.3,784.55,766.15,156.75,0.95,2.83,326.0,101650.0
20200409:0500,13.68,31.55,635.9,714.17,119.55,2.5,2.97,332.0,101640.0
20200409:0600,13.23,33.95,406.1,490.59,120.05,-6.0,3.24,349.0,101630.0
20200409:0700,12.81,35.15,179.0,162.29,112.6,10.25,3.38,25.0,101690.0
20200409:0800,11.76,51.35,31.25,39.88,22.75,22.6,2.07,37.0,101740.0
20200409:0900,10.26,71.6,0.0,0.0,0.0,16.25,0.9,49.0,101840.0
20200409:1000,9.53,77.0,0.0,-0.0,0.0,1.9,0.34,334.0,101940.0
20200409:1100,9.76,77.0,0.0,-0.0,0.0,2.7,0.48,322.0,101950.0
20200409:1200,9.67,74.2,0.0,-0.0,0.0,5.8,0.55,131.0,101970.0
20200409:1300,8.84,79.75,0.0,-0.0,0.0,-14.1,1.03,154.0,101930.0
20200409:1400,8.56,79.75,0.0,-0.0,0.0,5.6,1.31,196.0,101950.0
20200409:1500,8.49,82.75,0.0,-0.0,0.0,3.25,2.0,200.0,101890.0
20200409:1600,8.18,82.7,0.0,-0.0,0.0,-7.35,1.86,204.0,101810.0
20200409:1700,7.51,79.7,0.0,-0.0,0.0,10.6,1.72,201.0,101780.0
20200409:1800,7.08,82.65,0.0,-0.0,0.0,-17.0,2.07,199.0,101760.0
20200409:1900,6.73,85.75,0.0,-0.0,0.0,-32.7,2.07,205.0,101740.0
20200409:2000,6.39,82.6,0.0,-0.0,0.0,-4.45,2.07,211.0,101710.0
20200409:2100,6.49,82.6,206.2,832.72,72.5,-11.0,2.76,206.0,101690.0
20200409:2200,8.47,63.7,404.7,773.91,125.95,2.5,3.52,255.0,101690.0
20200409:2300,8.69,56.8,599.75,881.68,122.75,2.3,6.34,293.0,101780.0
20200410:0000,8.67,45.0,717.7,818.08,149.4,-4.05,5.79,301.0,101770.0
20200410:0100,9.04,41.7,805.5,832.38,137.3,257.3,6.14,301.0,101760.0
20200410:0200,9.26,43.4,863.5,788.67,183.55,-2.5,6.07,300.0,101720.0
20200410:0300,9.41,43.4,786.25,691.69,185.3,-5.4,5.66,302.0,101670.0
20200410:0400,9.61,45.25,719.4,653.55,182.0,9.45,6.48,308.0,101640.0
20200410:0500,9.56,47.05,595.1,611.66,151.2,10.8,7.59,308.0,101660.0
20200410:0600,9.46,45.25,422.3,526.17,114.1,-11.4,7.1,305.0,101640.0
20200410:0700,9.13,46.95,248.9,416.65,77.3,-2.7,6.9,307.0,101690.0
20200410:0800,8.78,48.65,68.65,170.2,31.9,-4.8,6.21,311.0,101760.0
20200410:0900,8.41,48.65,0.05,0.0,0.05,-4.6,6.0,313.0,101770.0
20200410:1000,7.82,50.45,0.0,-0.0,0.0,-6.95,4.62,311.0,101860.0
20200410:1100,7.49,52.45,0.0,-0.0,0.0,-2.5,4.28,311.0,101930.0
20200410:1200,7.44,52.45,0.0,-0.0,0.0,-1.15,4.0,305.0,101990.0
20200410:1300,6.91,54.4,0.0,-0.0,0.0,-1.5,3.59,303.0,101990.0
20200410:1400,6.83,56.45,0.0,-0.0,0.0,-1.7,3.24,303.0,102000.0
20200410:1500,6.63,56.45,0.0,-0.0,0.0,-1.5,2.83,301.0,101970.0
20200410:1600,6.24,58.55,0.0,-0.0,0.0,-2.7,2.07,296.0,101960.0
20200410:1700,6.24,58.55,0.0,-0.0,0.0,0.15,1.72,298.0,101930.0
20200410:1800,6.06,60.85,0.0,-0.0,0.0,0.15,1.59,301.0,101920.0
20200410:1900,5.6,65.65,0.0,-0.0,0.0,3.25,1.38,306.0,101930.0
20200410:2000,5.18,70.8,0.0,-0.0,0.0,-0.15,1.31,310.0,101950.0
20200410:2100,5.06,70.8,208.05,819.24,72.6,11.95,1.72,318.0,102000.0
20200410:2200,6.57,58.65,412.85,839.0,106.85,-2.3,1.45,317.0,102000.0
20200410:2300,7.7,54.55,516.5,619.88,178.5,5.8,3.38,322.0,102010.0
20200411:0000,8.41,50.6,672.55,632.09,231.0,26.1,3.93,321.0,102010.0
20200411:0100,9.49,45.25,801.35,757.39,190.65,286.7,3.45,341.0,101940.0
20200411:0200,10.71,37.45,791.4,663.32,217.35,-26.1,3.31,9.0,101910.0
20200411:0300,11.29,37.6,834.1,751.41,179.0,9.45,3.72,42.0,101860.0
20200411:0400,10.58,45.55,706.8,548.66,254.1,-3.45,3.86,72.0,101850.0
20200411:0500,9.69,54.9,595.6,543.98,199.35,11.0,3.66,91.0,101800.0
20200411:0600,9.6,59.25,297.55,201.06,179.25,-6.55,3.38,116.0,101810.0
20200411:0700,9.34,63.8,226.4,291.29,105.65,22.45,4.0,138.0,101820.0
20200411:0800,9.17,66.25,65.4,152.71,32.0,-18.15,3.93,153.0,101860.0
20200411:0900,9.45,61.55,0.1,0.0,0.1,-18.35,3.38,161.0,101860.0
20200411:1000,8.79,68.7,0.0,-0.0,0.0,-0.15,3.03,166.0,101970.0
20200411:1100,8.66,68.7,0.0,-0.0,0.0,3.05,2.9,172.0,101990.0
20200411:1200,8.51,68.7,0.0,-0.0,0.0,7.5,2.97,186.0,101980.0
20200411:1300,7.86,71.25,0.0,-0.0,0.0,-6.35,2.83,197.0,101980.0
20200411:1400,8.37,73.95,0.0,-0.0,0.0,13.7,2.69,205.0,101940.0
20200411:1500,8.21,76.8,0.0,-0.0,0.0,12.55,2.41,217.0,101890.0
20200411:1600,8.07,79.7,0.0,-0.0,0.0,11.0,2.21,229.0,101820.0
20200411:1700,7.73,82.7,0.0,-0.0,0.0,12.15,2.41,238.0,101840.0
20200411:1800,7.8,85.85,0.0,-0.0,0.0,3.45,2.0,245.0,101810.0
20200411:1900,7.78,85.85,0.0,-0.0,0.0,3.85,1.52,266.0,101780.0
20200411:2000,7.84,89.05,0.0,-0.0,0.0,4.05,1.38,288.0,101780.0
20200411:2100,6.95,89.0,49.75,45.57,42.0,-0.55,1.45,309.0,101800.0
20200411:2200,6.13,85.7,105.4,15.17,99.8,0.95,1.93,297.0,101790.0
20200411:2300,6.06,88.95,216.45,91.09,166.4,-0.95,1.93,299.0,101770.0
20200412:0000,7.21,85.8,384.85,233.43,220.9,-0.35,2.07,309.0,101760.0
20200412:0100,8.33,82.7,485.7,230.79,298.8,310.9,1.31,319.0,101720.0
20200412:0200,9.04,79.85,604.8,420.66,239.4,-7.7,1.24,18.0,101670.0
20200412:0300,9.62,74.2,678.55,574.71,175.8,8.1,1.93,49.0,101580.0
20200412:0400,10.28,71.6,486.3,319.07,222.15,-23.0,2.55,74.0,101520.0
20200412:0500,10.56,74.4,434.85,342.17,184.7,20.1,3.03,88.0,101440.0
20200412:0600,10.86,71.7,390.35,424.87,139.25,-7.9,3.03,97.0,101430.0
20200412:0700,11.05,69.15,156.6,155.56,91.7,-17.0,2.48,104.0,101430.0
20200412:0800,10.75,69.1,58.0,114.9,32.55,10.45,2.0,125.0,101440.0
20200412:0900,10.44,74.4,0.15,0.0,0.15,-12.15,0.9,130.0,101420.0
20200412:1000,10.05,79.95,0.0,-0.0,0.0,-5.2,1.17,105.0,101430.0
20200412:1100,9.95,82.95,0.0,-0.0,0.0,5.0,1.38,99.0,101430.0
20200412:1200,9.76,85.95,0.0,-0.0,0.0,3.45,1.38,72.0,101420.0
20200412:1300,9.34,89.1,0.0,-0.0,0.0,-13.7,1.45,60.0,101360.0
20200412:1400,8.95,89.1,0.0,-0.0,0.0,17.6,1.79,42.0,101360.0
20200412:1500,8.72,92.4,0.0,-0.0,0.0,6.75,3.03,38.0,101240.0
20200412:1600,8.91,92.4,0.0,-0.0,0.0,17.95,3.66,56.0,101170.0
20200412:1700,8.97,89.1,0.0,-0.0,0.0,13.5,4.69,63.0,101140.0
20200412:1800,8.72,89.1,0.0,-0.0,0.0,1.9,5.1,60.0,101060.0
20200412:1900,8.51,89.1,0.0,-0.0,0.0,3.25,5.31,57.0,100980.0
20200412:2000,8.43,92.4,0.0,-0.0,0.0,2.1,6.0,55.0,100870.0
20200412:2100,8.01,95.8,27.5,0.0,27.5,6.75,6.83,55.0,100770.0
20200412:2200,8.12,95.8,49.3,0.0,49.3,-3.45,5.03,51.0,100740.0
20200412:2300,8.12,95.8,107.3,15.81,98.55,3.85,6.9,52.0,100660.0
20200413:0000,8.2,95.8,94.9,26.34,76.3,0.15,7.72,50.0,100450.0
20200413:0100,8.46,92.4,87.05,0.0,87.05,339.35,8.07,49.0,100310.0
20200413:0200,8.36,99.4,51.5,0.0,51.5,0.95,8.83,51.0,100190.0
20200413:0300,8.65,95.85,42.55,0.0,42.55,-0.55,9.24,49.0,100050.0
20200413:0400,8.69,95.85,34.0,0.0,34.0,-0.55,9.72,45.0,99940.0
20200413:0500,8.73,95.85,40.3,0.0,40.3,-1.9,10.41,44.0,99820.0
20200413:0600,8.54,92.4,28.2,0.0,28.2,0.75,10.83,41.0,99740.0
20200413:0700,8.36,89.05,13.65,0.0,13.65,-2.7,11.52,36.0,99660.0
20200413:0800,7.76,85.85,2.85,0.0,2.85,-4.05,11.93,30.0,99630.0
20200413:0900,7.0,85.8,0.0,0.0,0.0,-0.55,11.66,23.0,99640.0
20200413:1000,6.09,88.95,0.0,-0.0,0.0,-2.1,9.72,23.0,99720.0
20200413:1100,5.47,92.3,0.0,-0.0,0.0,-1.35,9.93,20.0,99700.0
20200413:1200,4.82,95.75,0.0,-0.0,0.0,1.7,10.28,12.0,99680.0
20200413:1300,4.2,95.75,0.0,-0.0,0.0,-1.7,10.41,3.0,99650.0
20200413:1400,4.06,95.75,0.0,-0.0,0.0,-1.9,9.93,353.0,99660.0
20200413:1500,4.12,92.2,0.0,-0.0,0.0,-3.25,9.59,346.0,99680.0
20200413:1600,4.47,88.85,0.0,-0.0,0.0,-1.9,9.31,341.0,99710.0
20200413:1700,4.79,85.55,0.0,-0.0,0.0,-3.05,9.38,341.0,99770.0
20200413:1800,5.14,85.6,0.0,-0.0,0.0,-5.95,8.76,337.0,99830.0
20200413:1900,5.16,76.4,0.0,-0.0,0.0,-12.55,8.21,335.0,99900.0
20200413:2000,5.89,73.7,0.0,-0.0,0.0,-30.35,7.79,333.0,99980.0
20200413:2100,5.62,73.65,186.0,665.41,66.65,-16.45,7.66,329.0,100110.0
20200413:2200,6.35,63.25,392.2,709.02,124.2,2.3,6.62,326.0,100240.0
20200413:2300,6.91,52.35,622.7,873.12,135.8,-11.6,7.24,323.0,100340.0
20200414:0000,7.87,46.65,810.7,935.05,147.0,-6.0,7.45,322.0,100410.0
20200414:0100,8.64,45.0,932.35,961.63,147.05,234.05,7.79,317.0,100500.0
20200414:0200,9.67,45.25,870.05,733.14,228.65,-5.0,8.28,318.0,100480.0
20200414:0300,11.24,42.3,659.0,420.42,288.8,35.95,8.9,321.0,100450.0
20200414:0400,11.56,44.1,537.5,327.81,264.35,22.45,9.66,321.0,100450.0
20200414:0500,11.62,47.6,579.4,543.63,179.15,-2.1,9.31,318.0,100470.0
20200414:0600,11.87,45.8,474.55,616.56,107.0,-1.15,8.21,314.0,100540.0
20200414:0700,11.69,44.1,276.5,475.34,75.7,-29.2,7.66,311.0,100590.0
20200414:0800,11.04,43.95,79.35,190.96,36.0,-7.5,7.03,309.0,100690.0
20200414:0900,10.11,45.4,0.4,0.0,0.4,-0.15,6.41,308.0,100800.0
20200414:1000,9.08,48.8,0.0,-0.0,0.0,-0.95,4.83,317.0,100900.0
20200414:1100,8.64,50.6,0.0,-0.0,0.0,-9.45,4.76,301.0,101030.0
20200414:1200,8.59,50.6,0.0,-0.0,0.0,-0.95,4.9,288.0,101070.0
20200414:1300,8.48,52.6,0.0,-0.0,0.0,0.55,4.34,284.0,101090.0
20200414:1400,8.66,52.6,0.0,-0.0,0.0,0.35,3.52,286.0,101100.0
20200414:1500,8.91,54.65,0.0,-0.0,0.0,1.5,2.76,278.0,101140.0
20200414:1600,8.42,59.0,0.0,-0.0,0.0,-0.55,2.0,258.0,101160.0
20200414:1700,8.13,63.6,0.0,-0.0,0.0,0.95,1.72,246.0,101200.0
20200414:1800,7.1,65.95,0.0,-0.0,0.0,0.35,1.52,247.0,101230.0
20200414:1900,6.88,71.05,0.0,-0.0,0.0,1.7,1.52,256.0,101270.0
20200414:2000,6.66,73.8,0.0,-0.0,0.0,0.0,1.52,250.0,101300.0
20200414:2100,5.89,76.55,226.65,847.88,70.7,1.15,1.79,233.0,101360.0
20200414:2200,7.1,65.95,437.6,894.87,95.5,2.9,1.86,221.0,101320.0
20200414:2300,8.59,59.0,632.95,928.51,111.45,3.65,1.86,205.0,101320.0
20200415:0000,10.38,55.05,789.35,934.87,122.4,5.2,2.21,202.0,101220.0
20200415:0100,11.62,45.8,891.25,930.19,128.55,259.05,2.97,214.0,101190.0
20200415:0200,12.84,44.35,929.35,910.02,130.45,5.8,2.83,218.0,101120.0
20200415:0300,13.72,41.35,901.3,874.7,128.65,5.4,2.69,218.0,100990.0
20200415:0400,14.26,41.5,810.15,822.12,122.95,4.6,2.62,218.0,100940.0
20200415:0500,15.88,34.65,619.3,625.96,156.85,3.25,2.34,215.0,100870.0
20200415:0600,15.36,40.2,449.05,548.73,120.55,18.35,1.66,215.0,100820.0
20200415:0700,17.49,35.05,244.2,394.21,76.65,-2.5,1.93,210.0,100820.0
20200415:0800,14.86,54.1,78.45,187.16,35.45,-1.5,1.59,276.0,100880.0
20200415:0900,15.37,46.75,0.5,0.0,0.5,-15.05,1.72,308.0,100980.0
20200415:1000,13.86,55.9,0.0,-0.0,0.0,-3.85,3.1,319.0,101070.0
20200415:1100,13.84,55.9,0.0,-0.0,0.0,-3.85,2.14,291.0,101170.0
20200415:1200,13.61,58.0,0.0,-0.0,0.0,-3.65,1.66,251.0,101170.0
20200415:1300,12.37,64.45,0.0,-0.0,0.0,-2.5,2.14,265.0,101200.0
20200415:1400,11.07,69.15,0.0,-0.0,0.0,-1.15,1.79,346.0,101270.0
20200415:1500,9.78,82.9,0.0,-0.0,0.0,6.15,3.03,32.0,101400.0
20200415:1600,9.05,85.95,0.0,-0.0,0.0,7.35,2.48,35.0,101450.0
20200415:1700,9.03,85.95,0.0,-0.0,0.0,34.6,2.28,33.0,101490.0
20200415:1800,8.49,82.75,0.0,-0.0,0.0,21.25,2.83,42.0,101550.0
20200415:1900,7.97,79.7,0.0,-0.0,0.0,-0.35,3.31,48.0,101570.0
20200415:2000,7.76,76.8,0.0,-0.0,0.0,2.7,3.59,51.0,101660.0
20200415:2100,7.11,73.9,39.5,19.1,35.9,-1.7,3.66,48.0,101740.0
20200415:2200,7.1,73.9,84.75,28.59,73.7,-0.35,2.97,34.0,101810.0
20200415:2300,7.03,71.15,130.1,2.56,128.65,-4.6,3.24,38.0,101870.0
20200416:0000,7.0,68.5,260.1,47.77,225.85,2.7,3.52,38.0,101930.0
20200416:0100,7.62,66.05,266.55,33.53,238.95,327.75,3.45,37.0,101970.0
20200416:0200,7.77,66.05,439.95,176.02,284.9,0.0,3.38,39.0,101980.0
20200416:0300,8.37,66.05,490.3,188.75,323.05,-11.95,3.45,44.0,101950.0
20200416:0400,8.57,66.15,446.65,193.69,284.25,8.9,3.86,56.0,101960.0
20200416:0500,8.79,66.15,516.25,397.29,221.75,-15.45,4.07,63.0,101960.0
20200416:0600,9.22,66.25,254.85,202.36,133.2,-7.9,4.48,69.0,101980.0
20200416:0700,8.58,66.15,121.9,149.79,57.85,-14.3,4.69,68.0,102080.0
20200416:0800,7.81,66.05,30.7,35.92,22.35,12.55,4.76,63.0,102170.0
20200416:0900,7.64,66.05,0.3,0.0,0.3,9.85,4.28,55.0,102270.0
20200416:1000,7.34,63.5,0.0,-0.0,0.0,-8.7,3.45,49.0,102340.0
20200416:1100,7.44,63.6,0.0,-0.0,0.0,-10.45,3.17,61.0,102460.0
20200416:1200,7.61,66.05,0.0,-0.0,0.0,-11.4,2.62,76.0,102500.0
20200416:1300,7.37,65.95,0.0,-0.0,0.0,6.55,1.86,81.0,102510.0
20200416:1400,7.36,63.5,0.0,-0.0,0.0,-9.05,1.17,81.0,102500.0
20200416:1500,7.11,63.5,0.0,-0.0,0.0,3.65,0.9,88.0,102520.0
20200416:1600,6.71,65.85,0.0,-0.0,0.0,14.7,0.62,90.0,102510.0
20200416:1700,6.59,68.4,0.0,-0.0,0.0,-11.4,0.76,99.0,102510.0
20200416:1800,6.46,71.05,0.0,-0.0,0.0,5.6,0.69,123.0,102540.0
20200416:1900,6.43,76.65,0.0,-0.0,0.0,-23.0,0.55,180.0,102560.0
20200416:2000,6.26,82.55,0.0,-0.0,0.0,-3.65,0.83,215.0,102620.0
20200416:2100,5.94,79.5,209.65,643.65,85.5,-5.6,0.9,209.0,102680.0
20200416:2200,6.89,68.4,377.8,634.76,129.8,6.55,1.17,184.0,102710.0
20200416:2300,7.49,58.9,562.15,687.32,170.75,7.9,1.79,156.0,102720.0
20200417:0000,8.26,58.9,744.05,814.14,157.5,-8.7,2.28,140.0,102700.0
20200417:0100,9.17,54.8,811.55,711.8,223.35,253.45,2.55,137.0,102660.0
20200417:0200,10.02,51.0,804.35,629.69,247.85,18.55,3.24,139.0,102610.0
20200417:0300,10.08,55.05,885.9,823.17,154.3,17.6,3.66,138.0,102540.0
20200417:0400,10.36,57.15,796.9,775.21,144.95,-27.05,4.48,134.0,102490.0
20200417:0500,10.75,59.5,661.2,720.22,125.55,0.35,5.1,134.0,102470.0
20200417:0600,11.1,59.6,397.95,342.2,191.4,2.7,5.24,138.0,102430.0
20200417:0700,11.01,59.6,239.35,288.27,115.35,12.35,5.24,141.0,102470.0
20200417:0800,10.68,61.75,73.75,106.72,48.65,-8.7,4.76,136.0,102410.0
20200417:0900,10.38,64.0,0.8,0.0,0.8,-4.8,4.14,147.0,102470.0
20200417:1000,10.06,66.45,0.0,-0.0,0.0,3.65,3.79,156.0,102520.0
20200417:1100,10.16,69.0,0.0,-0.0,0.0,11.0,3.66,159.0,102530.0
20200417:1200,10.13,69.0,0.0,-0.0,0.0,2.9,3.66,169.0,102540.0
20200417:1300,9.78,71.5,0.0,-0.0,0.0,15.65,3.79,176.0,102490.0
20200417:1400,9.83,74.2,0.0,-0.0,0.0,18.35,3.38,177.0,102380.0
20200417:1500,9.84,77.0,0.0,-0.0,0.0,-5.2,3.24,189.0,102340.0
20200417:1600,9.91,79.9,0.0,-0.0,0.0,10.45,3.24,193.0,102250.0
20200417:1700,10.26,79.95,0.0,-0.0,0.0,17.6,3.24,192.0,102200.0
20200417:1800,10.83,80.05,0.0,-0.0,0.0,-4.6,3.45,183.0,102140.0
20200417:1900,11.08,80.1,0.0,-0.0,0.0,14.9,4.0,178.0,102090.0
20200417:2000,11.01,80.1,0.0,-0.0,0.0,-1.15,4.34,174.0,102110.0
20200417:2100,10.48,83.0,46.55,0.0,46.55,3.25,4.62,169.0,102130.0
20200417:2200,10.69,83.0,90.9,0.0,90.9,-3.65,5.03,167.0,102060.0
20200417:2300,10.43,83.0,198.6,8.11,193.95,-0.15,5.52,163.0,102040.0
20200418:0000,10.54,83.0,154.7,7.74,149.1,-11.2,5.72,150.0,101930.0
20200418:0100,10.49,83.0,184.3,15.55,171.4,336.85,5.86,136.0,101750.0
20200418:0200,10.72,83.0,120.0,0.9,119.2,0.35,6.9,141.0,101610.0
20200418:0300,10.85,89.25,142.45,2.41,140.3,5.2,7.59,144.0,101490.0
20200418:0400,12.19,86.2,59.7,0.12,59.6,8.1,8.21,138.0,101290.0
20200418:0500,11.62,89.3,48.45,1.01,47.7,4.05,8.97,132.0,101090.0
20200418:0600,11.04,92.55,13.35,0.0,13.35,0.15,9.86,126.0,100870.0
20200418:0700,10.52,89.25,14.2,0.0,14.2,-0.15,10.62,117.0,100650.0
20200418:0800,10.11,89.2,8.15,0.0,8.15,0.55,9.86,110.0,100500.0
20200418:0900,10.69,86.05,0.35,0.0,0.35,1.5,10.76,112.0,100150.0
20200418:1000,11.73,92.55,0.0,-0.0,0.0,-3.05,12.97,127.0,99830.0
20200418:1100,12.19,95.95,0.0,-0.0,0.0,9.05,7.79,137.0,99860.0
20200418:1200,11.74,92.55,0.0,-0.0,0.0,-0.55,2.9,178.0,99900.0
20200418:1300,10.8,83.0,0.0,-0.0,0.0,-42.55,5.66,258.0,99910.0
20200418:1400,10.69,80.05,0.0,-0.0,0.0,-19.5,7.45,265.0,99910.0
20200418:1500,10.62,80.05,0.0,-0.0,0.0,-18.15,8.48,270.0,99900.0
20200418:1600,10.81,77.15,0.0,-0.0,0.0,25.5,8.69,278.0,99910.0
20200418:1700,10.92,80.05,0.0,-0.0,0.0,13.35,8.83,291.0,100010.0
20200418:1800,10.87,80.05,0.0,-0.0,0.0,2.9,9.52,304.0,100120.0
20200418:1900,10.63,77.15,0.0,-0.0,0.0,20.3,10.14,311.0,100270.0
20200418:2000,10.73,77.15,0.0,-0.0,0.0,-3.85,10.41,313.0,100430.0
20200418:2100,10.49,74.4,95.15,161.22,62.65,-3.25,10.62,315.0,100630.0
20200418:2200,10.47,71.7,142.05,138.27,86.9,-5.0,9.03,320.0,100810.0
20200418:2300,10.51,71.7,208.55,116.03,141.6,-1.15,8.76,316.0,101000.0
20200419:0000,10.89,74.4,250.2,153.12,138.85,0.35,11.52,336.0,101180.0
20200419:0100,11.32,74.45,293.35,148.47,169.75,332.0,11.03,347.0,101340.0
20200419:0200,11.64,74.55,317.05,143.36,189.55,5.4,10.34,355.0,101460.0
20200419:0300,11.0,77.2,250.0,82.72,176.05,-3.85,9.31,354.0,101540.0
20200419:0400,11.12,77.2,215.55,76.13,151.15,3.25,8.97,355.0,101650.0
20200419:0500,10.84,80.05,167.35,62.26,120.75,3.05,8.69,357.0,101760.0
20200419:0600,10.64,83.0,61.8,0.99,61.2,-2.7,8.76,359.0,101820.0
20200419:0700,10.36,86.0,41.1,2.53,40.0,4.8,8.34,356.0,101870.0
20200419:0800,9.76,85.95,12.6,0.62,12.45,-2.1,8.55,5.0,101890.0
20200419:0900,9.55,85.95,0.2,0.0,0.2,0.75,7.79,15.0,101940.0
20200419:1000,9.37,89.1,0.0,-0.0,0.0,1.35,5.93,14.0,102020.0
20200419:1100,9.37,89.1,0.0,-0.0,0.0,0.75,5.66,23.0,102090.0
20200419:1200,9.28,89.1,0.0,-0.0,0.0,-1.35,5.17,28.0,102180.0
20200419:1300,8.82,89.1,0.0,-0.0,0.0,0.0,5.1,33.0,102180.0
20200419:1400,8.64,89.1,0.0,-0.0,0.0,-2.9,4.69,38.0,102120.0
20200419:1500,8.46,89.1,0.0,-0.0,0.0,3.85,4.0,40.0,102090.0
20200419:1600,8.48,89.1,0.0,-0.0,0.0,-0.55,3.17,42.0,102000.0
20200419:1700,8.54,89.1,0.0,-0.0,0.0,1.15,2.55,45.0,101940.0
20200419:1800,8.4,92.4,0.0,-0.0,0.0,-0.55,2.0,52.0,101850.0
20200419:1900,8.23,92.4,0.0,-0.0,0.0,-1.5,1.1,54.0,101790.0
20200419:2000,8.11,95.8,5.3,0.0,5.3,0.55,0.69,68.0,101730.0
20200419:2100,7.85,95.8,18.6,0.0,18.6,1.7,0.48,77.0,101720.0
20200419:2200,7.83,95.8,40.0,0.0,40.0,1.35,0.28,288.0,101710.0
20200419:2300,8.32,95.8,54.75,0.0,54.75,0.75,0.34,218.0,101660.0
20200420:0000,8.33,99.4,103.65,3.22,101.3,0.0,1.24,184.0,101590.0
20200420:0100,9.25,92.45,121.6,0.0,121.6,345.95,2.34,171.0,101510.0
20200420:0200,9.15,92.45,258.95,36.21,226.65,3.25,3.52,160.0,101350.0
20200420:0300,10.07,89.2,216.7,63.3,159.95,-0.15,3.93,165.0,101180.0
20200420:0400,10.67,92.5,254.6,53.16,209.5,3.05,4.62,168.0,101080.0
20200420:0500,10.64,95.9,180.05,82.17,118.35,5.95,4.07,176.0,101000.0
20200420:0600,11.49,92.55,90.1,5.73,86.6,-14.7,4.34,181.0,100830.0
20200420:0700,11.59,92.55,61.9,11.77,56.75,10.25,4.55,186.0,100770.0
20200420:0800,11.65,92.55,33.1,41.73,22.95,4.25,4.34,190.0,100660.0
20200420:0900,11.48,92.55,0.6,0.0,0.6,-9.65,3.52,198.0,100630.0
20200420:1000,11.25,95.9,0.0,-0.0,0.0,-20.7,1.79,222.0,100680.0
20200420:1100,10.99,92.55,0.0,-0.0,0.0,11.95,1.45,256.0,100710.0
20200420:1200,10.83,95.9,0.0,-0.0,0.0,11.2,1.79,269.0,100750.0
20200420:1300,10.27,92.5,0.0,-0.0,0.0,-23.0,2.0,276.0,100700.0
20200420:1400,9.82,92.45,0.0,-0.0,0.0,-28.05,2.07,274.0,100720.0
20200420:1500,9.85,92.45,0.0,-0.0,0.0,-21.05,2.21,274.0,100690.0
20200420:1600,10.38,86.0,0.0,-0.0,0.0,-7.35,2.69,280.0,100690.0
20200420:1700,10.4,86.0,0.0,-0.0,0.0,-5.4,2.9,286.0,100700.0
20200420:1800,10.29,82.95,0.0,-0.0,0.0,-2.5,2.9,285.0,100690.0
20200420:1900,9.68,82.9,0.0,-0.0,0.0,17.8,2.9,281.0,100740.0
20200420:2000,9.22,85.95,38.15,0.0,38.15,-1.9,2.83,282.0,100730.0
20200420:2100,9.85,85.95,170.95,321.85,103.35,8.5,2.83,281.0,100800.0
20200420:2200,11.94,74.6,208.65,139.9,151.75,5.0,1.38,283.0,100820.0
20200420:2300,11.86,80.15,313.6,184.0,206.1,30.35,1.03,269.0,100800.0
20200421:0000,11.72,77.3,365.2,159.61,248.1,-3.45,1.52,234.0,100820.0
20200421:0100,13.39,72.1,423.3,189.88,264.1,332.4,2.97,195.0,100770.0
20200421:0200,14.26,67.25,599.35,278.39,350.25,7.9,3.93,180.0,100710.0
20200421:0300,14.92,64.95,301.1,69.3,238.8,-4.05,3.79,165.0,100660.0
20200421:0400,14.42,72.3,289.9,45.44,251.25,18.75,2.97,171.0,100690.0
20200421:0500,13.82,74.85,171.75,11.02,163.45,7.5,2.28,186.0,100670.0
20200421:0600,13.29,77.5,111.3,8.73,105.95,-5.6,1.52,226.0,100600.0
20200421:0700,12.22,80.2,61.1,19.88,52.35,-0.35,1.45,279.0,100640.0
20200421:0800,12.49,77.45,17.65,6.1,16.15,-3.85,1.66,310.0,100640.0
20200421:0900,12.2,77.35,0.35,0.0,0.35,1.35,1.66,326.0,100670.0
20200421:1000,12.39,71.95,0.0,-0.0,0.0,-9.25,1.86,327.0,100730.0
20200421:1100,11.85,74.55,0.0,-0.0,0.0,6.95,1.66,354.0,100790.0
20200421:1200,11.75,74.55,0.0,-0.0,0.0,-1.9,2.21,6.0,100790.0
20200421:1300,11.3,74.45,0.0,-0.0,0.0,-4.6,1.72,25.0,100760.0
20200421:1400,10.89,74.4,0.0,-0.0,0.0,-1.5,1.31,3.0,100760.0
20200421:1500,10.49,74.4,0.0,-0.0,0.0,1.15,0.83,24.0,100720.0
20200421:1600,9.97,77.1,0.0,-0.0,0.0,-0.75,0.48,81.0,100620.0
20200421:1700,9.63,79.9,0.0,-0.0,0.0,-1.15,0.34,121.0,100580.0
20200421:1800,9.25,82.85,0.0,-0.0,0.0,-2.1,1.38,142.0,100500.0
20200421:1900,9.24,82.85,0.0,-0.0,0.0,0.75,1.86,158.0,100430.0
20200421:2000,9.4,82.85,13.05,0.0,13.05,0.35,2.41,170.0,100430.0
20200421:2100,9.56,79.9,62.5,24.05,57.35,-1.15,2.9,183.0,100440.0
20200421:2200,10.61,71.7,113.25,20.83,104.7,-2.3,3.1,170.0,100430.0
20200421:2300,11.24,64.25,135.8,23.14,122.2,0.15,3.17,193.0,100400.0
20200422:0000,11.72,62.0,258.5,96.63,187.3,-2.1,2.55,228.0,100420.0
20200422:0100,11.03,55.3,417.55,183.77,262.95,321.35,3.93,279.0,100490.0
20200422:0200,10.6,51.1,477.5,206.66,292.05,-15.25,3.93,300.0,100470.0
20200422:0300,10.71,49.2,406.9,140.45,280.3,4.05,4.55,304.0,100430.0
20200422:0400,10.96,43.95,372.05,184.24,214.9,8.1,4.83,302.0,100430.0
20200422:0500,10.92,45.55,265.25,56.46,222.6,5.95,5.66,304.0,100470.0
20200422:0600,10.15,47.2,319.6,331.37,115.65,-6.15,6.62,303.0,100510.0
20200422:0700,10.0,45.4,210.9,291.24,82.0,-28.6,6.97,306.0,100560.0
20200422:0800,9.86,50.85,68.2,115.06,39.6,-6.35,6.21,307.0,100580.0
20200422:0900,9.6,50.85,1.7,0.0,1.7,-6.35,5.93,304.0,100630.0
20200422:1000,8.86,56.8,0.0,-0.0,0.0,-22.45,4.34,320.0,100740.0
20200422:1100,8.52,59.0,0.0,-0.0,0.0,-10.6,4.07,321.0,100800.0
20200422:1200,8.08,61.2,0.0,-0.0,0.0,-4.6,3.31,309.0,100870.0
20200422:1300,7.87,63.6,0.0,-0.0,0.0,4.8,3.1,300.0,100850.0
20200422:1400,7.82,63.6,0.0,-0.0,0.0,6.95,2.76,291.0,100830.0
20200422:1500,7.64,61.2,0.0,-0.0,0.0,2.5,2.21,269.0,100840.0
20200422:1600,7.42,63.6,0.0,-0.0,0.0,0.35,2.21,256.0,100800.0
20200422:1700,7.49,63.6,0.0,-0.0,0.0,8.1,2.07,240.0,100750.0
20200422:1800,7.69,66.05,0.0,-0.0,0.0,11.2,2.28,229.0,100780.0
20200422:1900,7.29,68.5,0.0,-0.0,0.0,-26.9,2.48,229.0,100770.0
20200422:2000,7.01,65.95,34.5,0.0,34.5,0.55,2.69,230.0,100790.0
20200422:2100,6.72,68.4,255.85,813.91,78.25,-2.9,2.83,232.0,100820.0
20200422:2200,9.08,52.7,471.0,888.36,102.95,-0.95,2.83,233.0,100760.0
20200422:2300,9.5,45.25,562.65,625.94,192.6,0.95,3.72,255.0,100760.0
20200423:0000,10.85,38.95,639.65,582.8,208.45,54.15,4.0,268.0,100770.0
20200423:0100,11.57,36.3,798.8,668.23,234.8,296.6,4.48,280.0,100740.0
20200423:0200,12.36,35.05,795.85,554.67,296.7,-13.7,4.41,286.0,100690.0
20200423:0300,13.06,32.65,766.0,616.39,208.95,0.15,4.41,281.0,100630.0
20200423:0400,12.85,33.8,647.15,491.69,226.65,-1.35,4.55,275.0,100590.0
20200423:0500,13.14,33.95,573.95,489.85,202.8,13.5,3.66,268.0,100580.0
20200423:0600,13.03,36.7,370.0,357.01,149.45,-5.2,1.45,248.0,100530.0
20200423:0700,12.82,41.1,153.1,104.27,106.7,2.3,1.59,214.0,100570.0
20200423:0800,12.18,47.75,45.8,42.4,35.15,18.95,1.31,200.0,100670.0
20200423:0900,11.63,51.35,1.8,3.03,1.65,-13.7,2.28,240.0,100730.0
20200423:1000,10.53,59.5,0.0,-0.0,0.0,-15.85,1.45,230.0,100770.0
20200423:1100,9.84,61.55,0.0,-0.0,0.0,-18.75,1.72,282.0,100860.0
20200423:1200,9.64,61.55,0.0,-0.0,0.0,-6.95,1.59,284.0,100920.0
20200423:1300,9.24,61.45,0.0,-0.0,0.0,-6.95,2.48,287.0,100990.0
20200423:1400,8.91,63.7,0.0,-0.0,0.0,-3.05,2.83,288.0,101030.0
20200423:1500,8.46,66.15,0.0,-0.0,0.0,-3.45,2.62,288.0,101020.0
20200423:1600,8.36,68.6,0.0,-0.0,0.0,-2.1,2.28,288.0,101060.0
20200423:1700,8.13,66.05,0.0,-0.0,0.0,-1.35,1.45,279.0,101080.0
20200423:1800,7.6,66.05,0.0,-0.0,0.0,-0.35,1.45,268.0,101120.0
20200423:1900,7.52,66.05,0.0,-0.0,0.0,1.7,1.79,261.0,101110.0
20200423:2000,7.71,68.6,35.8,0.0,35.8,7.5,1.66,250.0,101150.0
20200423:2100,6.9,65.95,262.85,828.37,78.8,-7.35,1.1,240.0,101180.0
20200423:2200,8.1,58.9,470.45,873.12,105.5,5.4,0.28,192.0,101160.0
20200423:2300,8.8,54.65,549.8,624.07,178.75,7.5,1.24,282.0,101180.0
20200424:0000,9.92,47.2,668.2,600.25,222.3,23.6,2.69,287.0,101190.0
20200424:0100,10.57,42.15,674.05,448.78,294.05,289.45,2.14,302.0,101180.0
20200424:0200,11.52,42.4,665.75,518.18,198.15,16.05,2.0,293.0,101150.0
20200424:0300,11.34,47.45,657.55,484.42,218.65,-19.35,0.76,270.0,101090.0
20200424:0400,11.02,51.25,345.25,209.35,165.75,8.5,1.66,107.0,101060.0
20200424:0500,10.17,52.95,339.4,259.51,142.2,13.35,3.59,115.0,101070.0
20200424:0600,10.21,64.0,224.6,102.66,160.95,1.9,3.79,122.0,101040.0
20200424:0700,9.39,74.15,113.4,74.43,80.1,12.55,2.69,130.0,101080.0
20200424:0800,8.85,82.75,43.45,33.29,35.0,-4.45,2.0,154.0,101110.0
20200424:0900,9.1,76.95,1.2,0.0,1.2,-10.8,1.66,165.0,101170.0
20200424:1000,8.93,76.95,0.0,-0.0,0.0,8.1,1.17,189.0,101220.0
20200424:1100,8.55,79.75,0.0,-0.0,0.0,0.75,1.03,198.0,101290.0
20200424:1200,8.29,82.7,0.0,-0.0,0.0,-6.55,1.45,213.0,101360.0
20200424:1300,7.97,82.7,0.0,-0.0,0.0,0.95,1.1,247.0,101360.0
20200424:1400,7.5,85.85,0.0,-0.0,0.0,-4.45,1.1,256.0,101360.0
20200424:1500,7.09,85.8,0.0,-0.0,0.0,-7.7,0.97,254.0,101380.0
20200424:1600,7.08,89.0,0.0,-0.0,0.0,0.55,0.9,240.0,101400.0
20200424:1700,6.82,89.0,0.0,-0.0,0.0,-13.9,1.03,240.0,101420.0
20200424:1800,6.34,82.55,0.0,-0.0,0.0,-28.45,1.45,237.0,101520.0
20200424:1900,5.58,82.5,0.0,-0.0,0.0,-6.35,1.79,234.0,101550.0
20200424:2000,5.39,79.4,36.85,0.0,36.85,-6.95,2.07,232.0,101640.0
20200424:2100,6.74,79.55,267.6,831.75,79.55,-0.95,2.83,232.0,101720.0
20200424:2200,8.26,76.8,475.15,884.15,102.4,2.5,1.66,224.0,101730.0
20200424:2300,8.61,71.35,662.65,909.84,118.7,4.45,2.07,211.0,101740.0
20200425:0000,10.24,59.35,784.8,837.25,160.4,4.8,2.76,189.0,101730.0
20200425:0100,11.93,51.35,642.9,439.68,269.45,265.25,3.59,191.0,101690.0
20200425:0200,13.01,42.8,644.0,368.75,310.35,34.25,4.07,215.0,101650.0
20200425:0300,14.4,39.95,533.15,246.51,309.25,18.55,3.72,194.0,101580.0
20200425:0400,14.75,38.55,587.05,355.8,281.2,10.45,4.28,166.0,101500.0
20200425:0500,15.21,45.05,548.85,376.42,262.0,-6.15,5.52,169.0,101500.0
20200425:0600,15.38,50.35,495.1,625.45,105.9,-9.25,6.14,169.0,101430.0
20200425:0700,15.16,50.35,292.95,473.09,80.15,-34.05,6.76,176.0,101450.0
20200425:0800,14.63,50.25,97.6,208.26,44.2,-1.9,7.1,180.0,101480.0
20200425:0900,14.19,52.0,2.8,6.33,2.45,-1.7,7.38,186.0,101560.0
20200425:1000,13.82,55.9,0.0,-0.0,0.0,-1.7,6.83,194.0,101620.0
20200425:1100,13.57,58.0,0.0,-0.0,0.0,-2.3,6.14,200.0,101680.0
20200425:1200,13.19,60.05,0.0,-0.0,0.0,-0.55,5.59,201.0,101720.0
20200425:1300,12.54,64.55,0.0,-0.0,0.0,-1.35,5.1,201.0,101690.0
20200425:1400,11.96,66.85,0.0,-0.0,0.0,-1.5,5.17,201.0,101680.0
20200425:1500,11.57,69.25,0.0,-0.0,0.0,-0.95,5.03,202.0,101580.0
20200425:1600,10.9,74.4,0.0,-0.0,0.0,-0.75,4.76,203.0,101500.0
20200425:1700,10.93,77.15,0.0,-0.0,0.0,0.15,4.62,205.0,101400.0
20200425:1800,10.78,77.15,0.0,-0.0,0.0,-0.55,4.62,211.0,101360.0
20200425:1900,10.75,80.05,0.0,-0.0,0.0,-2.1,4.55,214.0,101330.0
20200425:2000,10.53,77.15,37.2,0.0,37.2,-0.95,4.28,217.0,101320.0
20200425:2100,10.42,79.95,269.95,835.94,77.75,-1.15,4.07,217.0,101340.0
20200425:2200,11.63,71.85,478.55,888.68,100.75,0.75,3.31,218.0,101280.0
20200425:2300,12.34,64.45,668.85,922.18,114.55,5.4,3.45,210.0,101230.0
20200426:0000,14.44,60.3,819.5,929.58,123.6,5.2,3.79,208.0,101260.0
20200426:0100,16.07,50.6,910.8,902.52,141.9,279.15,3.52,207.0,101250.0
20200426:0200,17.05,43.9,676.1,499.25,223.2,6.15,2.97,207.0,101210.0
20200426:0300,17.15,42.3,660.75,517.08,189.95,18.35,2.48,210.0,101150.0
20200426:0400,16.74,43.8,422.3,281.64,179.6,16.45,1.38,204.0,101130.0
20200426:0500,14.25,69.75,428.95,350.58,161.05,8.7,0.76,281.0,101150.0
20200426:0600,16.44,62.95,313.9,282.15,137.7,-1.15,2.41,1.0,101150.0
20200426:0700,16.89,65.35,182.1,199.48,91.9,-14.5,2.76,358.0,101230.0
20200426:0800,15.84,77.85,40.0,33.78,31.25,15.65,2.76,1.0,101270.0
20200426:0900,15.29,75.1,1.35,0.0,1.35,8.5,2.34,357.0,101290.0
20200426:1000,13.5,72.2,0.0,-0.0,0.0,-2.1,3.03,338.0,101410.0
20200426:1100,13.55,72.2,0.0,-0.0,0.0,1.7,2.62,332.0,101430.0
20200426:1200,13.79,72.2,0.0,-0.0,0.0,7.15,2.14,338.0,101470.0
20200426:1300,12.88,77.45,0.0,-0.0,0.0,-3.25,1.45,340.0,101520.0
20200426:1400,12.28,80.2,0.0,-0.0,0.0,-8.7,1.59,344.0,101560.0
20200426:1500,11.71,80.15,0.0,-0.0,0.0,7.15,0.76,346.0,101530.0
20200426:1600,11.09,80.1,0.0,-0.0,0.0,-7.7,0.62,7.0,101480.0
20200426:1700,10.39,86.0,0.0,-0.0,0.0,-12.75,1.31,347.0,101510.0
20200426:1800,9.81,89.15,0.0,-0.0,0.0,-21.45,1.86,348.0,101560.0
20200426:1900,8.67,89.1,0.0,-0.0,0.0,-15.65,1.52,338.0,101600.0
20200426:2000,8.44,89.1,36.85,0.0,36.85,-8.5,1.45,325.0,101640.0
20200426:2100,9.36,92.45,249.7,730.06,79.1,-5.8,1.17,321.0,101730.0
20200426:2200,10.63,80.05,398.4,654.95,117.7,8.3,1.17,336.0,101740.0
20200426:2300,10.72,74.4,524.85,517.12,212.4,5.8,1.93,350.0,101760.0
20200427:0000,11.39,66.65,696.05,700.17,169.95,17.95,2.14,344.0,101790.0
20200427:0100,11.84,59.7,748.85,635.26,206.05,276.45,2.21,352.0,101750.0
20200427:0200,12.62,53.6,764.05,552.2,261.85,2.3,2.14,5.0,101700.0
20200427:0300,13.4,49.85,872.6,784.75,156.4,17.95,2.0,26.0,101670.0
20200427:0400,14.18,44.75,733.0,638.34,181.6,-10.8,1.86,52.0,101670.0
20200427:0500,13.83,48.15,575.9,576.3,134.3,-8.3,1.38,90.0,101670.0
20200427:0600,13.35,55.75,441.0,465.96,149.0,0.35,2.34,129.0,101660.0
20200427:0700,12.71,62.2,270.75,412.4,83.3,10.25,2.62,137.0,101650.0
20200427:0800,12.32,69.35,98.15,200.13,45.8,-0.75,2.55,144.0,101690.0
20200427:0900,11.81,77.3,3.4,6.56,3.0,-11.4,1.86,150.0,101750.0
20200427:1000,11.55,80.15,0.0,-0.0,0.0,-5.2,1.79,131.0,101860.0
20200427:1100,11.72,80.15,0.0,-0.0,0.0,-3.45,1.79,106.0,101860.0
20200427:1200,11.41,80.1,0.0,-0.0,0.0,7.9,1.03,130.0,101930.0
20200427:1300,10.65,83.0,0.0,-0.0,0.0,-11.0,0.76,232.0,101950.0
20200427:1400,10.17,86.0,0.0,-0.0,0.0,5.8,1.24,272.0,101980.0
20200427:1500,7.38,92.35,0.0,-0.0,0.0,1.7,1.03,268.0,101950.0
20200427:1600,8.47,92.4,0.0,-0.0,0.0,28.45,0.97,262.0,101920.0
20200427:1700,7.72,89.05,0.0,-0.0,0.0,-18.95,0.76,260.0,101890.0
20200427:1800,7.17,92.35,0.0,-0.0,0.0,13.9,0.83,260.0,101850.0
20200427:1900,8.68,92.4,0.0,-0.0,0.0,-33.45,1.1,256.0,101870.0
20200427:2000,8.34,92.4,38.3,0.0,38.3,0.35,1.17,257.0,101890.0
20200427:2100,7.7,89.05,234.65,624.37,86.45,-2.3,0.97,247.0,101910.0
20200427:2200,8.41,82.75,422.3,689.88,124.3,8.7,0.55,233.0,101920.0
20200427:2300,9.15,85.95,500.9,531.88,177.9,0.15,0.97,164.0,101900.0
20200428:0000,10.59,77.15,581.0,456.31,236.9,15.45,1.31,178.0,101880.0
20200428:0100,12.22,69.35,602.35,377.23,279.1,296.4,1.66,169.0,101880.0
20200428:0200,12.46,59.95,842.85,689.98,213.8,3.85,1.86,173.0,101790.0
20200428:0300,12.63,59.95,744.65,547.2,244.1,-2.9,1.59,143.0,101710.0
20200428:0400,12.82,62.2,666.8,558.58,183.15,2.1,2.28,128.0,101670.0
20200428:0500,12.83,66.95,569.3,514.63,173.9,-7.9,2.41,151.0,101700.0
20200428:0600,11.91,77.3,390.05,403.05,136.6,-2.3,3.45,162.0,101660.0
20200428:0700,11.89,83.1,239.35,321.43,92.5,29.2,2.14,170.0,101650.0
20200428:0800,12.69,77.45,89.3,177.93,42.3,-29.2,0.62,260.0,101650.0
20200428:0900,11.26,80.1,3.4,6.27,3.0,3.65,0.69,199.0,101750.0
20200428:1000,12.35,74.6,0.0,-0.0,0.0,-11.0,0.9,13.0,101840.0
20200428:1100,10.51,80.05,0.0,-0.0,0.0,-9.65,0.41,156.0,101890.0
20200428:1200,10.46,80.05,0.0,-0.0,0.0,15.05,0.9,234.0,101960.0
20200428:1300,10.69,80.05,0.0,-0.0,0.0,-13.7,1.31,241.0,101940.0
20200428:1400,9.5,82.9,0.0,-0.0,0.0,0.35,1.59,253.0,101940.0
20200428:1500,8.11,89.05,0.0,-0.0,0.0,4.6,1.72,247.0,101920.0
20200428:1600,8.12,89.05,0.0,-0.0,0.0,11.6,1.66,244.0,101900.0
20200428:1700,8.56,89.1,0.0,-0.0,0.0,11.4,1.17,245.0,101900.0
20200428:1800,8.45,85.9,0.0,-0.0,0.0,-7.5,1.31,246.0,101900.0
20200428:1900,8.68,82.75,0.0,-0.0,0.0,-40.8,1.31,247.0,101910.0
20200428:2000,7.37,85.8,88.8,1206.05,39.8,-1.9,1.45,244.0,101910.0
20200428:2100,8.72,82.75,278.2,822.54,80.0,-2.9,2.41,236.0,101950.0
20200428:2200,9.56,74.2,462.45,764.49,129.7,3.65,2.07,226.0,101950.0
20200428:2300,10.22,66.45,554.65,519.52,237.6,6.15,2.14,207.0,101920.0
20200429:0000,12.08,53.5,572.85,449.71,232.55,24.75,2.62,203.0,101870.0
20200429:0100,13.5,50.0,842.25,737.19,208.8,302.0,2.9,200.0,101870.0
20200429:0200,15.47,45.05,897.2,810.83,156.2,-5.2,3.38,187.0,101760.0
20200429:0300,16.4,43.65,906.35,836.66,139.3,-12.55,4.21,184.0,101640.0
20200429:0400,17.23,36.4,676.45,481.71,258.4,6.35,4.48,197.0,101540.0
20200429:0500,17.96,32.65,551.9,532.29,141.85,32.1,3.24,204.0,101470.0
20200429:0600,18.03,38.1,457.5,537.36,118.45,-2.3,2.07,197.0,101430.0
20200429:0700,17.97,45.7,291.65,456.04,82.25,-11.0,1.38,226.0,101500.0
20200429:0800,18.71,39.55,105.2,221.04,46.25,-14.1,2.07,273.0,101580.0
20200429:0900,17.8,39.4,4.25,9.75,3.6,-5.2,2.97,280.0,101700.0
20200429:1000,16.63,43.8,0.0,-0.0,0.0,-4.25,3.45,267.0,101790.0
20200429:1100,15.79,52.4,0.0,-0.0,0.0,-3.25,2.41,257.0,101910.0
20200429:1200,15.32,56.25,0.0,-0.0,0.0,-3.85,2.28,245.0,101940.0
20200429:1300,14.33,62.55,0.0,-0.0,0.0,6.75,1.72,235.0,101980.0
20200429:1400,13.09,69.55,0.0,-0.0,0.0,-8.7,1.1,240.0,102040.0
20200429:1500,11.97,74.6,0.0,-0.0,0.0,-3.65,0.97,253.0,102050.0
20200429:1600,10.8,83.0,0.0,-0.0,0.0,-1.35,1.03,263.0,102070.0
20200429:1700,10.16,86.0,0.0,-0.0,0.0,-2.3,1.1,267.0,102120.0
20200429:1800,9.7,89.15,0.0,-0.0,0.0,-1.35,1.17,266.0,102160.0
20200429:1900,9.38,92.45,0.0,-0.0,0.0,-8.5,1.24,267.0,102200.0
20200429:2000,9.22,92.45,81.0,712.33,49.35,1.7,1.31,266.0,102240.0
20200429:2100,9.21,92.45,260.8,685.52,93.2,12.75,1.52,259.0,102270.0
20200429:2200,10.72,83.0,484.1,873.93,100.9,9.65,1.03,241.0,102290.0
20200429:2300,11.62,74.55,667.65,897.27,117.45,-13.9,1.03,167.0,102260.0
20200430:0000,12.82,72.05,812.25,903.76,126.05,9.25,1.86,132.0,102230.0
20200430:0100,13.76,67.15,789.1,598.37,273.55,285.0,2.83,126.0,102220.0
20200430:0200,14.56,62.65,727.2,395.36,365.05,25.9,4.0,130.0,102170.0
20200430:0300,15.58,58.45,781.05,538.09,286.65,10.45,4.69,136.0,102100.0
20200430:0400,16.03,56.5,755.45,637.04,201.35,0.0,5.17,140.0,101980.0
20200430:0500,16.68,58.7,597.35,540.63,179.8,2.7,5.17,142.0,101930.0
20200430:0600,16.76,63.05,449.3,534.86,110.7,5.6,4.97,146.0,101810.0
20200430:0700,16.81,65.35,286.15,438.5,83.8,-19.7,4.14,147.0,101780.0
20200430:0800,16.63,63.05,104.1,213.02,46.75,-3.65,4.14,142.0,101720.0
20200430:0900,16.37,70.1,4.6,9.36,3.95,-1.9,3.86,155.0,101700.0
20200430:1000,16.29,75.25,0.0,-0.0,0.0,-0.35,3.66,180.0,101700.0
20200430:1100,15.95,77.85,0.0,-0.0,0.0,0.0,3.24,197.0,101710.0
20200430:1200,15.91,77.85,0.0,-0.0,0.0,-0.95,3.17,200.0,101720.0
20200430:1300,15.62,77.85,0.0,-0.0,0.0,0.35,3.24,205.0,101670.0
20200430:1400,15.36,80.6,0.0,-0.0,0.0,-1.35,3.24,210.0,101650.0
20200430:1500,14.71,80.55,0.0,-0.0,0.0,-2.1,3.31,206.0,101590.0
20200430:1600,11.68,93.72,0.0,-0.0,0.0,15.23,1.67,207.0,101540.0
20200430:1700,12.14,91.08,0.0,-0.0,0.0,16.18,2.03,211.0,101500.0
20200430:1800,12.6,88.44,0.0,-0.0,0.0,17.13,2.39,212.0,101450.0
20200430:1900,13.05,85.8,0.0,-0.0,0.0,18.08,2.75,223.0,101440.0
20200430:2000,13.51,83.16,65.8,385.2,47.25,19.04,3.11,229.0,101450.0
20200430:2100,13.96,80.52,157.5,125.64,126.35,19.99,3.46,239.0,101520.0
20200430:2200,14.42,77.88,251.3,99.29,207.45,20.94,3.82,251.0,101550.0
20200430:2300,14.88,75.24,309.2,67.12,267.85,21.89,4.18,212.0,101520.0
20110501:0000,15.33,72.61,608.55,401.31,303.85,22.84,4.54,185.0,100630.0
20110501:0100,15.79,69.97,605.4,268.63,373.95,23.8,4.89,194.0,100550.0
20110501:0200,16.24,67.33,689.0,386.03,335.4,24.75,5.25,201.0,100470.0
20110501:0300,16.7,64.69,799.25,586.04,260.8,25.7,5.61,202.0,100340.0
20110501:0400,17.16,62.05,774.25,616.69,237.85,26.65,5.97,202.0,100250.0
20110501:0500,17.61,59.41,592.35,510.46,198.1,27.61,6.33,206.0,100180.0
20110501:0600,18.07,56.77,465.7,559.18,111.7,28.56,6.68,199.0,100080.0
20110501:0700,18.52,54.13,228.95,212.48,130.9,29.51,7.04,196.0,100020.0
20110501:0800,17.05,65.35,71.6,48.84,58.45,5.4,6.28,199.0,99990.0
20110501:0900,16.19,67.65,2.1,0.0,2.1,2.9,6.76,201.0,99910.0
20110501:1000,15.83,70.0,0.0,-0.0,0.0,18.95,6.83,202.0,99850.0
20110501:1100,15.37,72.45,0.0,-0.0,0.0,0.95,7.52,211.0,99840.0
20110501:1200,15.89,72.55,0.0,-0.0,0.0,0.55,6.69,221.0,99800.0
20110501:1300,15.83,72.55,0.0,-0.0,0.0,11.2,4.76,254.0,99850.0
20110501:1400,16.37,60.75,0.0,-0.0,0.0,3.05,8.14,288.0,99920.0
20110501:1500,15.61,50.5,0.0,-0.0,0.0,-21.65,9.1,279.0,99930.0
20110501:1600,15.35,54.25,0.0,-0.0,0.0,-54.95,8.97,272.0,99940.0
20110501:1700,14.65,52.15,0.0,-0.0,0.0,-24.15,9.17,271.0,100010.0
20110501:1800,14.48,50.25,0.0,-0.0,0.0,-5.4,9.31,268.0,100140.0
20110501:1900,14.46,50.25,0.0,-0.0,0.0,-0.95,9.31,263.0,100200.0
20110501:2000,13.43,53.85,95.05,1055.92,44.2,2.7,9.17,261.0,100290.0
20110501:2100,13.21,55.75,276.15,714.12,99.1,2.1,8.62,260.0,100390.0
20110501:2200,13.55,53.85,424.2,552.4,180.25,4.45,8.14,258.0,100510.0
20110501:2300,13.47,51.9,532.0,515.32,214.55,10.6,7.52,262.0,100580.0
20110502:0000,13.71,48.15,711.95,622.64,237.65,13.7,6.76,269.0,100570.0
20110502:0100,14.24,48.25,764.0,576.97,265.6,292.7,7.1,277.0,100630.0
20110502:0200,15.1,45.05,820.7,620.01,251.5,5.8,7.03,280.0,100610.0
20110502:0300,15.59,45.15,686.9,540.86,188.9,-3.45,7.45,280.0,100640.0
20110502:0400,15.64,45.15,600.2,346.84,297.85,2.5,7.93,282.0,100630.0
20110502:0500,16.08,45.3,616.25,532.03,204.3,17.4,7.59,284.0,100640.0
20110502:0600,15.79,48.65,423.0,357.4,196.0,-12.75,7.1,284.0,100680.0
20110502:0700,15.57,48.65,256.4,276.24,128.3,-15.25,5.86,282.0,100740.0
20110502:0800,14.97,48.55,84.7,59.8,68.45,2.7,4.83,284.0,100800.0
20110502:0900,14.76,48.4,4.6,0.69,4.55,-2.1,3.93,290.0,100890.0
20110502:1000,13.66,55.9,0.0,-0.0,0.0,5.95,2.48,293.0,100940.0
20110502:1100,13.49,55.9,0.0,-0.0,0.0,7.15,2.0,281.0,101030.0
20110502:1200,13.34,55.75,0.0,-0.0,0.0,-8.3,1.66,267.0,101140.0
20110502:1300,12.78,57.75,0.0,-0.0,0.0,-9.85,2.07,270.0,101110.0
20110502:1400,12.46,57.75,0.0,-0.0,0.0,11.6,2.14,257.0,101180.0
20110502:1500,11.62,62.0,0.0,-0.0,0.0,-28.05,1.79,242.0,101190.0
20110502:1600,11.43,66.75,0.0,-0.0,0.0,-0.75,1.79,250.0,101240.0
20110502:1700,10.61,74.4,0.0,-0.0,0.0,3.05,1.66,251.0,101280.0
20110502:1800,10.32,79.95,0.0,-0.0,0.0,5.2,1.24,257.0,101320.0
20110502:1900,10.2,86.0,0.0,-0.0,0.0,-13.5,1.24,257.0,101320.0
20110502:2000,10.04,86.0,77.4,411.16,56.1,11.6,1.45,258.0,101370.0
20110502:2100,9.69,82.9,261.35,584.78,114.4,10.25,1.72,254.0,101400.0
20110502:2200,12.03,59.85,434.0,556.8,186.4,-5.6,1.59,254.0,101460.0
20110502:2300,12.27,59.85,565.7,570.63,212.6,7.9,1.45,241.0,101430.0
20110503:0000,12.41,55.65,774.0,745.59,204.25,0.95,0.97,234.0,101470.0
20110503:0100,13.56,51.9,892.15,835.56,168.55,285.75,0.9,168.0,101390.0
20110503:0200,14.6,52.15,887.85,678.43,263.65,-0.15,2.07,139.0,101360.0
20110503:0300,14.91,54.25,808.25,548.1,302.55,12.55,3.31,132.0,101290.0
20110503:0400,14.86,56.15,450.95,210.17,267.35,14.5,3.86,136.0,101230.0
20110503:0500,14.23,62.55,483.75,245.42,293.25,32.9,4.34,143.0,101190.0
20110503:0600,14.44,58.25,208.4,41.74,181.8,-8.3,4.69,153.0,101170.0
20110503:0700,14.11,64.85,83.25,0.75,82.9,6.95,4.21,152.0,101190.0
20110503:0800,13.19,72.1,19.95,0.0,19.95,-3.05,3.79,161.0,101250.0
20110503:0900,13.01,72.1,1.65,0.0,1.65,-3.45,3.72,162.0,101290.0
20110503:1000,11.51,83.1,0.0,-0.0,0.0,-1.7,4.14,163.0,101220.0
20110503:1100,11.44,86.15,0.0,-0.0,0.0,1.9,4.41,160.0,101270.0
20110503:1200,11.77,89.3,0.0,-0.0,0.0,-0.55,4.34,164.0,101310.0
20110503:1300,11.72,89.3,0.0,-0.0,0.0,2.7,4.07,168.0,101240.0
20110503:1400,11.42,89.3,0.0,-0.0,0.0,0.35,3.52,174.0,101230.0
20110503:1500,11.26,92.55,0.0,-0.0,0.0,0.95,3.24,180.0,101210.0
20110503:1600,11.53,89.3,0.0,-0.0,0.0,-1.35,3.24,179.0,101160.0
20110503:1700,11.69,89.3,0.0,-0.0,0.0,0.0,3.24,176.0,101100.0
20110503:1800,11.78,89.3,0.0,-0.0,0.0,-0.55,2.69,180.0,101090.0
20110503:1900,11.94,89.35,0.0,-0.0,0.0,-1.9,1.72,194.0,101070.0
20110503:2000,12.12,89.35,32.95,107.46,27.0,-0.35,1.45,195.0,101090.0
20110503:2100,11.59,92.55,193.0,519.89,60.65,-6.55,1.86,190.0,101140.0
20110503:2200,13.39,80.4,442.8,717.06,121.8,-26.9,2.9,164.0,101120.0
20110503:2300,12.87,83.25,600.2,708.88,159.65,-17.0,2.76,172.0,101150.0
20110504:0000,13.09,77.5,648.0,623.88,169.8,-1.15,2.48,171.0,101150.0
20110504:0100,12.84,77.45,836.8,767.87,170.2,305.7,2.28,169.0,101120.0
20110504:0200,16.62,50.75,921.05,811.11,173.2,-4.25,1.93,160.0,101080.0
20110504:0300,17.77,43.9,852.9,760.09,150.2,8.1,1.52,147.0,101020.0
20110504:0400,18.73,36.7,802.25,732.96,160.6,-13.35,2.07,142.0,100980.0
20110504:0500,18.79,35.35,595.5,620.34,112.8,2.5,2.07,159.0,100990.0
20110504:0600,16.97,47.15,510.15,630.52,107.1,1.35,1.31,174.0,101020.0
20110504:0700,17.79,42.3,301.55,463.25,84.65,-8.5,0.62,258.0,101050.0
20110504:0800,16.69,48.9,109.95,225.14,47.65,1.9,0.83,316.0,101140.0
20110504:0900,14.67,69.85,6.25,15.42,5.05,11.4,1.52,317.0,101220.0
20110504:1000,13.82,74.85,0.0,-0.0,0.0,-22.8,1.59,308.0,101310.0
20110504:1100,13.58,74.85,0.0,-0.0,0.0,-4.8,1.79,305.0,101370.0
20110504:1200,13.48,72.2,0.0,-0.0,0.0,-2.7,2.28,317.0,101500.0
20110504:1300,12.97,74.75,0.0,-0.0,0.0,-5.2,2.34,341.0,101560.0
20110504:1400,12.39,80.3,0.0,-0.0,0.0,-0.15,1.72,357.0,101660.0
20110504:1500,11.36,89.3,0.0,-0.0,0.0,-0.15,1.38,9.0,101690.0
20110504:1600,11.1,92.55,0.0,-0.0,0.0,-5.0,1.17,3.0,101700.0
20110504:1700,10.67,92.5,0.0,-0.0,0.0,8.1,1.17,0.0,101750.0
20110504:1800,10.64,92.5,0.0,-0.0,0.0,4.05,1.72,14.0,101760.0
20110504:1900,10.81,92.5,0.0,-0.0,0.0,4.05,2.21,14.0,101800.0
20110504:2000,10.65,92.5,78.95,522.45,48.2,-1.15,2.55,13.0,101850.0
20110504:2100,9.75,89.15,243.9,597.42,89.9,6.95,2.76,17.0,101900.0
20110504:2200,10.97,80.1,361.55,558.08,110.1,-4.25,2.62,18.0,101950.0
20110504:2300,11.04,77.2,418.5,399.07,169.45,12.15,2.69,30.0,101970.0
20110505:0000,11.03,74.45,452.3,331.05,197.8,-0.55,2.76,41.0,102030.0
20110505:0100,10.99,74.45,638.1,459.69,238.1,319.05,3.1,56.0,102000.0
20110505:0200,11.17,74.45,532.0,303.44,251.65,6.75,3.1,62.0,101980.0
20110505:0300,11.44,71.85,549.55,260.23,308.5,-9.85,2.9,68.0,101970.0
20110505:0400,11.7,74.55,411.25,142.78,286.0,5.8,3.52,81.0,101970.0
20110505:0500,11.39,74.55,462.15,245.26,270.85,3.65,4.14,92.0,101960.0
20110505:0600,11.2,74.45,424.6,470.26,123.05,-5.2,4.41,95.0,101960.0
20110505:0700,11.06,77.2,204.0,227.99,96.75,-28.6,4.07,93.0,101970.0
20110505:0800,10.79,80.05,62.0,68.41,42.9,21.25,3.38,88.0,102020.0
20110505:0900,10.3,79.95,3.35,4.34,3.0,15.05,2.76,87.0,102070.0
20110505:1000,10.09,82.95,0.0,-0.0,0.0,4.8,1.66,86.0,102110.0
20110505:1100,10.04,82.95,0.0,-0.0,0.0,-19.9,1.24,100.0,102170.0
20110505:1200,10.42,80.05,0.0,-0.0,0.0,8.9,1.03,111.0,102250.0
20110505:1300,10.29,82.95,0.0,-0.0,0.0,-18.15,1.03,105.0,102260.0
20110505:1400,10.06,82.95,0.0,-0.0,0.0,9.05,1.1,107.0,102260.0
20110505:1500,9.54,82.9,0.0,-0.0,0.0,-5.0,0.97,103.0,102290.0
20110505:1600,9.71,85.95,0.0,-0.0,0.0,0.35,0.9,95.0,102220.0
20110505:1700,9.47,85.95,0.0,-0.0,0.0,-19.9,0.76,98.0,102230.0
20110505:1800,9.48,89.15,0.0,-0.0,0.0,-12.35,0.76,109.0,102250.0
20110505:1900,9.28,89.1,0.0,-0.0,0.0,0.35,1.03,116.0,102280.0
20110505:2000,9.31,92.45,77.5,446.5,49.7,-4.05,0.97,120.0,102340.0
20110505:2100,9.14,89.1,203.15,396.14,99.8,26.3,1.72,118.0,102370.0
20110505:2200,9.59,77.0,324.3,362.61,159.9,-6.75,1.59,112.0,102430.0
20110505:2300,9.76,79.9,350.45,249.12,194.35,23.8,1.66,127.0,102440.0
20110506:0000,9.88,77.1,410.6,244.76,221.9,9.65,1.86,133.0,102440.0
20110506:0100,10.54,77.15,517.0,233.05,313.75,336.05,2.14,137.0,102420.0
20110506:0200,11.37,74.55,542.95,245.86,315.35,-1.7,2.55,135.0,102400.0
20110506:0300,12.24,74.6,611.3,286.78,345.15,10.25,3.17,136.0,102380.0
20110506:0400,12.4,72.05,417.3,160.41,276.3,-5.4,3.52,133.0,102320.0
20110506:0500,12.7,72.05,425.4,268.03,215.85,5.95,3.86,128.0,102250.0
20110506:0600,12.64,74.7,277.9,119.24,201.2,-7.35,4.21,135.0,102240.0
20110506:0700,12.49,74.7,195.35,125.05,136.25,5.2,4.62,150.0,102160.0
20110506:0800,12.21,80.2,66.35,40.48,54.95,-0.75,4.34,147.0,102160.0
20110506:0900,12.37,80.3,3.55,0.0,3.55,-17.2,3.66,150.0,102160.0
20110506:1000,12.47,80.3,0.0,-0.0,0.0,19.9,3.1,151.0,102180.0
20110506:1100,12.57,80.3,0.0,-0.0,0.0,9.65,2.48,150.0,102220.0
20110506:1200,12.57,80.3,0.0,-0.0,0.0,3.45,2.21,158.0,102240.0
20110506:1300,12.79,80.3,0.0,-0.0,0.0,1.7,2.28,154.0,102130.0
20110506:1400,12.71,83.25,0.0,-0.0,0.0,2.1,2.21,176.0,102110.0
20110506:1500,12.81,86.25,0.0,-0.0,0.0,-5.4,2.07,196.0,102040.0
20110506:1600,12.83,86.25,0.0,-0.0,0.0,-22.6,2.48,185.0,101890.0
20110506:1700,12.55,86.25,0.0,-0.0,0.0,-0.35,3.17,182.0,101870.0
20110506:1800,12.61,86.25,0.0,-0.0,0.0,6.0,3.79,183.0,101790.0
20110506:1900,12.84,86.25,0.0,-0.0,0.0,15.45,4.76,184.0,101710.0
20110506:2000,13.11,86.3,35.25,9.15,34.65,4.8,5.59,185.0,101680.0
20110506:2100,13.44,80.4,137.4,54.56,123.0,3.45,6.0,185.0,101630.0
20110506:2200,14.87,83.45,316.15,196.88,226.35,-17.8,6.0,192.0,101600.0
20110506:2300,14.76,80.55,365.35,99.91,302.5,-11.0,6.14,190.0,101600.0
20110507:0000,15.02,75.1,528.7,196.3,376.95,-5.0,6.48,186.0,101540.0
20110507:0100,15.54,70.0,515.35,153.14,381.5,337.25,7.24,181.0,101510.0
20110507:0200,16.56,67.75,493.4,112.34,389.2,7.15,6.9,176.0,101410.0
20110507:0300,16.54,70.2,531.45,217.9,328.85,9.25,7.03,176.0,101350.0
20110507:0400,16.1,72.65,423.65,140.69,299.75,-4.45,6.48,174.0,101300.0
20110507:0500,14.68,77.75,489.3,355.66,210.6,3.45,5.79,177.0,101250.0
20110507:0600,15.68,75.15,311.15,217.38,170.9,-16.45,5.79,176.0,101180.0
20110507:0700,16.09,72.65,166.95,130.48,105.0,21.45,5.38,176.0,101120.0
20110507:0800,15.33,77.8,83.85,133.6,45.9,4.45,4.9,172.0,101100.0
20110507:0900,15.32,83.5,6.15,9.88,5.3,-20.7,4.41,167.0,101070.0
20110507:1000,14.47,89.5,0.0,-0.0,0.0,-11.2,4.0,179.0,101000.0
20110507:1100,14.4,89.5,0.0,-0.0,0.0,0.15,3.38,195.0,100970.0
20110507:1200,14.62,89.5,0.0,-0.0,0.0,19.9,2.97,204.0,100990.0
20110507:1300,14.43,86.45,0.0,-0.0,0.0,-3.05,2.62,207.0,100870.0
20110507:1400,14.52,86.45,0.0,-0.0,0.0,-4.8,2.41,207.0,100830.0
20110507:1500,14.23,89.5,0.0,-0.0,0.0,-5.8,2.21,214.0,100740.0
20110507:1600,13.83,89.45,0.0,-0.0,0.0,-22.6,2.21,227.0,100660.0
20110507:1700,12.8,89.4,0.0,-0.0,0.0,6.95,2.48,232.0,100630.0
20110507:1800,12.62,92.6,0.0,-0.0,0.0,5.2,2.76,253.0,100670.0
20110507:1900,13.0,89.4,0.0,-0.0,0.0,-13.15,3.03,263.0,100720.0
20110507:2000,14.63,77.75,100.3,796.99,45.45,-8.9,2.9,265.0,100800.0
20110507:2100,14.58,75.0,297.9,801.49,84.0,-11.4,2.48,256.0,100860.0
20110507:2200,17.46,65.45,501.05,860.67,106.2,-4.25,1.59,244.0,100810.0
20110507:2300,18.18,58.9,687.1,897.34,120.5,2.3,3.03,252.0,100800.0
20110508:0000,18.76,49.3,833.3,905.67,131.3,2.9,3.66,259.0,100810.0
20110508:0100,19.36,45.95,922.9,895.41,138.6,298.7,3.93,262.0,100790.0
20110508:0200,19.25,42.7,939.6,834.51,164.15,4.25,3.93,260.0,100720.0
20110508:0300,20.79,33.3,912.0,804.89,162.3,9.65,4.28,242.0,100560.0
20110508:0400,22.03,25.95,786.9,725.66,146.6,4.45,6.62,278.0,100680.0
20110508:0500,23.46,28.25,488.65,373.57,195.25,0.55,6.48,270.0,100720.0
20110508:0600,21.76,34.85,505.9,603.46,115.4,16.8,6.9,276.0,100670.0
20110508:0700,21.42,40.2,322.85,499.96,84.4,-35.95,6.28,282.0,100690.0
20110508:0800,19.92,41.3,127.1,262.68,51.85,-7.7,6.34,284.0,100760.0
20110508:0900,18.58,38.1,8.75,24.24,6.6,-5.8,6.55,283.0,100830.0
20110508:1000,16.64,42.15,0.0,-0.0,0.0,-3.25,6.48,291.0,100940.0
20110508:1100,16.41,47.15,0.0,-0.0,0.0,-3.05,7.1,289.0,101070.0
20110508:1200,16.26,48.8,0.0,-0.0,0.0,-1.15,7.24,286.0,101110.0
20110508:1300,16.03,48.8,0.0,-0.0,0.0,-3.65,7.38,287.0,101180.0
20110508:1400,15.31,50.35,0.0,-0.0,0.0,-2.9,6.97,294.0,101260.0
20110508:1500,14.01,50.1,0.0,-0.0,0.0,-1.5,6.41,303.0,101300.0
20110508:1600,13.54,53.85,0.0,-0.0,0.0,-4.45,5.17,304.0,101260.0
20110508:1700,12.61,59.95,0.0,-0.0,0.0,-0.95,2.9,275.0,101380.0
20110508:1800,12.65,64.55,0.0,-0.0,0.0,-2.9,1.79,218.0,101500.0
20110508:1900,12.04,69.35,0.0,-0.0,0.0,3.45,2.0,212.0,101510.0
20110508:2000,12.23,71.95,93.05,314.7,70.4,5.8,2.21,232.0,101590.0
20110508:2100,11.79,74.55,236.4,303.81,154.45,5.6,2.41,249.0,101630.0
20110508:2200,14.75,60.4,441.5,518.6,202.25,-1.15,1.86,266.0,101720.0
20110508:2300,15.27,52.25,601.35,560.42,246.2,5.4,2.21,295.0,101720.0
20110509:0000,15.61,52.4,760.8,611.96,285.25,0.95,2.41,304.0,101630.0
20110509:0100,15.62,54.35,911.1,782.27,224.5,288.45,2.21,307.0,101580.0
20110509:0200,18.38,37.95,954.4,804.28,205.7,-4.05,0.62,337.0,101470.0
20110509:0300,17.79,50.85,935.5,830.51,160.6,4.05,2.28,153.0,101450.0
20110509:0400,17.26,58.7,851.3,818.83,127.45,3.05,4.97,150.0,101450.0
20110509:0500,17.56,60.95,554.15,372.11,261.25,2.3,5.79,156.0,101340.0
20110509:0600,17.84,60.95,460.1,431.5,180.05,25.7,5.93,162.0,101250.0
20110509:0700,18.19,61.05,267.25,286.08,130.2,-2.9,6.07,166.0,101150.0
20110509:0800,17.99,56.85,101.75,125.49,65.5,-0.15,6.41,177.0,101110.0
20110509:0900,17.25,58.7,7.25,4.38,6.85,1.5,6.48,188.0,101060.0
20110509:1000,16.57,65.35,0.0,-0.0,0.0,3.05,5.93,195.0,101080.0
20110509:1100,16.84,65.35,0.0,-0.0,0.0,-6.95,5.86,202.0,101020.0
20110509:1200,16.85,67.75,0.0,-0.0,0.0,-0.75,5.31,203.0,100870.0
20110509:1300,16.44,70.2,0.0,-0.0,0.0,1.7,4.83,207.0,100830.0
20110509:1400,15.31,77.8,0.0,-0.0,0.0,6.35,5.1,202.0,100650.0
20110509:1500,14.78,80.55,0.0,-0.0,0.0,42.35,3.31,217.0,100520.0
20110509:1600,14.76,77.75,0.0,-0.0,0.0,4.6,3.86,211.0,100350.0
20110509:1700,15.29,77.8,0.0,-0.0,0.0,-17.2,3.24,220.0,100200.0
20110509:1800,15.81,72.55,0.0,-0.0,0.0,3.65,3.45,220.0,100110.0
20110509:1900,16.33,67.65,0.0,-0.0,0.0,13.9,4.28,212.0,99960.0
20110509:2000,16.87,65.35,39.4,20.66,37.85,-0.15,5.17,209.0,99850.0
20110509:2100,17.73,63.2,129.35,87.15,105.6,12.95,3.93,236.0,99890.0
20110509:2200,18.43,61.2,185.6,40.53,166.8,0.75,3.1,247.0,100060.0
20110509:2300,19.15,68.1,447.2,291.07,262.1,4.25,4.97,256.0,100070.0
20110510:0000,20.13,68.3,621.7,409.05,303.05,-13.15,5.52,266.0,100100.0
20110510:0100,19.78,70.65,807.7,650.37,235.75,373.25,4.83,260.0,100180.0
20110510:0200,19.92,63.6,689.35,436.14,282.65,-22.05,6.0,263.0,100240.0
20110510:0300,19.96,55.3,550.5,246.68,319.95,1.15,7.1,269.0,100360.0
20110510:0400,19.74,55.2,224.45,19.03,207.6,0.35,5.17,272.0,100360.0
20110510:0500,18.78,54.95,185.2,25.16,165.35,4.05,4.62,292.0,100280.0
20110510:0600,19.11,57.1,61.1,0.0,61.1,6.55,3.17,329.0,100320.0
20110510:0700,18.38,61.05,31.6,0.0,31.6,3.25,2.76,343.0,100430.0
20110510:0800,16.05,67.65,14.5,0.0,14.5,-5.4,2.55,6.0,100480.0
20110510:0900,16.15,72.65,2.25,0.0,2.25,-2.3,2.83,24.0,100550.0
20110510:1000,14.82,80.55,0.0,-0.0,0.0,-4.25,1.59,45.0,100820.0
20110510:1100,14.55,80.55,0.0,-0.0,0.0,1.9,1.38,46.0,100900.0
20110510:1200,14.28,83.4,0.0,-0.0,0.0,-1.35,1.17,7.0,100940.0
20110510:1300,14.22,83.4,0.0,-0.0,0.0,-4.6,1.72,355.0,100890.0
20110510:1400,14.28,80.45,0.0,-0.0,0.0,-0.15,1.66,352.0,100890.0
20110510:1500,13.55,83.35,0.0,-0.0,0.0,1.9,1.03,315.0,100950.0
20110510:1600,13.62,83.35,0.0,-0.0,0.0,-1.35,0.69,247.0,100890.0
20110510:1700,13.2,83.25,0.0,-0.0,0.0,1.9,0.76,263.0,100910.0
20110510:1800,13.41,83.35,0.0,-0.0,0.0,-3.25,0.76,252.0,100920.0
20110510:1900,13.52,83.35,0.0,-0.0,0.0,-6.95,1.17,225.0,100950.0
20110510:2000,13.22,86.3,41.35,2.56,41.15,2.1,1.59,205.0,101010.0
20110510:2100,12.74,89.4,85.55,4.18,84.4,-5.2,1.86,191.0,101050.0
20110510:2200,14.35,83.4,162.2,20.91,152.45,3.65,2.0,191.0,101080.0
20110510:2300,14.2,80.45,186.8,28.99,168.3,0.0,2.07,197.0,101100.0
20110511:0000,14.62,83.45,201.95,5.76,197.45,5.95,2.0,186.0,101020.0
20110511:0100,14.59,83.45,208.75,6.13,203.35,350.0,2.07,193.0,101050.0
20110511:0200,15.04,80.6,223.05,12.58,211.3,3.85,2.69,190.0,101070.0
20110511:0300,15.69,80.65,255.75,14.21,242.45,1.35,3.38,189.0,101090.0
20110511:0400,15.67,77.85,253.45,23.45,232.65,4.6,3.45,182.0,101010.0
20110511:0500,16.03,75.25,144.25,5.95,139.55,2.3,3.24,185.0,101000.0
20110511:0600,15.76,77.85,94.95,0.15,94.85,1.35,3.31,190.0,100940.0
20110511:0700,15.48,72.55,25.1,0.1,25.05,-2.3,3.45,208.0,100970.0
20110511:0800,14.87,75.0,12.1,0.0,12.1,0.75,3.59,216.0,101040.0
20110511:0900,14.38,74.95,1.15,0.0,1.15,0.15,2.69,222.0,101120.0
20110511:1000,13.98,77.65,0.0,-0.0,0.0,-0.75,2.55,218.0,101160.0
20110511:1100,13.69,77.6,0.0,-0.0,0.0,-1.15,1.79,224.0,101210.0
20110511:1200,13.72,80.4,0.0,-0.0,0.0,0.35,1.03,212.0,101170.0
20110511:1300,13.3,83.25,0.0,-0.0,0.0,0.15,0.97,205.0,101140.0
20110511:1400,13.0,86.3,0.0,-0.0,0.0,-0.15,1.79,197.0,101120.0
20110511:1500,13.25,92.65,0.0,-0.0,0.0,-0.55,2.48,204.0,101090.0
20110511:1600,13.21,92.65,0.0,-0.0,0.0,-10.45,2.55,199.0,101060.0
20110511:1700,12.53,92.6,0.0,-0.0,0.0,0.0,2.41,186.0,101060.0
20110511:1800,12.74,92.6,0.0,-0.0,0.0,-5.0,2.9,174.0,100990.0
20110511:1900,12.77,92.6,0.0,-0.0,0.0,-18.35,2.28,181.0,101010.0
20110511:2000,12.51,92.6,63.05,58.08,58.35,3.65,2.0,181.0,101080.0
20110511:2100,12.87,89.4,206.25,416.98,90.4,-1.35,2.62,176.0,101060.0
20110511:2200,13.9,83.4,447.65,666.61,135.3,-2.1,2.83,185.0,101050.0
20110511:2300,14.05,77.65,548.2,559.02,190.35,-7.9,2.62,165.0,101020.0
20110512:0000,14.22,80.45,462.4,221.82,288.8,17.95,2.69,143.0,101060.0
20110512:0100,14.04,80.45,260.1,50.02,215.95,370.35,3.24,126.0,101080.0
20110512:0200,14.3,86.4,300.8,48.85,255.1,11.6,3.79,115.0,101080.0
20110512:0300,14.08,86.4,291.7,26.77,266.6,0.75,3.59,120.0,101030.0
20110512:0400,14.2,86.4,318.65,106.22,224.25,0.15,3.59,123.0,100950.0
20110512:0500,14.85,89.5,228.3,76.63,167.6,-4.6,3.59,123.0,100780.0
20110512:0600,15.27,86.5,141.9,41.4,114.8,1.9,3.72,127.0,100690.0
20110512:0700,15.42,83.55,58.95,16.48,50.95,-3.25,2.83,133.0,100650.0
20110512:0800,14.9,86.5,16.4,0.0,16.4,0.0,2.76,132.0,100570.0
20110512:0900,14.5,89.5,1.35,0.0,1.35,5.2,2.28,131.0,100480.0
20110512:1000,14.85,99.4,0.0,-0.0,0.0,-0.15,1.66,104.0,100320.0
20110512:1100,14.63,96.0,0.0,-0.0,0.0,0.55,0.9,103.0,100250.0
20110512:1200,14.81,96.0,0.0,-0.0,0.0,0.0,0.9,48.0,100140.0
20110512:1300,14.88,96.0,0.0,-0.0,0.0,1.5,0.28,343.0,100000.0
20110512:1400,15.06,96.0,0.0,-0.0,0.0,-0.15,0.28,303.0,99850.0
20110512:1500,15.38,96.0,0.0,-0.0,0.0,1.7,0.41,290.0,99670.0
20110512:1600,15.27,96.0,0.0,-0.0,0.0,0.55,1.1,301.0,99510.0
20110512:1700,15.04,92.75,0.0,-0.0,0.0,-0.55,2.0,303.0,99420.0
20110512:1800,15.05,92.75,0.0,-0.0,0.0,-1.7,2.62,301.0,99360.0
20110512:1900,15.12,92.75,0.0,-0.0,0.0,1.35,2.28,294.0,99320.0
20110512:2000,15.38,92.75,50.1,154.08,37.2,2.1,1.79,287.0,99290.0
20110512:2100,15.77,92.75,209.7,300.34,125.5,-7.7,1.79,277.0,99310.0
20110512:2200,17.41,86.6,433.2,632.31,135.5,-16.6,2.14,292.0,99320.0
20110512:2300,17.53,83.7,626.2,701.82,175.55,-18.35,1.79,295.0,99330.0
20110513:0000,18.18,78.15,740.1,679.14,207.45,-8.1,2.14,304.0,99340.0
20110513:0100,18.05,67.95,863.35,770.61,181.95,335.5,2.48,298.0,99350.0
20110513:0200,18.1,61.05,781.7,563.22,253.95,-5.0,3.79,291.0,99380.0
20110513:0300,18.89,54.95,667.6,477.5,219.2,11.4,4.83,288.0,99380.0
20110513:0400,19.41,53.15,718.55,596.05,187.95,-2.3,5.17,287.0,99340.0
20110513:0500,19.62,39.8,618.85,551.73,180.9,-1.7,6.0,284.0,99350.0
20110513:0600,19.26,38.2,528.3,635.91,110.9,-35.4,6.9,282.0,99380.0
20110513:0700,18.53,41.05,331.9,488.96,93.6,-13.9,7.24,286.0,99440.0
20110513:0800,17.25,45.45,135.25,261.04,57.4,-2.1,7.17,287.0,99550.0
20110513:0900,16.79,45.45,12.15,33.86,8.7,-4.45,7.59,286.0,99650.0
20110513:1000,15.83,46.9,0.0,-0.0,0.0,-4.25,6.97,293.0,99670.0
20110513:1100,15.79,48.65,0.0,-0.0,0.0,-2.1,7.79,291.0,99770.0
20110513:1200,15.69,46.9,0.0,-0.0,0.0,0.0,7.86,289.0,99850.0
20110513:1300,15.73,45.15,0.0,-0.0,0.0,-0.55,7.38,286.0,99820.0
20110513:1400,15.67,41.9,0.0,-0.0,0.0,12.55,7.03,283.0,99840.0
20110513:1500,14.93,38.7,0.0,-0.0,0.0,-7.9,6.41,278.0,99860.0
20110513:1600,15.18,38.7,0.0,-0.0,0.0,-3.65,4.55,260.0,99880.0
20110513:1700,14.52,40.1,0.0,-0.0,0.0,-2.7,2.97,226.0,99940.0
20110513:1800,14.76,43.25,0.0,-0.0,0.0,-2.5,3.1,208.0,99940.0
20110513:1900,13.6,51.9,0.0,-0.0,0.0,0.0,3.52,212.0,99950.0
20110513:2000,13.39,55.9,119.8,773.91,52.9,0.95,4.07,215.0,99970.0
20110513:2100,14.08,60.3,310.1,779.73,89.6,7.5,4.69,216.0,100030.0
20110513:2200,17.37,56.6,490.5,784.08,119.65,1.35,4.41,210.0,100060.0
20110513:2300,18.14,52.9,666.9,836.22,128.35,8.3,4.83,213.0,100100.0
20110514:0000,18.46,44.2,757.8,760.05,160.45,12.15,5.66,226.0,100130.0
20110514:0100,18.53,45.85,773.05,616.5,227.0,308.8,5.59,232.0,100140.0
20110514:0200,18.77,47.55,922.85,789.89,181.6,10.05,4.97,241.0,100170.0
20110514:0300,19.73,42.85,724.8,556.39,201.55,-4.8,4.48,226.0,100190.0
20110514:0400,20.03,33.15,681.3,502.83,232.95,11.8,4.62,222.0,100180.0
20110514:0500,20.32,35.75,614.7,583.12,150.9,-4.25,4.48,238.0,100190.0
20110514:0600,20.31,34.45,447.6,476.55,133.95,-3.05,3.59,251.0,100220.0
20110514:0700,19.92,39.8,269.5,339.82,103.2,-2.7,4.07,265.0,100300.0
20110514:0800,18.57,42.6,127.65,227.11,59.4,-3.45,3.38,275.0,100400.0
20110514:0900,18.15,44.05,12.2,32.07,8.85,-12.35,3.86,280.0,100510.0
20110514:1000,16.75,47.15,0.0,-0.0,0.0,-6.95,3.1,271.0,100630.0
20110514:1100,16.43,48.9,0.0,-0.0,0.0,-5.8,3.31,273.0,100750.0
20110514:1200,16.5,48.9,0.0,-0.0,0.0,-3.25,3.38,283.0,100810.0
20110514:1300,16.42,48.9,0.0,-0.0,0.0,4.45,3.38,289.0,100900.0
20110514:1400,15.72,52.4,0.0,-0.0,0.0,-4.25,3.72,291.0,100960.0
20110514:1500,13.9,58.1,0.0,-0.0,0.0,4.25,4.41,288.0,101030.0
20110514:1600,13.87,62.45,0.0,-0.0,0.0,-6.55,4.41,286.0,101060.0
20110514:1700,13.8,62.45,0.0,-0.0,0.0,6.55,3.79,274.0,101100.0
20110514:1800,13.98,62.55,0.0,-0.0,0.0,-10.05,3.72,263.0,101140.0
20110514:1900,14.34,62.55,0.0,-0.0,0.0,-1.35,3.45,261.0,101190.0
20110514:2000,14.64,58.25,122.85,788.1,52.65,-1.15,3.17,266.0,101320.0
20110514:2100,14.41,56.15,316.3,802.41,87.5,-1.35,2.69,259.0,101380.0
20110514:2200,16.76,50.75,521.45,868.43,108.9,0.55,1.38,245.0,101360.0
20110514:2300,16.84,47.15,703.5,897.17,124.05,2.5,2.07,260.0,101410.0
20110515:0000,17.08,48.9,845.6,902.67,134.75,5.4,2.21,265.0,101450.0
20110515:0100,17.37,50.75,913.7,806.92,197.85,288.85,2.14,258.0,101470.0
20110515:0200,18.74,41.05,901.25,723.74,221.1,8.7,2.21,254.0,101500.0
20110515:0300,19.84,34.3,921.5,784.88,182.3,14.1,2.34,282.0,101470.0
20110515:0400,20.49,30.9,844.3,772.67,154.25,-5.2,1.86,328.0,101440.0
20110515:0500,20.55,32.1,695.6,692.53,143.7,-3.65,1.72,45.0,101460.0
20110515:0600,23.31,17.15,518.35,593.48,126.7,4.05,1.66,85.0,101480.0
20110515:0700,20.21,46.2,298.35,351.77,125.5,1.9,1.52,96.0,101500.0
20110515:0800,19.41,57.1,107.95,96.61,78.7,6.95,1.24,101.0,101550.0
20110515:0900,19.91,57.2,10.9,8.41,10.0,8.9,1.03,114.0,101570.0
20110515:1000,18.35,78.15,0.0,-0.0,0.0,-9.65,1.03,135.0,101630.0
20110515:1100,18.7,72.95,0.0,-0.0,0.0,-4.8,1.52,240.0,101710.0
20110515:1200,18.79,70.45,0.0,-0.0,0.0,3.45,1.45,244.0,101760.0
20110515:1300,18.2,65.55,0.0,-0.0,0.0,-5.6,1.38,255.0,101760.0
20110515:1400,16.9,65.35,0.0,-0.0,0.0,6.15,1.52,268.0,101800.0
20110515:1500,15.84,70.0,0.0,-0.0,0.0,-13.35,1.31,280.0,101780.0
20110515:1600,15.9,70.1,0.0,-0.0,0.0,-3.65,0.97,283.0,101750.0
20110515:1700,14.78,77.75,0.0,-0.0,0.0,-9.45,0.97,295.0,101760.0
20110515:1800,14.88,80.55,0.0,-0.0,0.0,-7.35,0.34,290.0,101760.0
20110515:1900,14.42,75.0,0.0,-0.0,0.0,5.2,1.03,232.0,101740.0
20110515:2000,14.5,72.4,105.1,435.51,65.2,14.5,1.45,217.0,101730.0
20110515:2100,14.65,67.35,283.25,600.02,110.8,14.9,2.34,211.0,101730.0
20110515:2200,15.96,67.65,508.1,831.46,111.45,-8.5,2.28,211.0,101680.0
20110515:2300,16.61,60.85,684.35,851.73,132.75,-13.35,3.38,200.0,101640.0
20110516:0000,17.43,56.75,803.9,795.64,176.15,6.75,4.07,193.0,101600.0
20110516:0100,18.37,58.9,881.15,781.31,186.95,310.15,4.83,186.0,101530.0
20110516:0200,19.87,55.2,899.7,707.81,233.6,3.45,5.79,182.0,101490.0
20110516:0300,20.26,53.35,870.65,691.49,218.5,7.9,6.62,182.0,101430.0
20110516:0400,20.22,53.35,711.1,514.39,251.0,2.5,7.1,179.0,101370.0
20110516:0500,20.16,59.35,470.0,271.71,253.05,15.05,7.45,178.0,101290.0
20110516:0600,19.51,61.4,382.1,223.08,234.5,0.35,7.03,176.0,101260.0
20110516:0700,19.53,61.4,206.65,92.53,161.0,-8.3,6.83,178.0,101260.0
20110516:0800,18.71,63.4,83.3,28.2,74.7,1.15,6.28,181.0,101300.0
20110516:0900,18.52,61.2,9.05,1.83,8.85,-1.5,6.0,185.0,101320.0
20110516:1000,17.94,70.35,0.0,-0.0,0.0,-2.5,5.79,188.0,101370.0
20110516:1100,17.97,70.35,0.0,-0.0,0.0,0.35,5.45,189.0,101330.0
20110516:1200,17.92,72.9,0.0,-0.0,0.0,-0.75,4.97,193.0,101360.0
20110516:1300,17.7,72.8,0.0,-0.0,0.0,0.0,4.55,195.0,101340.0
20110516:1400,17.18,78.0,0.0,-0.0,0.0,-2.3,4.07,198.0,101270.0
20110516:1500,16.69,78.0,0.0,-0.0,0.0,4.6,3.45,207.0,101260.0
20110516:1600,16.81,78.0,0.0,-0.0,0.0,-2.3,2.83,215.0,101210.0
20110516:1700,16.48,78.0,0.0,-0.0,0.0,-0.15,2.07,221.0,101170.0
20110516:1800,16.33,80.75,0.0,-0.0,0.0,-0.55,1.59,235.0,101110.0
20110516:1900,15.71,83.55,0.0,-0.0,0.0,-1.35,1.45,252.0,101130.0
20110516:2000,15.2,83.5,75.25,81.85,67.55,-2.5,1.59,269.0,101100.0
20110516:2100,14.93,83.5,199.65,139.85,159.15,-1.7,1.72,280.0,101150.0
20110516:2200,16.01,72.65,314.6,160.76,237.6,1.7,1.52,309.0,101110.0
20110516:2300,16.17,72.65,454.75,294.55,263.5,3.85,1.38,354.0,101160.0
20110517:0000,16.86,70.2,550.45,319.89,297.6,7.9,1.45,29.0,101150.0
20110517:0100,16.96,72.7,596.75,296.64,332.8,337.05,1.38,37.0,101130.0
20110517:0200,17.19,72.7,690.15,510.87,208.75,9.25,0.97,47.0,101050.0
20110517:0300,17.58,67.85,543.3,206.17,348.6,-10.8,0.97,66.0,101000.0
20110517:0400,17.72,70.3,404.3,127.59,290.0,18.55,1.1,71.0,100950.0
20110517:0500,16.57,70.2,353.9,84.69,286.15,2.3,1.66,85.0,100920.0
20110517:0600,17.06,72.7,331.45,160.4,225.05,-2.9,1.72,134.0,100970.0
20110517:0700,16.86,78.0,174.4,60.57,144.4,-12.15,1.31,150.0,100950.0
20110517:0800,16.24,77.95,96.4,90.65,68.55,9.25,0.76,176.0,100940.0
20110517:0900,17.03,78.0,12.2,13.84,10.65,-8.7,0.62,240.0,100970.0
20110517:1000,16.78,86.6,0.0,-0.0,0.0,-26.5,0.69,236.0,100980.0
20110517:1100,17.15,89.65,0.0,-0.0,0.0,-6.75,1.03,279.0,101100.0
20110517:1200,17.36,89.65,0.0,-0.0,0.0,-5.95,1.17,276.0,101160.0
20110517:1300,16.87,83.65,0.0,-0.0,0.0,-8.7,1.38,287.0,101210.0
20110517:1400,16.03,86.55,0.0,-0.0,0.0,-4.6,1.17,290.0,101220.0
20110517:1500,15.39,92.75,0.0,-0.0,0.0,-8.1,1.03,295.0,101230.0
20110517:1600,15.5,89.6,0.0,-0.0,0.0,-4.05,1.1,302.0,101220.0
20110517:1700,14.61,92.7,0.0,-0.0,0.0,-2.1,1.17,305.0,101270.0
20110517:1800,15.31,86.5,0.0,-0.0,0.0,4.6,1.1,295.0,101340.0
20110517:1900,15.43,86.5,0.0,-0.0,0.0,6.0,1.52,278.0,101390.0
20110517:2000,15.1,86.5,130.35,786.56,54.5,-9.45,1.59,268.0,101450.0
20110517:2100,13.53,86.35,324.9,813.74,87.55,-3.05,1.52,261.0,101500.0
20110517:2200,16.2,67.65,529.15,875.0,108.45,2.3,1.03,290.0,101550.0
20110517:2300,16.54,56.6,710.4,900.12,124.5,4.05,0.76,327.0,101600.0
20110518:0000,16.93,58.7,852.95,905.3,136.15,5.0,0.69,33.0,101630.0
20110518:0100,17.77,52.75,921.9,872.22,144.7,288.85,0.76,76.0,101660.0
20110518:0200,19.15,41.15,898.9,800.56,143.55,6.55,0.55,91.0,101680.0
20110518:0300,20.31,35.75,830.95,684.6,183.6,11.2,1.24,129.0,101680.0
20110518:0400,19.87,41.3,719.5,524.28,249.15,6.15,3.24,139.0,101660.0
20110518:0500,19.15,51.25,640.0,569.6,183.5,7.7,4.34,150.0,101610.0
20110518:0600,19.19,55.05,501.8,560.13,129.3,-2.3,4.28,153.0,101580.0
20110518:0700,19.09,55.05,333.65,490.74,89.65,-10.6,4.62,154.0,101590.0
20110518:0800,18.55,54.95,142.8,277.47,56.95,-6.95,4.55,157.0,101590.0
20110518:0900,18.73,63.4,15.45,42.39,10.6,-3.65,4.62,172.0,101660.0
20110518:1000,16.92,65.35,0.0,-0.0,0.0,-2.5,4.41,180.0,101730.0
20110518:1100,16.87,65.35,0.0,-0.0,0.0,0.95,4.21,198.0,101780.0
20110518:1200,17.36,72.7,0.0,-0.0,0.0,1.7,3.66,213.0,101850.0
20110518:1300,17.06,72.7,0.0,-0.0,0.0,6.75,2.69,225.0,101870.0
20110518:1400,16.65,72.7,0.0,-0.0,0.0,-4.25,2.34,230.0,101890.0
20110518:1500,15.48,77.85,0.0,-0.0,0.0,1.5,2.41,232.0,101860.0
20110518:1600,15.47,80.65,0.0,-0.0,0.0,-3.25,2.28,238.0,101810.0
20110518:1700,14.72,83.45,0.0,-0.0,0.0,-1.5,2.07,240.0,101810.0
20110518:1800,14.45,83.45,0.0,-0.0,0.0,4.8,2.07,241.0,101800.0
20110518:1900,14.78,83.45,0.0,-0.0,0.0,-6.95,2.07,241.0,101800.0
20110518:2000,14.49,80.55,126.55,732.48,54.25,-0.15,2.28,241.0,101850.0
20110518:2100,14.31,80.45,315.9,777.36,87.6,0.15,2.14,237.0,101890.0
20110518:2200,17.12,67.75,516.7,847.26,107.85,1.9,1.31,236.0,101860.0
20110518:2300,17.71,63.2,688.0,840.99,139.3,4.45,1.38,221.0,101890.0
20110519:0000,18.34,61.05,829.5,842.98,160.95,7.15,1.1,208.0,101840.0
20110519:0100,18.96,59.15,930.4,882.09,143.35,312.05,1.03,175.0,101800.0
20110519:0200,20.17,55.3,958.5,853.46,152.25,2.7,1.03,142.0,101750.0
20110519:0300,22.36,46.75,922.15,821.79,144.1,5.2,1.79,135.0,101680.0
20110519:0400,23.52,40.9,845.65,794.07,132.25,3.45,2.97,143.0,101600.0
20110519:0500,23.83,42.35,681.05,688.9,127.95,2.7,3.52,151.0,101540.0
20110519:0600,23.44,50.45,523.15,615.29,112.95,3.85,3.72,156.0,101480.0
20110519:0700,23.08,52.25,321.95,448.31,98.2,0.75,3.52,161.0,101430.0
20110519:0800,22.28,57.75,134.15,225.8,63.8,1.35,3.52,170.0,101410.0
20110519:0900,22.03,57.75,15.6,42.36,10.65,-4.05,3.59,184.0,101450.0
20110519:1000,21.08,61.7,0.0,-0.0,0.0,-5.0,2.97,182.0,101470.0
20110519:1100,20.89,61.6,0.0,-0.0,0.0,-4.25,2.62,206.0,101520.0
20110519:1200,20.39,65.95,0.0,-0.0,0.0,-0.95,2.0,224.0,101540.0
20110519:1300,19.57,70.65,0.0,-0.0,0.0,2.3,1.59,237.0,101580.0
20110519:1400,18.56,72.95,0.0,-0.0,0.0,-2.3,1.59,247.0,101570.0
20110519:1500,17.28,80.8,0.0,-0.0,0.0,-0.95,1.66,242.0,101480.0
20110519:1600,17.2,83.65,0.0,-0.0,0.0,-4.05,1.72,254.0,101440.0
20110519:1700,16.93,86.6,0.0,-0.0,0.0,5.6,1.72,255.0,101450.0
20110519:1800,17.36,86.6,0.0,-0.0,0.0,-11.95,1.72,250.0,101440.0
20110519:1900,17.45,86.65,0.0,-0.0,0.0,2.5,1.66,252.0,101420.0
20110519:2000,17.11,86.6,129.5,752.81,53.55,-4.05,1.66,252.0,101470.0
20110519:2100,17.43,80.85,317.8,781.28,86.85,-0.15,1.72,251.0,101520.0
20110519:2200,19.95,65.95,518.85,851.56,106.5,0.95,0.97,234.0,101480.0
20110519:2300,20.52,55.45,698.75,884.45,120.4,4.25,0.76,218.0,101480.0
20110520:0000,20.84,57.45,834.15,869.62,143.4,5.6,0.62,170.0,101440.0
20110520:0100,21.55,51.9,928.35,886.34,136.5,320.8,1.03,131.0,101400.0
20110520:0200,22.92,45.25,958.75,866.79,138.95,4.45,1.86,131.0,101330.0
20110520:0300,24.16,41.0,929.15,835.88,136.8,4.05,2.41,139.0,101270.0
20110520:0400,24.07,41.0,843.7,793.96,129.4,3.05,2.41,141.0,101240.0
20110520:0500,24.58,41.15,705.45,725.11,122.25,1.5,2.9,140.0,101200.0
20110520:0600,24.54,44.15,455.85,391.14,194.45,1.15,3.17,144.0,101160.0
20110520:0700,23.69,52.35,299.7,375.17,111.75,18.15,2.9,150.0,101120.0
20110520:0800,22.58,62.05,135.4,250.4,56.85,-4.45,2.83,156.0,101120.0
20110520:0900,22.22,68.7,14.65,33.13,10.7,-8.9,3.31,167.0,101100.0
20110520:1000,22.44,64.1,0.0,-0.0,0.0,-0.75,2.55,180.0,101150.0
20110520:1100,22.3,61.95,0.0,-0.0,0.0,-5.4,1.72,214.0,101170.0
20110520:1200,21.85,66.25,0.0,-0.0,0.0,4.8,1.31,242.0,101230.0
20110520:1300,21.02,68.5,0.0,-0.0,0.0,3.05,1.31,267.0,101220.0
20110520:1400,19.88,75.7,0.0,-0.0,0.0,-8.3,1.66,280.0,101250.0
20110520:1500,19.14,78.3,0.0,-0.0,0.0,-3.85,1.24,268.0,101220.0
20110520:1600,19.03,78.3,0.0,-0.0,0.0,7.35,1.17,251.0,101170.0
20110520:1700,18.21,86.7,0.0,-0.0,0.0,-7.9,1.38,239.0,101080.0
20110520:1800,18.24,89.75,0.0,-0.0,0.0,-9.65,1.79,234.0,101030.0
20110520:1900,18.02,89.75,0.0,-0.0,0.0,-0.95,2.0,237.0,101010.0
20110520:2000,17.84,89.7,127.7,714.69,54.1,-0.15,2.48,233.0,101020.0
20110520:2100,18.22,80.9,311.65,744.19,90.3,1.15,2.83,226.0,101060.0
20110520:2200,20.4,68.3,501.75,792.16,116.9,2.5,2.21,221.0,101010.0
20110520:2300,22.02,57.75,648.85,800.94,124.0,11.4,1.72,211.0,101010.0
20110521:0000,22.62,55.9,804.0,839.25,136.4,10.05,1.93,211.0,100990.0
20110521:0100,23.14,54.1,897.8,846.2,140.9,356.0,2.55,250.0,100940.0
20110521:0200,24.74,49.05,774.7,572.74,232.4,7.15,2.97,267.0,100950.0
20110521:0300,23.63,52.35,794.7,589.07,235.65,11.8,2.14,261.0,100920.0
20110521:0400,27.36,37.6,766.0,655.64,175.35,14.3,0.48,275.0,100910.0
20110521:0500,25.25,49.2,499.8,405.37,173.2,-12.95,0.83,76.0,100910.0
20110521:0600,24.01,62.35,480.3,545.45,114.9,18.15,1.72,98.0,100910.0
20110521:0700,23.92,68.95,211.05,230.21,95.3,-18.55,1.93,111.0,100910.0
20110521:0800,22.61,76.15,97.6,128.72,56.95,15.85,1.93,123.0,100930.0
20110521:0900,21.97,78.7,9.1,12.34,7.6,-0.55,2.41,143.0,100910.0
20110521:1000,21.07,81.3,0.0,-0.0,0.0,5.2,2.48,168.0,100950.0
20110521:1100,21.07,81.3,0.0,-0.0,0.0,-20.5,2.14,184.0,100950.0
20110521:1200,20.91,84.05,0.0,-0.0,0.0,1.35,1.79,196.0,100960.0
20110521:1300,20.49,81.2,0.0,-0.0,0.0,-7.15,1.59,202.0,100930.0
20110521:1400,19.86,86.85,0.0,-0.0,0.0,-19.5,1.17,227.0,100900.0
20110521:1500,19.77,89.85,0.0,-0.0,0.0,7.5,1.1,240.0,100840.0
20110521:1600,19.53,89.85,0.0,-0.0,0.0,-15.05,0.97,250.0,100780.0
20110521:1700,18.88,92.85,0.0,-0.0,0.0,3.05,1.03,256.0,100750.0
20110521:1800,18.56,92.85,0.0,-0.0,0.0,-5.6,1.38,251.0,100780.0
20110521:1900,18.65,92.85,0.0,-0.0,0.0,10.25,1.52,251.0,100720.0
20110521:2000,17.98,92.85,110.45,448.16,63.4,7.9,1.59,246.0,100740.0
20110521:2100,18.1,89.75,262.0,463.26,123.4,0.0,1.45,244.0,100740.0
20110521:2200,19.37,86.8,482.7,729.07,127.4,11.6,2.07,334.0,100850.0
20110521:2300,20.47,75.85,651.95,746.71,161.65,-15.45,4.62,11.0,100930.0
20110522:0000,19.22,83.85,613.9,423.81,276.3,2.5,7.03,26.0,101050.0
20110522:0100,15.81,89.6,255.3,64.66,197.4,370.35,7.86,23.0,101190.0
20110522:0200,12.81,92.6,182.1,66.78,118.8,16.25,6.34,17.0,101260.0
20110522:0300,13.25,89.4,230.9,60.2,173.7,-13.15,3.86,4.0,101340.0
20110522:0400,13.22,92.65,247.25,41.4,209.9,-2.5,2.69,24.0,101300.0
20110522:0500,12.58,92.6,94.7,5.02,90.65,2.5,2.21,56.0,101220.0
20110522:0600,10.97,95.9,71.85,6.18,67.7,0.15,1.86,50.0,101190.0
20110522:0700,11.05,95.9,25.75,0.0,25.75,-3.25,1.24,51.0,101270.0
20110522:0800,11.48,92.55,15.35,0.0,15.35,-2.9,1.31,46.0,101360.0
20110522:0900,12.03,89.35,4.3,0.0,4.3,-0.35,1.66,54.0,101410.0
20110522:1000,12.75,86.25,0.0,-0.0,0.0,-9.45,2.14,56.0,101490.0
20110522:1100,13.14,86.3,0.0,-0.0,0.0,-4.6,2.21,55.0,101560.0
20110522:1200,13.32,86.3,0.0,-0.0,0.0,-11.4,1.72,53.0,101600.0
20110522:1300,13.8,83.35,0.0,-0.0,0.0,-16.45,1.24,50.0,101600.0
20110522:1400,12.87,86.25,0.0,-0.0,0.0,4.25,1.31,21.0,101590.0
20110522:1500,12.51,86.25,0.0,-0.0,0.0,-7.7,1.79,1.0,101610.0
20110522:1600,11.63,89.3,0.0,-0.0,0.0,-22.45,1.93,350.0,101630.0
20110522:1700,11.81,92.55,0.0,-0.0,0.0,6.55,2.07,340.0,101640.0
20110522:1800,11.85,92.55,0.0,-0.0,0.0,-1.7,2.34,338.0,101660.0
20110522:1900,11.94,89.35,0.0,-0.0,0.0,-21.25,2.34,331.0,101680.0
20110522:2000,12.22,92.6,112.9,383.54,71.9,-5.0,2.41,328.0,101740.0
20110522:2100,12.14,89.35,221.15,323.42,123.85,15.85,2.21,323.0,101770.0
20110522:2200,14.08,72.3,467.7,586.88,180.85,13.35,1.72,318.0,101830.0
20110522:2300,14.48,62.65,445.5,177.78,328.55,-9.45,1.59,333.0,101840.0
20110523:0000,14.2,62.55,399.8,75.54,339.55,24.35,1.86,355.0,101880.0
20110523:0100,13.99,62.55,462.95,107.03,367.0,337.05,1.93,12.0,101860.0
20110523:0200,14.66,62.65,443.2,78.94,368.3,1.7,1.93,34.0,101870.0
20110523:0300,14.63,60.4,400.9,63.45,340.55,2.5,1.31,62.0,101850.0
20110523:0400,14.57,60.4,241.95,33.38,211.8,2.1,0.97,90.0,101840.0
20110523:0500,15.12,58.35,143.05,5.94,138.25,1.7,1.1,97.0,101830.0
20110523:0600,15.34,60.5,281.85,93.01,219.25,2.5,1.31,99.0,101810.0
20110523:0700,15.78,60.65,142.7,26.76,129.15,-6.55,1.59,101.0,101800.0
20110523:0800,15.35,67.45,44.15,0.63,43.95,2.7,1.66,111.0,101800.0
20110523:0900,15.49,67.55,4.2,0.0,4.2,1.35,1.59,132.0,101850.0
20110523:1000,14.75,77.75,0.0,-0.0,0.0,1.35,1.86,161.0,101880.0
20110523:1100,14.7,77.75,0.0,-0.0,0.0,-1.35,2.55,165.0,101890.0
20110523:1200,14.82,80.55,0.0,-0.0,0.0,-0.95,2.55,177.0,101940.0
20110523:1300,14.8,77.75,0.0,-0.0,0.0,-1.15,1.93,192.0,101970.0
20110523:1400,14.63,75.0,0.0,-0.0,0.0,-0.55,1.59,164.0,101930.0
20110523:1500,14.65,75.0,0.0,-0.0,0.0,0.35,1.38,128.0,101870.0
20110523:1600,14.73,75.0,0.0,-0.0,0.0,0.55,1.79,118.0,101830.0
20110523:1700,14.44,75.0,0.0,-0.0,0.0,-1.7,1.45,124.0,101870.0
20110523:1800,14.4,75.0,0.0,-0.0,0.0,0.35,1.52,126.0,101870.0
20110523:1900,14.23,77.65,0.0,-0.0,0.0,0.95,2.0,136.0,101810.0
20110523:2000,14.16,77.65,22.85,0.0,22.85,2.1,2.0,138.0,101850.0
20110523:2100,13.81,80.4,51.05,0.0,51.05,-2.3,1.79,134.0,101850.0
20110523:2200,14.13,77.65,82.3,0.0,82.3,4.45,2.34,173.0,101880.0
20110523:2300,13.71,80.4,201.05,0.0,201.05,-2.9,1.79,172.0,101850.0
20110524:0000,13.43,80.4,324.6,51.72,283.3,-1.35,1.86,159.0,101910.0
20110524:0100,13.66,83.35,593.05,242.76,375.2,340.9,1.79,154.0,101880.0
20110524:0200,14.53,75.0,519.3,144.56,382.0,1.5,1.93,148.0,101860.0
20110524:0300,15.21,69.9,393.0,166.26,234.7,11.95,1.59,147.0,101840.0
20110524:0400,14.52,75.0,688.45,556.59,185.1,-13.15,1.79,111.0,101760.0
20110524:0500,15.47,70.0,612.35,572.34,148.95,-11.6,2.62,109.0,101680.0
20110524:0600,15.69,70.0,545.25,643.48,111.2,-19.7,3.45,115.0,101670.0
20110524:0700,16.09,67.65,345.15,498.45,91.85,-13.9,3.66,116.0,101650.0
20110524:0800,15.59,70.0,152.25,284.54,60.65,-1.5,3.17,118.0,101670.0
20110524:0900,15.44,67.55,19.85,51.77,13.2,-1.9,2.69,132.0,101710.0
20110524:1000,14.12,80.45,0.0,-0.0,0.0,-2.3,2.34,150.0,101760.0
20110524:1100,14.1,80.45,0.0,-0.0,0.0,-1.15,2.21,163.0,101850.0
20110524:1200,14.71,77.75,0.0,-0.0,0.0,-0.55,2.41,171.0,101860.0
20110524:1300,14.21,80.45,0.0,-0.0,0.0,-0.75,2.97,182.0,101870.0
20110524:1400,13.21,83.25,0.0,-0.0,0.0,2.9,3.52,192.0,101850.0
20110524:1500,13.34,83.25,0.0,-0.0,0.0,1.35,3.72,202.0,101850.0
20110524:1600,14.07,77.65,0.0,-0.0,0.0,2.3,3.66,207.0,101790.0
20110524:1700,13.6,80.4,0.0,-0.0,0.0,1.7,3.38,207.0,101760.0
20110524:1800,13.36,83.25,0.0,-0.0,0.0,-0.95,3.38,208.0,101740.0
20110524:1900,13.21,83.25,0.0,-0.0,0.0,2.7,3.17,214.0,101700.0
20110524:2000,12.75,86.25,135.8,716.6,56.65,-4.8,3.1,218.0,101710.0
20110524:2100,13.05,80.35,323.4,768.14,89.95,-5.2,2.9,218.0,101710.0
20110524:2200,16.47,63.05,464.8,693.02,124.25,2.3,2.07,230.0,101710.0
20110524:2300,16.96,63.05,685.5,820.52,143.85,8.1,1.38,247.0,101710.0
20110525:0000,17.48,70.3,756.1,679.97,212.45,3.25,0.9,302.0,101720.0
20110525:0100,18.23,67.95,914.5,833.78,165.55,312.85,0.9,7.0,101660.0
20110525:0200,19.65,55.2,929.1,769.96,197.15,1.15,1.45,31.0,101640.0
20110525:0300,20.01,55.3,849.95,722.71,161.15,8.5,2.14,34.0,101630.0
20110525:0400,19.66,59.25,693.9,527.49,216.3,5.8,2.41,46.0,101650.0
20110525:0500,19.88,63.6,685.3,684.77,130.0,1.9,2.55,56.0,101650.0
20110525:0600,20.26,63.7,536.75,628.97,111.55,-6.55,2.28,74.0,101680.0
20110525:0700,20.12,65.95,322.25,435.37,100.25,-8.1,1.79,87.0,101710.0
20110525:0800,19.28,73.05,145.45,262.43,60.45,6.55,1.52,95.0,101730.0
20110525:0900,18.97,75.65,20.7,54.34,13.6,-8.7,1.38,94.0,101800.0
20110525:1000,17.43,89.7,0.0,-0.0,0.0,-4.45,1.1,93.0,101870.0
20110525:1100,17.53,96.05,0.0,-0.0,0.0,-6.35,0.9,79.0,101980.0
20110525:1200,17.84,96.05,0.0,-0.0,0.0,-2.7,0.69,41.0,102080.0
20110525:1300,17.19,89.65,0.0,-0.0,0.0,-1.35,2.14,26.0,102130.0
20110525:1400,15.89,92.75,0.0,-0.0,0.0,7.9,2.9,24.0,102180.0
20110525:1500,14.93,86.5,0.0,-0.0,0.0,10.05,2.97,19.0,102180.0
20110525:1600,15.06,89.55,0.0,-0.0,0.0,30.35,3.17,18.0,102180.0
20110525:1700,14.5,89.5,0.0,-0.0,0.0,18.95,3.17,20.0,102200.0
20110525:1800,14.32,89.5,0.0,-0.0,0.0,1.5,2.9,25.0,102240.0
20110525:1900,14.39,86.45,0.0,-0.0,0.0,0.15,2.14,27.0,102250.0
20110525:2000,14.19,83.4,60.05,114.64,47.2,-3.25,1.45,39.0,102310.0
20110525:2100,13.33,86.3,120.1,77.13,96.55,-7.15,1.31,53.0,102340.0
20110525:2200,15.12,72.45,248.65,145.55,176.95,5.6,1.1,13.0,102410.0
20110525:2300,15.13,69.9,421.8,253.8,254.0,-7.35,0.62,52.0,102370.0
20110526:0000,15.88,70.0,560.2,286.99,330.5,3.25,1.17,141.0,102310.0
20110526:0100,16.53,65.35,697.55,442.57,299.65,359.3,2.34,150.0,102230.0
20110526:0200,17.13,70.2,741.5,498.07,267.6,-4.6,3.03,135.0,102240.0
20110526:0300,17.21,72.7,737.35,510.49,250.35,9.45,4.14,114.0,102220.0
20110526:0400,17.26,75.3,688.45,399.4,326.4,-19.9,4.76,123.0,102200.0
20110526:0500,16.77,72.7,559.05,359.84,266.8,-10.25,4.83,125.0,102160.0
20110526:0600,16.74,70.2,300.4,72.92,251.0,12.15,4.55,131.0,102160.0
20110526:0700,16.66,67.75,165.65,26.39,152.15,-10.05,4.69,132.0,102100.0
20110526:0800,15.9,75.25,59.75,2.15,59.05,0.55,4.14,144.0,102130.0
20110526:0900,16.09,75.25,8.95,0.0,8.95,6.35,3.59,150.0,102170.0
20110526:1000,15.42,80.65,0.0,-0.0,0.0,-3.85,2.97,158.0,102190.0
20110526:1100,15.77,83.55,0.0,-0.0,0.0,3.85,2.9,160.0,102200.0
20110526:1200,15.88,83.55,0.0,-0.0,0.0,-0.95,2.83,163.0,102240.0
20110526:1300,15.89,83.55,0.0,-0.0,0.0,2.3,2.83,168.0,102250.0
20110526:1400,15.71,86.5,0.0,-0.0,0.0,4.45,2.55,177.0,102210.0
20110526:1500,15.74,86.5,0.0,-0.0,0.0,-3.65,2.55,178.0,102180.0
20110526:1600,15.88,86.5,0.0,-0.0,0.0,3.25,2.9,176.0,102140.0
20110526:1700,16.06,86.55,0.0,-0.0,0.0,18.75,3.1,180.0,102130.0
20110526:1800,16.09,86.55,0.0,-0.0,0.0,-11.2,2.97,185.0,102090.0
20110526:1900,16.06,83.6,0.0,-0.0,0.0,0.0,3.03,185.0,102090.0
20110526:2000,16.05,86.55,109.2,416.65,61.85,-2.5,3.03,186.0,102070.0
20110526:2100,16.2,83.6,257.8,493.89,106.35,-21.45,3.03,184.0,102070.0
20110526:2200,18.2,72.9,326.25,319.92,168.3,4.8,4.07,193.0,102050.0
20110526:2300,18.39,67.95,640.15,705.98,172.7,11.4,4.41,190.0,102050.0
20110527:0000,18.9,63.4,744.95,695.53,187.7,-14.3,4.55,175.0,102040.0
20110527:0100,18.87,59.05,682.9,442.8,284.45,347.3,5.31,171.0,102030.0
20110527:0200,18.73,56.95,616.4,333.26,299.05,0.15,5.45,172.0,102000.0
20110527:0300,18.63,59.05,650.65,405.92,263.05,7.7,5.52,174.0,101950.0
20110527:0400,18.38,58.9,644.95,478.34,210.85,-6.0,5.45,168.0,101890.0
20110527:0500,17.71,58.8,670.5,635.62,153.5,-26.7,5.52,163.0,101830.0
20110527:0600,18.35,58.9,433.45,376.19,178.05,-2.7,5.72,160.0,101810.0
20110527:0700,18.19,61.05,271.3,248.89,143.55,14.7,5.45,162.0,101790.0
20110527:0800,17.63,67.85,117.1,116.25,79.0,19.15,5.17,159.0,101800.0
20110527:0900,17.95,67.95,17.05,12.6,15.35,-8.3,5.03,163.0,101830.0
20110527:1000,17.28,75.3,0.0,-0.0,0.0,-6.55,4.34,169.0,101870.0
20110527:1100,17.28,75.3,0.0,-0.0,0.0,5.8,4.14,170.0,101890.0
20110527:1200,17.29,78.0,0.0,-0.0,0.0,7.35,4.07,174.0,101890.0
20110527:1300,17.07,80.8,0.0,-0.0,0.0,-7.35,4.07,178.0,101870.0
20110527:1400,16.74,83.65,0.0,-0.0,0.0,10.8,4.21,183.0,101850.0
20110527:1500,16.94,86.6,0.0,-0.0,0.0,-0.55,4.21,185.0,101830.0
20110527:1600,17.23,86.6,0.0,-0.0,0.0,15.85,4.21,185.0,101750.0
20110527:1700,16.8,86.6,0.0,-0.0,0.0,2.1,4.14,186.0,101760.0
20110527:1800,16.69,86.6,0.0,-0.0,0.0,0.75,4.34,184.0,101740.0
20110527:1900,16.67,83.65,0.0,-0.0,0.0,-1.7,4.14,180.0,101720.0
20110527:2000,16.44,86.6,22.75,0.87,22.65,2.1,4.0,180.0,101730.0
20110527:2100,16.61,86.6,61.85,7.96,59.4,4.45,4.0,181.0,101710.0
20110527:2200,17.26,92.8,100.9,11.42,95.25,0.15,3.31,199.0,101680.0
20110527:2300,17.42,89.7,180.2,10.33,173.35,1.35,3.24,172.0,101720.0
20110528:0000,17.24,92.8,115.5,9.17,108.15,5.8,3.17,155.0,101730.0
20110528:0100,16.95,92.8,93.8,0.5,93.35,388.5,4.07,157.0,101710.0
20110528:0200,17.02,92.8,114.05,2.26,111.9,0.55,4.41,160.0,101660.0
20110528:0300,17.26,96.05,188.3,5.7,182.85,1.9,4.07,157.0,101580.0
20110528:0400,17.17,92.8,245.3,9.3,236.85,-2.3,3.45,142.0,101550.0
20110528:0500,17.65,89.7,181.8,11.36,172.55,2.7,3.79,136.0,101460.0
20110528:0600,17.37,92.8,210.25,31.53,188.8,-0.15,3.72,138.0,101440.0
20110528:0700,17.42,89.7,109.45,5.73,106.5,-5.4,3.66,135.0,101420.0
20110528:0800,17.17,96.05,30.4,0.0,30.4,8.5,3.1,139.0,101430.0
20110528:0900,17.36,96.05,3.7,0.0,3.7,-1.15,2.9,142.0,101450.0
20110528:1000,17.25,96.05,0.0,-0.0,0.0,1.9,2.62,140.0,101420.0
20110528:1100,17.16,96.05,0.0,-0.0,0.0,-1.15,2.62,146.0,101450.0
20110528:1200,17.12,96.05,0.0,-0.0,0.0,-5.4,2.14,162.0,101490.0
20110528:1300,16.93,96.05,0.0,-0.0,0.0,2.1,1.72,163.0,101440.0
20110528:1400,16.86,96.05,0.0,-0.0,0.0,1.9,1.52,157.0,101350.0
20110528:1500,16.87,96.05,0.0,-0.0,0.0,-0.95,0.62,160.0,101270.0
20110528:1600,16.64,96.05,0.0,-0.0,0.0,0.0,0.41,306.0,101240.0
20110528:1700,16.57,96.05,0.0,-0.0,0.0,-1.35,0.34,332.0,101180.0
20110528:1800,16.43,92.8,0.0,-0.0,0.0,0.0,0.55,1.0,101140.0
20110528:1900,16.2,96.05,0.0,-0.0,0.0,2.1,1.66,342.0,101130.0
20110528:2000,16.29,96.05,15.05,0.0,15.05,-0.55,1.86,341.0,101140.0
20110528:2100,16.06,96.05,24.75,0.0,24.75,-0.15,2.28,338.0,101180.0
20110528:2200,16.74,96.05,31.4,0.0,31.4,0.95,2.28,353.0,101140.0
20110528:2300,16.5,92.8,59.05,0.08,59.0,-0.35,3.17,10.0,101100.0
20110529:0000,16.21,96.05,57.9,1.43,56.75,-2.3,2.9,354.0,101140.0
20110529:0100,15.99,92.8,72.55,0.0,72.55,391.25,3.45,352.0,101070.0
20110529:0200,16.35,96.05,73.8,0.89,72.95,0.15,3.45,347.0,101100.0
20110529:0300,16.42,92.8,45.05,0.0,45.05,0.55,3.72,13.0,101060.0
20110529:0400,16.56,92.8,64.75,0.0,64.75,0.55,3.79,23.0,101030.0
20110529:0500,16.43,92.8,38.75,0.0,38.75,0.35,3.79,28.0,100990.0
20110529:0600,16.28,92.8,32.85,0.15,32.75,0.55,3.52,31.0,100950.0
20110529:0700,16.06,92.8,19.2,0.19,19.1,-2.9,3.93,36.0,100890.0
20110529:0800,15.87,92.75,8.4,0.0,8.4,-1.5,4.62,34.0,100790.0
20110529:0900,15.81,92.75,1.55,0.0,1.55,-3.05,5.24,36.0,100760.0
20110529:1000,15.52,89.6,0.0,-0.0,0.0,-1.5,5.72,32.0,100750.0
20110529:1100,15.63,89.6,0.0,-0.0,0.0,-1.9,7.1,36.0,100650.0
20110529:1200,15.71,92.75,0.0,-0.0,0.0,-0.95,7.31,45.0,100580.0
20110529:1300,15.22,92.75,0.0,-0.0,0.0,0.75,7.24,46.0,100520.0
20110529:1400,14.82,92.7,0.0,-0.0,0.0,-0.35,7.17,39.0,100410.0
20110529:1500,14.6,92.7,0.0,-0.0,0.0,0.0,7.45,32.0,100290.0
20110529:1600,14.78,92.7,0.0,-0.0,0.0,0.0,7.79,29.0,100150.0
20110529:1700,14.78,92.7,0.0,-0.0,0.0,1.15,7.86,27.0,100060.0
20110529:1800,14.86,92.7,0.0,-0.0,0.0,0.75,7.72,26.0,99980.0
20110529:1900,14.78,92.7,0.0,-0.0,0.0,0.0,7.93,26.0,99880.0
20110529:2000,14.59,92.7,7.05,2.12,6.8,-1.35,7.86,24.0,99760.0
20110529:2100,14.31,96.0,30.35,2.1,29.7,-1.7,7.66,22.0,99660.0
20110529:2200,15.2,92.75,96.7,9.56,91.95,0.35,7.31,17.0,99720.0
20110529:2300,15.38,92.75,124.05,32.35,102.55,0.95,6.76,11.0,99590.0
20110530:0000,15.03,92.75,174.45,40.52,141.9,-0.95,6.07,356.0,99510.0
20110530:0100,14.78,92.7,243.7,61.54,188.2,381.95,5.66,345.0,99490.0
20110530:0200,14.47,92.7,271.05,64.07,209.9,-5.0,5.79,356.0,99490.0
20110530:0300,14.27,92.7,164.4,30.76,134.95,1.5,7.24,13.0,99520.0
20110530:0400,14.08,92.7,174.8,17.3,159.05,-3.45,9.72,12.0,99600.0
20110530:0500,13.94,86.4,171.05,14.51,159.2,-3.65,11.38,14.0,99700.0
20110530:0600,13.57,86.35,85.05,3.51,82.65,-2.5,11.24,16.0,99780.0
20110530:0700,13.49,86.35,57.5,3.57,55.65,2.9,11.45,16.0,99870.0
20110530:0800,12.93,83.25,24.2,1.05,23.85,-5.0,11.38,16.0,99980.0
20110530:0900,12.81,86.25,3.15,0.0,3.15,-0.15,11.24,17.0,100090.0
20110530:1000,12.81,86.25,0.0,-0.0,0.0,-2.9,9.59,15.0,100230.0
20110530:1100,12.78,86.25,0.0,-0.0,0.0,-0.55,10.07,8.0,100390.0
20110530:1200,12.53,86.25,0.0,-0.0,0.0,0.0,9.66,4.0,100520.0
20110530:1300,12.23,89.35,0.0,-0.0,0.0,-0.55,10.07,3.0,100620.0
20110530:1400,12.04,83.15,0.0,-0.0,0.0,-1.5,10.14,5.0,100730.0
20110530:1500,11.18,86.1,0.0,-0.0,0.0,-2.1,9.52,4.0,100760.0
20110530:1600,11.06,83.05,0.0,-0.0,0.0,-1.5,9.79,6.0,100800.0
20110530:1700,10.44,83.0,0.0,-0.0,0.0,-2.1,9.52,9.0,100840.0
20110530:1800,11.03,86.1,0.0,-0.0,0.0,0.75,9.17,7.0,100900.0
20110530:1900,10.92,83.05,0.0,-0.0,0.0,-3.85,8.62,3.0,100990.0
20110530:2000,10.97,86.1,24.65,0.0,24.65,-0.95,8.07,3.0,101110.0
20110530:2100,10.53,83.0,70.35,34.72,59.55,-1.15,7.93,8.0,101180.0
20110530:2200,11.4,77.3,132.65,23.52,120.95,-2.7,7.59,12.0,101280.0
20110530:2300,10.75,80.05,267.05,82.07,212.45,1.7,7.38,15.0,101390.0
20110531:0000,10.13,79.95,382.1,83.6,314.9,-3.05,7.31,18.0,101430.0
20110531:0100,9.84,77.1,455.6,104.77,361.05,344.0,6.83,20.0,101500.0
20110531:0200,10.37,71.7,706.75,295.44,424.6,-1.35,6.34,21.0,101530.0
20110531:0300,10.33,74.3,692.9,373.78,334.8,-19.7,6.28,23.0,101490.0
20110531:0400,10.21,71.6,558.9,263.31,318.95,4.6,6.0,26.0,101470.0
20110531:0500,9.95,69.0,483.6,211.5,310.6,7.7,5.59,26.0,101510.0
20110531:0600,9.86,69.0,304.9,74.52,253.9,-3.05,5.31,24.0,101540.0
20110531:0700,10.1,71.6,193.9,50.13,167.85,-1.35,4.9,21.0,101560.0
20110531:0800,9.91,71.6,85.5,30.3,75.35,-15.85,4.76,23.0,101600.0
20110531:0900,10.27,74.3,13.1,1.75,12.85,7.35,4.76,27.0,101660.0
20110531:1000,9.85,74.3,0.0,-0.0,0.0,-3.85,4.41,28.0,101680.0
20110531:1100,10.16,77.1,0.0,-0.0,0.0,20.7,4.34,31.0,101760.0
20110531:1200,10.53,77.15,0.0,-0.0,0.0,1.7,3.72,32.0,101820.0
20110531:1300,10.52,77.15,0.0,-0.0,0.0,-10.45,3.03,39.0,101850.0
20110531:1400,10.47,77.15,0.0,-0.0,0.0,2.3,2.34,36.0,101820.0
20110531:1500,10.3,77.1,0.0,-0.0,0.0,5.8,1.79,27.0,101810.0
20110531:1600,7.82,75.7,0.0,-0.0,0.0,10.21,1.0,16.0,101800.0
20110531:1700,8.79,75.73,0.0,-0.0,0.0,11.95,1.03,29.0,101820.0
20110531:1800,9.76,75.76,0.0,-0.0,0.0,13.69,1.06,45.0,101790.0
20110531:1900,10.73,75.79,0.0,-0.0,0.0,15.43,1.09,59.0,101800.0
20110531:2000,11.7,75.82,76.25,57.89,69.3,17.17,1.11,85.0,101800.0
20110531:2100,12.67,75.85,197.15,181.08,140.65,18.91,1.14,106.0,101840.0
20110531:2200,13.64,75.88,372.25,423.62,161.2,20.65,1.17,81.0,101910.0
20110531:2300,14.61,75.91,476.2,314.44,266.8,22.39,1.2,79.0,101940.0
20120601:0000,15.58,75.94,417.85,117.61,323.2,24.14,1.23,262.0,101670.0
20120601:0100,16.55,75.97,480.9,147.0,348.1,25.88,1.25,282.0,101570.0
20120601:0200,17.52,76.0,426.0,100.4,330.0,27.62,1.28,332.0,101570.0
20120601:0300,18.49,76.03,422.05,72.8,352.2,29.36,1.31,88.0,101530.0
20120601:0400,19.46,76.07,418.15,86.2,339.45,31.1,1.34,118.0,101470.0
20120601:0500,20.43,76.1,421.1,224.38,237.1,32.84,1.36,128.0,101420.0
20120601:0600,21.4,76.13,315.15,184.82,188.2,34.58,1.39,140.0,101410.0
20120601:0700,22.37,76.16,323.5,441.42,92.8,36.33,1.42,153.0,101400.0
20120601:0800,20.48,81.15,126.8,207.58,56.55,-19.35,1.93,152.0,101430.0
20120601:0900,20.08,83.95,20.15,52.09,12.5,-9.45,2.0,162.0,101470.0
20120601:1000,19.76,86.85,0.0,-0.0,0.0,13.35,2.07,178.0,101510.0
20120601:1100,20.07,83.95,0.0,-0.0,0.0,-17.8,1.72,214.0,101540.0
20120601:1200,20.23,81.15,0.0,-0.0,0.0,-1.35,0.97,253.0,101540.0
20120601:1300,19.93,83.9,0.0,-0.0,0.0,-3.25,1.1,274.0,101550.0
20120601:1400,19.51,86.85,0.0,-0.0,0.0,0.0,1.38,282.0,101570.0
20120601:1500,19.13,86.8,0.0,-0.0,0.0,-11.95,2.0,299.0,101560.0
20120601:1600,19.42,83.85,0.0,-0.0,0.0,-3.05,2.28,316.0,101560.0
20120601:1700,18.64,81.0,0.0,-0.0,0.0,-2.5,2.28,331.0,101590.0
20120601:1800,18.68,81.0,0.0,-0.0,0.0,-3.05,2.14,344.0,101620.0
20120601:1900,18.64,83.8,0.0,-0.0,0.0,-0.55,1.59,343.0,101690.0
20120601:2000,18.05,80.9,142.25,679.47,59.35,-7.5,1.45,332.0,101720.0
20120601:2100,17.45,80.85,334.65,787.03,87.85,8.3,1.17,318.0,101750.0
20120601:2200,19.17,73.05,527.65,826.16,115.0,-6.75,1.03,327.0,101760.0
20120601:2300,18.92,72.95,701.9,862.86,126.35,3.45,1.31,14.0,101790.0
20120602:0000,19.03,70.55,841.7,876.97,135.55,6.0,1.38,38.0,101740.0
20120602:0100,19.17,70.55,920.7,855.5,147.45,314.95,1.72,54.0,101730.0
20120602:0200,19.61,68.2,935.75,776.96,192.45,4.05,2.07,65.0,101730.0
20120602:0300,19.65,68.2,877.35,676.61,227.75,12.15,2.28,77.0,101700.0
20120602:0400,19.73,73.15,590.2,356.25,264.65,0.55,2.34,82.0,101680.0
20120602:0500,19.43,78.3,571.45,368.3,269.05,13.15,2.28,90.0,101660.0
20120602:0600,19.4,78.3,321.25,176.13,200.05,8.7,2.0,93.0,101640.0
20120602:0700,19.21,75.65,223.3,132.14,154.05,6.95,2.0,89.0,101640.0
20120602:0800,18.27,83.75,109.15,47.79,92.9,-6.15,1.86,89.0,101640.0
20120602:0900,17.76,86.65,16.65,3.36,16.15,-10.45,1.72,88.0,101670.0
20120602:1000,16.81,89.65,0.0,-0.0,0.0,4.8,1.72,65.0,101760.0
20120602:1100,16.8,92.8,0.0,-0.0,0.0,2.1,2.0,54.0,101790.0
20120602:1200,16.92,92.8,0.0,-0.0,0.0,2.7,1.93,53.0,101820.0
20120602:1300,16.01,89.65,0.0,-0.0,0.0,18.75,1.59,53.0,101830.0
20120602:1400,15.74,92.75,0.0,-0.0,0.0,6.15,1.45,46.0,101780.0
20120602:1500,15.62,89.6,0.0,-0.0,0.0,-7.5,1.17,50.0,101760.0
20120602:1600,15.64,89.6,0.0,-0.0,0.0,6.35,0.97,59.0,101770.0
20120602:1700,15.36,89.55,0.0,-0.0,0.0,-13.9,1.03,60.0,101720.0
20120602:1800,16.13,83.6,0.0,-0.0,0.0,6.75,0.9,68.0,101740.0
20120602:1900,16.33,83.6,0.0,-0.0,0.0,-6.35,1.03,71.0,101710.0
20120602:2000,16.44,83.6,50.7,37.44,46.1,-1.5,1.17,63.0,101740.0
20120602:2100,16.43,86.55,141.7,62.21,122.15,-1.9,1.24,57.0,101760.0
20120602:2200,16.93,78.0,201.6,101.5,150.85,12.55,0.9,59.0,101740.0
20120602:2300,16.54,78.0,316.55,118.28,237.6,5.4,1.24,63.0,101740.0
20120603:0000,16.43,83.6,422.85,140.09,310.0,-2.7,1.38,78.0,101690.0
20120603:0100,17.23,80.85,415.4,129.78,298.05,386.95,1.86,81.0,101680.0
20120603:0200,17.73,83.7,584.1,329.94,268.3,0.55,2.34,92.0,101650.0
20120603:0300,18.27,80.9,595.1,369.11,240.5,-18.95,2.48,94.0,101570.0
20120603:0400,18.0,80.9,514.85,312.38,229.15,-6.95,2.41,98.0,101560.0
20120603:0500,18.22,80.9,518.25,439.88,156.65,12.55,2.48,91.0,101470.0
20120603:0600,18.4,80.9,376.7,291.3,175.9,-23.2,2.69,94.0,101450.0
20120603:0700,18.98,75.65,272.85,313.34,108.2,21.05,2.9,107.0,101410.0
20120603:0800,18.95,81.0,113.65,100.98,79.15,-16.25,2.48,111.0,101400.0
20120603:0900,18.67,81.0,20.1,33.57,15.05,1.5,1.72,128.0,101430.0
20120603:1000,17.24,89.7,0.0,-0.0,0.0,-5.4,1.72,140.0,101490.0
20120603:1100,17.29,92.85,0.0,-0.0,0.0,5.8,2.41,161.0,101530.0
20120603:1200,17.35,89.7,0.0,-0.0,0.0,-27.85,2.48,174.0,101540.0
20120603:1300,17.22,89.7,0.0,-0.0,0.0,-4.45,2.41,195.0,101540.0
20120603:1400,17.25,89.7,0.0,-0.0,0.0,-2.5,2.28,204.0,101510.0
20120603:1500,17.74,92.85,0.0,-0.0,0.0,-2.5,2.0,214.0,101470.0
20120603:1600,17.7,89.7,0.0,-0.0,0.0,14.1,1.59,219.0,101430.0
20120603:1700,17.32,89.7,0.0,-0.0,0.0,4.25,1.52,223.0,101390.0
20120603:1800,17.2,89.7,0.0,-0.0,0.0,-3.65,1.66,231.0,101410.0
20120603:1900,17.14,89.7,0.0,-0.0,0.0,9.45,1.72,238.0,101430.0
20120603:2000,16.83,92.8,107.55,319.57,68.05,10.05,1.59,241.0,101480.0
20120603:2100,15.94,96.0,290.8,586.49,106.15,-13.5,1.38,245.0,101490.0
20120603:2200,19.12,73.05,500.45,757.38,121.4,-10.8,1.03,262.0,101500.0
20120603:2300,19.73,70.65,679.55,814.63,135.5,-1.35,1.03,270.0,101570.0
20120604:0000,20.37,70.7,783.05,788.83,147.35,6.75,0.69,303.0,101510.0
20120604:0100,20.83,73.3,895.25,827.22,146.95,349.25,0.83,346.0,101510.0
20120604:0200,21.42,70.9,889.35,727.19,193.0,-6.15,1.24,50.0,101450.0
20120604:0300,21.94,71.0,816.35,670.52,171.8,11.95,2.0,80.0,101360.0
20120604:0400,21.35,70.9,750.2,656.25,149.5,5.2,1.93,109.0,101350.0
20120604:0500,22.29,66.35,586.1,534.27,146.4,-9.45,2.34,132.0,101310.0
20120604:0600,22.25,66.35,498.25,551.14,117.7,7.35,3.24,152.0,101290.0
20120604:0700,21.74,68.6,292.6,324.39,121.7,0.0,3.86,161.0,101270.0
20120604:0800,21.19,70.9,128.0,196.67,60.5,1.35,3.31,166.0,101300.0
20120604:0900,20.92,73.3,23.55,50.28,15.9,4.25,2.21,166.0,101330.0
20120604:1000,20.57,81.2,0.0,-0.0,0.0,-5.8,2.28,166.0,101350.0
20120604:1100,20.17,81.15,0.0,-0.0,0.0,-18.35,2.48,191.0,101350.0
20120604:1200,20.32,81.15,0.0,-0.0,0.0,4.8,2.21,208.0,101390.0
20120604:1300,19.62,81.1,0.0,-0.0,0.0,1.7,1.72,210.0,101390.0
20120604:1400,19.26,83.85,0.0,-0.0,0.0,-4.45,2.0,219.0,101360.0
20120604:1500,19.27,83.85,0.0,-0.0,0.0,-4.05,1.79,230.0,101320.0
20120604:1600,18.8,86.75,0.0,-0.0,0.0,-0.95,2.07,240.0,101290.0
20120604:1700,18.49,86.75,0.0,-0.0,0.0,-1.7,1.86,245.0,101300.0
20120604:1800,18.43,89.75,0.0,-0.0,0.0,-1.7,1.93,248.0,101330.0
20120604:1900,18.52,86.75,0.0,-0.0,0.0,-4.45,1.79,253.0,101310.0
20120604:2000,18.45,92.85,104.05,186.28,80.9,2.1,1.66,252.0,101330.0
20120604:2100,18.39,89.75,233.55,315.37,134.1,3.65,1.38,239.0,101360.0
20120604:2200,20.42,75.75,407.7,377.05,218.85,1.35,0.55,307.0,101330.0
20120604:2300,20.64,70.8,558.05,439.78,264.2,2.5,0.14,225.0,101370.0
20120605:0000,21.37,70.9,642.0,411.84,310.0,9.25,0.9,165.0,101290.0
20120605:0100,21.95,71.0,640.8,245.72,418.45,361.8,1.93,160.0,101270.0
20120605:0200,22.57,66.45,653.45,293.58,372.2,5.2,3.31,163.0,101220.0
20120605:0300,23.23,66.55,563.05,195.47,375.05,0.0,3.93,171.0,101180.0
20120605:0400,23.48,66.55,485.45,129.19,367.1,-0.15,4.34,173.0,101140.0
20120605:0500,23.33,66.55,401.65,170.59,261.1,1.5,4.76,172.0,101070.0
20120605:0600,23.06,66.55,348.4,147.12,246.65,5.4,4.76,170.0,101030.0
20120605:0700,22.84,68.75,176.8,39.76,155.8,-12.35,4.69,173.0,100990.0
20120605:0800,22.25,71.05,83.1,13.05,78.6,6.15,4.97,180.0,101000.0
20120605:0900,21.56,68.6,14.35,1.63,14.1,-6.75,4.83,183.0,100960.0
20120605:1000,20.25,75.75,0.0,-0.0,0.0,4.8,4.14,189.0,100960.0
20120605:1100,20.32,75.75,0.0,-0.0,0.0,-11.6,4.34,190.0,100970.0
20120605:1200,20.17,73.2,0.0,-0.0,0.0,-8.5,4.28,194.0,100980.0
20120605:1300,19.9,75.7,0.0,-0.0,0.0,0.75,4.28,196.0,100940.0
20120605:1400,19.51,75.7,0.0,-0.0,0.0,2.3,4.41,197.0,100940.0
20120605:1500,19.22,78.3,0.0,-0.0,0.0,1.35,4.0,198.0,100810.0
20120605:1600,19.32,81.05,0.0,-0.0,0.0,-4.45,3.79,198.0,100690.0
20120605:1700,18.77,83.8,0.0,-0.0,0.0,4.45,3.93,194.0,100660.0
20120605:1800,18.55,83.8,0.0,-0.0,0.0,-7.35,3.79,191.0,100590.0
20120605:1900,18.29,86.7,0.0,-0.0,0.0,-1.5,3.38,189.0,100560.0
20120605:2000,18.11,89.75,49.3,16.82,47.2,20.1,3.1,182.0,100480.0
20120605:2100,17.78,89.7,104.35,27.08,95.8,-5.8,2.97,174.0,100490.0
20120605:2200,18.34,86.7,193.5,27.24,179.85,12.15,1.52,133.0,100470.0
20120605:2300,18.24,89.75,272.9,57.52,234.45,-5.8,3.24,130.0,100450.0
20120606:0000,18.11,89.75,394.4,173.56,254.45,2.9,2.21,123.0,100420.0
20120606:0100,18.27,89.75,397.25,164.89,248.0,366.65,1.1,144.0,100380.0
20120606:0200,18.56,78.25,610.5,245.26,375.45,-4.6,0.21,43.0,100360.0
20120606:0300,19.65,63.6,639.15,362.51,290.3,5.95,1.38,24.0,100320.0
20120606:0400,19.15,61.3,494.25,296.21,222.7,-6.95,2.41,27.0,100280.0
20120606:0500,18.89,63.4,258.6,67.9,202.6,-6.75,3.45,43.0,100230.0
20120606:0600,17.8,75.4,284.15,211.57,137.6,14.5,4.07,45.0,100210.0
20120606:0700,16.58,80.8,189.4,101.24,135.8,-6.95,4.07,41.0,100210.0
20120606:0800,16.47,80.8,113.4,155.41,59.6,-12.75,3.03,28.0,100260.0
20120606:0900,16.15,83.6,17.35,26.71,13.2,-6.15,3.72,28.0,100300.0
20120606:1000,15.46,89.6,0.0,-0.0,0.0,1.7,2.69,358.0,100310.0
20120606:1100,16.07,89.65,0.0,-0.0,0.0,-8.5,3.38,342.0,100340.0
20120606:1200,16.43,89.65,0.0,-0.0,0.0,10.45,3.38,326.0,100400.0
20120606:1300,16.13,83.6,0.0,-0.0,0.0,4.45,3.38,321.0,100450.0
20120606:1400,16.12,80.75,0.0,-0.0,0.0,-8.9,3.1,324.0,100470.0
20120606:1500,15.99,77.95,0.0,-0.0,0.0,2.7,2.97,312.0,100470.0
20120606:1600,16.0,77.95,0.0,-0.0,0.0,-29.8,2.62,300.0,100490.0
20120606:1700,15.14,86.5,0.0,-0.0,0.0,12.75,2.34,291.0,100500.0
20120606:1800,14.93,92.7,0.0,-0.0,0.0,-15.05,1.45,286.0,100560.0
20120606:1900,14.76,92.7,0.0,-0.0,0.0,18.95,0.83,283.0,100590.0
20120606:2000,14.68,92.7,105.6,424.4,52.4,18.15,0.69,253.0,100640.0
20120606:2100,15.24,89.55,235.3,486.66,81.45,-6.75,1.1,231.0,100710.0
20120606:2200,18.34,75.45,401.15,596.08,102.25,-14.5,0.97,171.0,100770.0
20120606:2300,18.81,72.95,583.85,653.11,147.15,5.2,1.86,193.0,100760.0
20120607:0000,19.49,68.2,758.25,750.4,153.05,6.35,2.28,208.0,100750.0
20120607:0100,20.19,65.95,869.85,783.86,160.15,331.25,2.07,213.0,100710.0
20120607:0200,21.44,63.9,917.7,793.79,156.7,12.75,1.24,212.0,100700.0
20120607:0300,22.4,61.95,765.35,636.32,152.7,-4.45,0.55,178.0,100720.0
20120607:0400,23.0,62.05,654.05,492.63,202.1,14.9,0.83,134.0,100690.0
20120607:0500,22.34,61.95,384.3,273.42,158.55,16.25,2.14,130.0,100640.0
20120607:0600,21.44,70.9,397.6,389.84,127.15,7.7,2.76,145.0,100680.0
20120607:0700,21.33,73.35,144.95,140.57,70.35,-13.9,2.69,157.0,100710.0
20120607:0800,20.55,81.2,103.45,109.32,65.45,10.25,1.79,159.0,100740.0
20120607:0900,20.23,81.15,21.55,42.37,14.9,-8.9,1.1,137.0,100790.0
20120607:1000,20.25,83.95,0.0,-0.0,0.0,-8.3,1.66,161.0,100870.0
20120607:1100,20.68,81.2,0.0,-0.0,0.0,6.95,2.07,188.0,100880.0
20120607:1200,20.79,81.2,0.0,-0.0,0.0,-10.45,2.07,205.0,100920.0
20120607:1300,20.57,81.2,0.0,-0.0,0.0,2.9,2.0,217.0,100910.0
20120607:1400,20.24,83.95,0.0,-0.0,0.0,-10.45,1.52,225.0,100910.0
20120607:1500,19.45,89.8,0.0,-0.0,0.0,-1.9,1.72,230.0,100880.0
20120607:1600,19.04,89.8,0.0,-0.0,0.0,-3.25,1.72,235.0,100860.0
20120607:1700,18.43,96.05,0.0,-0.0,0.0,3.65,1.52,243.0,100890.0
20120607:1800,18.64,92.85,0.0,-0.0,0.0,-10.05,1.17,255.0,100900.0
20120607:1900,18.44,96.05,0.0,-0.0,0.0,0.15,0.97,267.0,100920.0
20120607:2000,18.13,92.85,86.05,87.07,75.1,1.35,1.24,283.0,100940.0
20120607:2100,18.27,92.85,199.4,125.63,159.65,11.4,1.24,297.0,100940.0
20120607:2200,19.56,81.1,330.2,194.07,232.85,9.65,1.66,11.0,100900.0
20120607:2300,19.57,81.1,495.8,317.44,283.5,0.95,1.38,13.0,100890.0
20120608:0000,19.83,81.1,744.55,619.75,244.65,3.45,0.97,22.0,100870.0
20120608:0100,20.78,78.5,760.85,507.42,301.35,355.25,1.31,47.0,100830.0
20120608:0200,21.87,73.45,848.85,633.95,240.9,13.15,1.66,54.0,100840.0
20120608:0300,22.21,76.1,789.4,597.82,213.55,0.35,1.72,69.0,100800.0
20120608:0400,21.79,84.1,741.65,632.91,160.6,-8.1,2.07,77.0,100750.0
20120608:0500,21.65,81.35,560.3,521.19,129.55,3.25,2.07,75.0,100680.0
20120608:0600,22.14,81.4,336.6,283.04,139.95,-3.05,1.79,82.0,100700.0
20120608:0700,22.16,78.7,222.25,211.88,109.55,16.05,1.52,75.0,100660.0
20120608:0800,21.96,84.1,79.1,75.94,52.6,17.0,1.38,72.0,100670.0
20120608:0900,21.52,84.1,21.4,29.98,16.65,-17.4,1.1,55.0,100680.0
20120608:1000,20.03,89.85,0.0,-0.0,0.0,6.35,0.97,24.0,100730.0
20120608:1100,20.33,92.95,0.0,-0.0,0.0,-8.7,0.9,23.0,100730.0
20120608:1200,20.08,89.85,0.0,-0.0,0.0,-7.35,0.69,31.0,100710.0
20120608:1300,19.45,92.9,0.0,-0.0,0.0,-1.9,0.69,29.0,100720.0
20120608:1400,19.12,96.1,0.0,-0.0,0.0,19.7,1.24,15.0,100700.0
20120608:1500,19.2,96.1,0.0,-0.0,0.0,-6.15,1.86,8.0,100700.0
20120608:1600,19.33,96.1,0.0,-0.0,0.0,19.35,2.14,356.0,100640.0
20120608:1700,19.21,92.9,0.0,-0.0,0.0,2.9,1.93,348.0,100630.0
20120608:1800,19.01,89.8,0.0,-0.0,0.0,-1.9,1.52,350.0,100630.0
20120608:1900,18.81,92.85,0.0,-0.0,0.0,0.75,0.55,24.0,100590.0
20120608:2000,18.55,92.85,29.55,9.91,28.3,-0.15,1.24,148.0,100560.0
20120608:2100,17.82,96.05,117.25,20.53,110.75,-1.5,2.62,182.0,100570.0
20120608:2200,19.3,86.8,129.2,17.34,120.5,-17.0,2.14,185.0,100560.0
20120608:2300,19.5,83.9,172.7,35.28,149.1,-4.8,2.76,174.0,100560.0
20120609:0000,19.32,83.85,265.4,35.64,236.65,0.55,4.0,172.0,100560.0
20120609:0100,19.44,83.85,236.3,32.57,206.8,376.7,4.83,169.0,100490.0
20120609:0200,19.1,81.05,132.6,9.96,123.05,3.05,5.72,161.0,100420.0
20120609:0300,18.14,83.75,92.35,0.0,92.35,3.45,6.21,157.0,100390.0
20120609:0400,17.2,83.7,85.25,5.93,79.8,1.7,6.41,154.0,100350.0
20120609:0500,17.22,92.85,122.75,32.64,95.75,-1.5,6.0,153.0,100320.0
20120609:0600,17.65,96.05,66.4,1.51,65.35,0.15,5.38,150.0,100300.0
20120609:0700,17.53,96.05,31.65,0.0,31.65,0.95,4.69,140.0,100230.0
20120609:0800,17.48,86.65,9.0,0.0,9.0,1.9,2.97,117.0,100190.0
20120609:0900,17.59,96.05,1.05,0.0,1.05,5.95,3.1,97.0,100160.0
20120609:1000,17.45,96.05,0.0,-0.0,0.0,1.35,3.93,120.0,100130.0
20120609:1100,17.95,96.05,0.0,-0.0,0.0,0.95,5.45,123.0,100050.0
20120609:1200,17.67,96.05,0.0,-0.0,0.0,-0.75,5.1,109.0,100090.0
20120609:1300,17.25,96.05,0.0,-0.0,0.0,-3.45,4.69,102.0,100070.0
20120609:1400,17.12,96.05,0.0,-0.0,0.0,1.35,4.76,99.0,100020.0
20120609:1500,17.16,96.05,0.0,-0.0,0.0,1.15,4.07,81.0,99890.0
20120609:1600,16.97,92.85,0.0,-0.0,0.0,0.35,4.34,70.0,99820.0
20120609:1700,16.78,96.05,0.0,-0.0,0.0,0.0,5.17,66.0,99760.0
20120609:1800,16.83,96.05,0.0,-0.0,0.0,-5.0,5.86,60.0,99740.0
20120609:1900,16.78,96.05,0.0,-0.0,0.0,2.1,5.93,53.0,99750.0
20120609:2000,16.78,92.8,13.35,2.77,13.0,1.9,6.34,47.0,99790.0
20120609:2100,16.3,92.8,33.05,0.0,33.05,-0.75,6.55,40.0,99840.0
20120609:2200,17.91,83.7,101.45,13.05,94.9,-0.75,4.83,12.0,99880.0
20120609:2300,17.82,83.7,163.1,43.8,133.8,-1.35,6.07,355.0,99870.0
20120610:0000,18.15,83.75,363.65,138.4,252.0,-2.5,7.45,357.0,99850.0
20120610:0100,18.65,89.75,383.1,159.14,238.95,377.1,7.93,357.0,99900.0
20120610:0200,18.69,86.75,345.05,58.99,288.45,0.15,7.93,355.0,99940.0
20120610:0300,18.38,86.7,314.3,89.26,228.25,10.05,7.52,354.0,99970.0
20120610:0400,18.96,86.75,259.9,63.48,201.55,-0.75,7.31,355.0,99980.0
20120610:0500,18.91,83.8,203.1,57.91,155.15,-3.25,7.17,359.0,99980.0
20120610:0600,19.4,83.85,203.45,97.46,135.55,0.0,7.45,7.0,99990.0
20120610:0700,19.29,81.05,161.65,116.44,99.45,2.3,7.1,8.0,100020.0
20120610:0800,18.85,83.8,100.65,106.1,63.35,-14.7,6.21,6.0,100050.0
20120610:0900,18.16,86.7,23.1,31.63,18.0,-8.5,5.66,4.0,100080.0
20120610:1000,17.05,86.65,0.0,-0.0,0.0,-2.9,4.9,358.0,100110.0
20120610:1100,17.56,86.65,0.0,-0.0,0.0,-5.8,4.76,359.0,100150.0
20120610:1200,17.72,86.65,0.0,-0.0,0.0,4.05,4.9,359.0,100230.0
20120610:1300,17.43,83.7,0.0,-0.0,0.0,-6.35,4.76,352.0,100290.0
20120610:1400,17.52,83.7,0.0,-0.0,0.0,12.95,4.9,352.0,100310.0
20120610:1500,17.32,83.7,0.0,-0.0,0.0,-9.05,5.24,354.0,100310.0
20120610:1600,17.66,83.7,0.0,-0.0,0.0,-16.8,5.17,351.0,100310.0
20120610:1700,17.34,83.7,0.0,-0.0,0.0,-14.7,4.69,347.0,100350.0
20120610:1800,17.81,83.7,0.0,-0.0,0.0,1.15,4.55,344.0,100350.0
20120610:1900,17.88,83.7,0.0,-0.0,0.0,-4.25,4.28,340.0,100370.0
20120610:2000,18.22,80.9,142.45,647.4,60.55,-7.7,3.79,332.0,100440.0
20120610:2100,18.24,78.15,317.55,709.26,92.85,2.3,2.9,332.0,100500.0
20120610:2200,19.38,65.75,524.55,830.79,107.65,5.2,3.45,352.0,100610.0
20120610:2300,18.97,70.45,693.35,851.84,123.55,-4.45,3.45,9.0,100610.0
20120611:0000,18.58,70.45,817.5,832.68,145.8,2.5,3.31,23.0,100620.0
20120611:0100,17.92,78.1,876.3,772.9,176.15,323.7,3.24,40.0,100600.0
20120611:0200,17.28,78.1,928.2,781.56,178.15,7.15,3.38,50.0,100630.0
20120611:0300,17.58,78.1,877.25,711.67,190.9,-10.45,2.83,57.0,100630.0
20120611:0400,17.81,78.1,773.0,554.43,263.05,11.95,2.69,56.0,100660.0
20120611:0500,17.81,78.1,608.1,379.36,293.7,0.0,2.69,59.0,100640.0
20120611:0600,18.05,75.45,531.95,523.28,166.9,-0.35,2.62,65.0,100690.0
20120611:0700,17.85,78.1,307.95,286.03,154.85,-8.7,2.55,68.0,100730.0
20120611:0800,17.2,75.4,130.85,87.03,100.15,7.7,2.21,66.0,100770.0
20120611:0900,16.9,75.3,23.7,4.92,22.9,-4.05,1.52,65.0,100810.0
20120611:1000,15.78,83.55,0.0,-0.0,0.0,8.7,0.9,60.0,100820.0
20120611:1100,16.09,80.75,0.0,-0.0,0.0,6.0,0.76,41.0,100870.0
20120611:1200,16.41,80.75,0.0,-0.0,0.0,-5.2,0.55,51.0,100930.0
20120611:1300,16.01,80.75,0.0,-0.0,0.0,7.15,0.34,66.0,100990.0
20120611:1400,15.98,80.75,0.0,-0.0,0.0,-15.65,0.41,58.0,100930.0
20120611:1500,15.75,83.55,0.0,-0.0,0.0,-2.5,0.76,63.0,100930.0
20120611:1600,16.02,80.75,0.0,-0.0,0.0,-0.95,0.9,82.0,100930.0
20120611:1700,15.49,80.65,0.0,-0.0,0.0,-8.1,1.17,91.0,100950.0
20120611:1800,15.35,86.5,0.0,-0.0,0.0,-3.65,1.38,94.0,100990.0
20120611:1900,15.24,86.5,0.0,-0.0,0.0,24.35,1.52,93.0,101010.0
20120611:2000,15.14,86.5,57.8,45.42,52.05,17.0,1.45,94.0,101050.0
20120611:2100,15.06,86.5,102.35,19.89,96.05,3.05,1.59,83.0,101050.0
20120611:2200,15.36,86.5,138.95,23.82,127.0,11.8,1.66,67.0,101070.0
20120611:2300,15.37,86.5,184.2,23.92,168.2,1.9,1.79,74.0,101080.0
20120612:0000,15.24,86.5,229.9,41.97,196.05,-0.55,2.0,76.0,101050.0
20120612:0100,15.42,86.5,287.6,51.5,240.95,370.9,2.0,80.0,101050.0
20120612:0200,15.4,86.5,356.1,56.26,302.1,2.7,2.14,80.0,101030.0
20120612:0300,15.55,80.65,279.95,61.26,220.85,-1.7,2.14,78.0,101010.0
20120612:0400,15.12,83.5,286.95,48.08,242.7,0.35,2.41,67.0,100990.0
20120612:0500,14.99,83.5,196.85,29.05,172.75,-3.05,2.9,64.0,100930.0
20120612:0600,15.13,83.5,107.9,0.72,107.4,5.2,2.69,70.0,100930.0
20120612:0700,15.51,80.65,61.1,0.19,61.0,-2.3,2.83,82.0,100930.0
20120612:0800,15.18,86.5,35.2,0.0,35.2,1.35,2.55,86.0,100920.0
20120612:0900,15.35,86.5,5.85,0.0,5.85,-1.35,2.07,83.0,100930.0
20120612:1000,14.9,89.5,0.0,-0.0,0.0,0.55,3.1,68.0,100930.0
20120612:1100,15.1,86.5,0.0,-0.0,0.0,-1.9,3.66,67.0,101010.0
20120612:1200,15.36,89.55,0.0,-0.0,0.0,1.5,3.79,65.0,101000.0
20120612:1300,14.63,92.7,0.0,-0.0,0.0,-1.9,4.34,70.0,100990.0
20120612:1400,14.06,89.5,0.0,-0.0,0.0,-0.15,4.14,72.0,100930.0
20120612:1500,13.87,92.65,0.0,-0.0,0.0,-0.75,3.86,68.0,100940.0
20120612:1600,14.07,86.4,0.0,-0.0,0.0,1.5,3.72,60.0,100910.0
20120612:1700,13.74,92.65,0.0,-0.0,0.0,-0.75,3.79,52.0,100880.0
20120612:1800,13.86,92.65,0.0,-0.0,0.0,-2.9,4.07,49.0,100930.0
20120612:1900,13.96,89.5,0.0,-0.0,0.0,-1.9,3.45,48.0,100980.0
20120612:2000,13.93,89.5,49.75,68.33,41.1,-1.5,3.52,53.0,101010.0
20120612:2100,14.16,89.5,163.15,177.29,107.0,-6.55,3.79,50.0,101050.0
20120612:2200,15.94,77.85,267.55,169.45,182.55,-4.6,4.62,42.0,101100.0
20120612:2300,15.94,80.65,374.9,234.11,218.35,6.55,4.9,45.0,101100.0
20120613:0000,15.94,80.65,455.2,252.45,251.6,1.7,4.83,45.0,101120.0
20120613:0100,16.02,80.75,436.6,162.33,289.55,362.95,5.31,48.0,101100.0
20120613:0200,16.1,77.95,575.45,344.64,244.6,0.75,5.31,51.0,101140.0
20120613:0300,15.97,75.25,345.1,139.27,210.7,-7.5,4.97,52.0,101190.0
20120613:0400,15.61,80.65,368.7,143.25,236.8,11.2,4.62,52.0,101200.0
20120613:0500,15.51,77.85,270.5,116.67,173.65,0.55,4.34,52.0,101240.0
20120613:0600,15.27,80.6,211.75,86.94,150.95,-3.65,4.14,51.0,101260.0
20120613:0700,15.35,80.6,115.45,65.98,80.0,1.5,3.86,48.0,101290.0
20120613:0800,15.16,77.8,66.4,37.32,53.15,-1.9,3.66,44.0,101330.0
20120613:0900,15.51,77.85,13.35,11.21,11.5,-5.2,3.52,41.0,101370.0
20120613:1000,14.65,83.45,0.0,-0.0,0.0,0.95,3.03,44.0,101400.0
20120613:1100,14.96,80.6,0.0,-0.0,0.0,1.5,2.97,48.0,101400.0
20120613:1200,15.31,83.5,0.0,-0.0,0.0,-4.45,2.48,42.0,101450.0
20120613:1300,14.96,80.6,0.0,-0.0,0.0,0.75,2.21,38.0,101490.0
20120613:1400,14.68,80.55,0.0,-0.0,0.0,-4.05,2.34,36.0,101450.0
20120613:1500,14.54,80.55,0.0,-0.0,0.0,4.6,2.28,37.0,101460.0
20120613:1600,14.67,80.55,0.0,-0.0,0.0,2.1,1.86,43.0,101460.0
20120613:1700,14.3,80.45,0.0,-0.0,0.0,-1.9,1.38,60.0,101520.0
20120613:1800,14.53,80.55,0.0,-0.0,0.0,2.5,1.1,66.0,101510.0
20120613:1900,14.62,80.55,0.0,-0.0,0.0,-16.8,1.03,56.0,101540.0
20120613:2000,14.67,80.55,65.05,126.07,49.1,-5.2,1.1,51.0,101600.0
20120613:2100,14.48,77.75,173.95,241.51,97.5,4.25,1.31,60.0,101640.0
20120613:2200,15.35,75.1,229.7,156.65,151.15,4.05,1.24,70.0,101680.0
20120613:2300,14.77,77.75,434.0,273.81,250.95,19.7,0.9,75.0,101670.0
20120614:0000,14.6,77.75,409.65,166.68,275.25,-0.95,0.97,73.0,101650.0
20120614:0100,14.4,80.45,518.4,185.57,350.3,366.85,1.24,79.0,101670.0
20120614:0200,15.04,77.8,522.45,220.14,311.1,1.35,1.24,62.0,101680.0
20120614:0300,15.28,77.8,434.3,160.31,279.55,2.7,1.52,46.0,101700.0
20120614:0400,15.28,80.6,557.7,236.1,340.2,0.55,1.79,68.0,101700.0
20120614:0500,15.85,77.85,525.15,303.16,273.3,-3.05,2.69,83.0,101680.0
20120614:0600,15.94,77.85,347.9,198.1,209.2,-3.45,3.1,94.0,101670.0
20120614:0700,15.88,77.85,244.5,155.6,160.75,4.25,2.62,94.0,101670.0
20120614:0800,15.44,77.85,112.25,110.36,72.95,-3.05,2.41,80.0,101710.0
20120614:0900,15.05,77.8,20.65,25.28,16.45,-4.25,1.79,83.0,101740.0
20120614:1000,14.93,80.55,0.0,-0.0,0.0,-0.15,1.31,113.0,101820.0
20120614:1100,15.2,77.8,0.0,-0.0,0.0,-7.15,1.1,135.0,101830.0
20120614:1200,15.74,75.15,0.0,-0.0,0.0,7.35,1.17,153.0,101880.0
20120614:1300,15.52,75.15,0.0,-0.0,0.0,7.7,1.38,127.0,101880.0
20120614:1400,15.3,77.8,0.0,-0.0,0.0,-15.05,1.31,111.0,101850.0
20120614:1500,15.0,77.8,0.0,-0.0,0.0,6.95,1.03,102.0,101880.0
20120614:1600,15.2,77.8,0.0,-0.0,0.0,-1.5,1.1,115.0,101870.0
20120614:1700,14.78,80.55,0.0,-0.0,0.0,5.8,1.24,122.0,101850.0
20120614:1800,14.86,80.55,0.0,-0.0,0.0,2.5,1.1,120.0,101850.0
20120614:1900,14.94,77.8,0.0,-0.0,0.0,-4.05,1.17,141.0,101880.0
20120614:2000,15.0,80.6,63.25,150.76,44.2,1.35,1.31,149.0,101890.0
20120614:2100,14.8,80.55,147.8,155.7,98.55,0.0,1.1,145.0,101920.0
20120614:2200,15.8,75.15,252.5,170.5,167.05,-3.85,0.69,130.0,101980.0
20120614:2300,15.51,77.85,380.25,238.89,220.6,3.05,1.24,129.0,101960.0
20120615:0000,15.85,80.65,406.85,174.23,266.4,2.9,1.72,130.0,101910.0
20120615:0100,15.69,80.65,548.4,247.3,324.4,371.85,2.0,126.0,101890.0
20120615:0200,16.23,77.95,608.45,267.83,351.3,2.5,2.41,120.0,101850.0
20120615:0300,16.89,78.0,600.6,243.85,365.15,2.9,2.62,112.0,101840.0
20120615:0400,17.16,75.4,582.7,270.28,333.6,2.7,3.1,105.0,101800.0
20120615:0500,17.75,78.1,563.1,338.06,282.05,-4.05,3.59,104.0,101750.0
20120615:0600,17.32,78.1,449.9,343.7,209.0,-21.25,3.72,108.0,101720.0
20120615:0700,16.94,80.8,222.65,120.38,157.75,4.05,3.31,114.0,101730.0
20120615:0800,16.47,80.8,91.8,23.66,83.35,-1.5,2.97,124.0,101750.0
20120615:0900,16.37,83.6,16.35,7.18,15.15,10.45,2.76,135.0,101760.0
20120615:1000,15.71,83.55,0.0,-0.0,0.0,5.8,1.86,133.0,101850.0
20120615:1100,16.21,80.75,0.0,-0.0,0.0,-6.15,2.28,141.0,101870.0
20120615:1200,16.24,83.6,0.0,-0.0,0.0,-3.45,2.62,151.0,101880.0
20120615:1300,16.01,83.6,0.0,-0.0,0.0,5.6,2.97,166.0,101830.0
20120615:1400,15.85,86.5,0.0,-0.0,0.0,-0.55,2.9,176.0,101770.0
20120615:1500,16.0,83.6,0.0,-0.0,0.0,2.1,2.83,181.0,101710.0
20120615:1600,16.02,83.6,0.0,-0.0,0.0,-12.15,2.9,183.0,101650.0
20120615:1700,16.08,83.6,0.0,-0.0,0.0,2.1,3.1,183.0,101620.0
20120615:1800,16.07,83.6,0.0,-0.0,0.0,-11.2,2.9,184.0,101580.0
20120615:1900,16.22,83.6,0.0,-0.0,0.0,7.9,2.83,187.0,101550.0
20120615:2000,16.4,83.6,41.85,0.0,41.85,1.9,3.1,184.0,101550.0
20120615:2100,16.51,80.8,126.15,13.76,121.8,5.2,3.38,176.0,101550.0
20120615:2200,17.37,86.65,198.4,48.92,173.9,1.9,3.24,175.0,101530.0
20120615:2300,17.58,86.65,213.95,23.8,198.05,4.8,3.17,170.0,101570.0
20120616:0000,17.39,83.7,212.9,18.12,198.3,7.7,3.72,163.0,101520.0
20120616:0100,17.88,83.7,198.2,13.08,186.35,381.55,3.59,166.0,101490.0
20120616:0200,18.1,83.75,140.95,3.96,137.15,2.5,3.31,166.0,101400.0
20120616:0300,18.02,83.75,119.3,5.38,114.1,1.9,3.38,168.0,101370.0
20120616:0400,17.64,86.65,237.0,58.08,183.45,2.9,3.59,172.0,101270.0
20120616:0500,18.12,86.7,199.35,35.88,169.5,0.95,3.72,171.0,101210.0
20120616:0600,18.17,89.75,87.2,12.19,78.65,0.35,3.72,170.0,101120.0
20120616:0700,18.58,86.75,44.25,1.02,43.7,-1.15,3.86,170.0,101090.0
20120616:0800,18.67,86.75,63.8,5.87,61.7,-0.95,4.28,171.0,101030.0
20120616:0900,18.2,89.75,10.5,0.0,10.5,-7.9,4.62,178.0,101010.0
20120616:1000,17.91,99.4,0.0,-0.0,0.0,9.25,4.28,181.0,101020.0
20120616:1100,18.09,96.05,0.0,-0.0,0.0,3.85,3.93,179.0,101030.0
20120616:1200,18.33,99.4,0.0,-0.0,0.0,7.9,3.86,169.0,100990.0
20120616:1300,18.16,96.05,0.0,-0.0,0.0,1.9,3.52,173.0,100940.0
20120616:1400,17.94,99.4,0.0,-0.0,0.0,0.15,2.0,174.0,100860.0
20120616:1500,18.0,96.05,0.0,-0.0,0.0,-1.7,0.9,223.0,100790.0
20120616:1600,17.88,99.4,0.0,-0.0,0.0,0.55,1.66,271.0,100680.0
20120616:1700,17.84,99.4,0.0,-0.0,0.0,-1.9,1.86,279.0,100670.0
20120616:1800,17.66,96.05,0.0,-0.0,0.0,-1.35,1.79,274.0,100670.0
20120616:1900,17.8,99.4,0.0,-0.0,0.0,-0.35,1.52,284.0,100620.0
20120616:2000,17.42,96.05,19.55,2.78,19.2,-3.65,1.1,288.0,100620.0
20120616:2100,17.65,96.05,36.75,3.8,35.55,-1.5,0.97,243.0,100590.0
20120616:2200,18.45,96.05,43.05,1.0,42.55,-1.7,0.69,288.0,100660.0
20120616:2300,18.37,99.4,67.5,0.52,67.15,0.55,1.1,326.0,100650.0
20120617:0000,18.63,99.4,167.9,7.45,161.9,-2.3,0.69,3.0,100620.0
20120617:0100,19.36,99.4,175.0,1.21,173.9,384.45,1.93,324.0,100610.0
20120617:0200,19.77,99.4,796.25,580.52,238.85,3.05,1.72,284.0,100580.0
20120617:0300,21.48,89.95,835.75,618.88,237.95,-31.9,2.34,278.0,100570.0
20120617:0400,23.0,78.75,773.5,579.16,239.3,16.6,4.0,291.0,100480.0
20120617:0500,24.35,66.75,617.8,465.5,230.3,1.5,2.07,309.0,100450.0
20120617:0600,23.31,71.25,523.95,507.48,167.55,3.45,1.59,269.0,100480.0
20120617:0700,23.72,71.35,342.8,427.62,111.55,-9.65,2.07,266.0,100510.0
20120617:0800,24.05,62.35,139.45,181.93,74.15,1.35,2.07,274.0,100580.0
20120617:0900,23.61,62.25,36.35,85.14,21.95,-1.15,4.21,294.0,100680.0
20120617:1000,22.05,71.05,0.0,-0.0,0.0,-19.7,4.07,298.0,100810.0
20120617:1100,21.39,73.35,0.0,-0.0,0.0,-9.65,3.86,296.0,100860.0
20120617:1200,21.56,71.0,0.0,-0.0,0.0,-1.15,3.93,294.0,100910.0
20120617:1300,21.03,70.9,0.0,-0.0,0.0,-2.5,3.93,291.0,100930.0
20120617:1400,20.37,73.2,0.0,-0.0,0.0,-0.75,3.59,291.0,100900.0
20120617:1500,19.33,75.65,0.0,-0.0,0.0,0.55,3.17,289.0,100900.0
20120617:1600,18.98,75.65,0.0,-0.0,0.0,2.1,2.97,289.0,100880.0
20120617:1700,18.43,83.75,0.0,-0.0,0.0,-3.85,2.76,290.0,100900.0
20120617:1800,18.44,83.75,0.0,-0.0,0.0,-0.55,2.55,286.0,100900.0
20120617:1900,18.4,86.7,0.0,-0.0,0.0,2.7,2.41,283.0,100950.0
20120617:2000,18.27,86.7,79.2,112.42,65.1,8.5,2.21,274.0,100980.0
20120617:2100,18.38,86.7,208.2,110.24,173.45,-4.45,1.79,262.0,101030.0
20120617:2200,20.55,75.85,181.95,78.49,142.7,5.4,1.52,254.0,101100.0
20120617:2300,20.31,81.15,575.2,446.41,277.3,4.6,1.24,270.0,101080.0
20120618:0000,21.58,76.0,811.8,795.43,171.25,-3.85,0.97,291.0,101080.0
20120618:0100,22.44,71.05,760.3,497.07,310.3,342.25,1.03,312.0,101100.0
20120618:0200,23.82,62.25,759.0,545.28,235.45,27.85,1.31,333.0,101090.0
20120618:0300,24.37,58.2,635.7,422.43,227.6,10.6,0.83,82.0,101060.0
20120618:0400,23.6,66.65,556.35,380.57,205.2,2.1,2.07,129.0,101050.0
20120618:0500,22.85,76.15,532.9,416.06,186.35,5.2,2.69,139.0,101020.0
20120618:0600,23.04,73.7,357.8,307.0,142.0,12.35,3.24,140.0,101010.0
20120618:0700,22.94,76.15,341.95,456.1,94.95,-18.55,3.52,146.0,101010.0
20120618:0800,22.21,78.7,169.15,295.61,62.8,-15.45,3.31,156.0,101030.0
20120618:0900,22.01,78.7,34.15,56.18,24.6,-8.9,3.17,161.0,101040.0
20120618:1000,21.25,78.55,0.0,-0.0,0.0,-1.7,2.48,163.0,101130.0
20120618:1100,21.49,81.3,0.0,-0.0,0.0,10.6,1.86,173.0,101160.0
20120618:1200,21.22,78.55,0.0,-0.0,0.0,-7.9,1.31,187.0,101190.0
20120618:1300,20.75,78.5,0.0,-0.0,0.0,-4.25,1.52,206.0,101240.0
20120618:1400,20.66,81.2,0.0,-0.0,0.0,0.0,1.24,213.0,101260.0
20120618:1500,20.13,83.95,0.0,-0.0,0.0,-6.55,1.1,210.0,101240.0
20120618:1600,20.15,86.85,0.0,-0.0,0.0,3.85,1.24,213.0,101230.0
20120618:1700,19.73,86.85,0.0,-0.0,0.0,17.2,1.24,215.0,101210.0
20120618:1800,19.72,86.85,0.0,-0.0,0.0,8.1,1.17,203.0,101220.0
20120618:1900,19.55,86.85,0.0,-0.0,0.0,3.45,0.97,164.0,101170.0
20120618:2000,19.55,89.85,50.8,44.41,45.25,1.9,1.59,160.0,101230.0
20120618:2100,19.29,92.9,76.45,4.61,75.0,-1.5,2.0,165.0,101300.0
20120618:2200,20.32,86.85,175.9,42.84,154.5,3.45,1.79,151.0,101340.0
20120618:2300,20.12,86.85,217.25,18.59,204.85,-0.15,2.41,142.0,101300.0
20120619:0000,20.01,86.85,222.5,3.79,219.45,2.9,2.9,150.0,101290.0
20120619:0100,19.75,86.85,175.95,7.46,169.2,382.5,2.9,131.0,101250.0
20120619:0200,19.37,92.9,210.75,4.79,206.15,2.1,2.83,125.0,101320.0
20120619:0300,19.74,92.9,200.85,24.58,177.1,5.6,2.9,108.0,101290.0
20120619:0400,19.79,92.9,133.45,0.43,133.05,-0.95,3.79,109.0,101230.0
20120619:0500,19.14,96.1,120.85,8.34,113.9,-0.35,3.93,110.0,101180.0
20120619:0600,19.57,96.1,58.85,0.0,58.85,5.4,3.86,109.0,101120.0
20120619:0700,19.52,96.1,30.45,0.0,30.45,4.25,3.59,99.0,101030.0
20120619:0800,19.42,99.4,17.85,0.0,17.85,3.25,4.55,106.0,100920.0
20120619:0900,19.23,96.1,2.3,0.0,2.3,-0.55,5.31,116.0,100860.0
20120619:1000,19.14,96.1,0.0,-0.0,0.0,1.9,5.24,119.0,100780.0
20120619:1100,19.18,99.4,0.0,-0.0,0.0,-1.5,6.76,118.0,100690.0
20120619:1200,19.07,96.1,0.0,-0.0,0.0,2.1,8.69,114.0,100540.0
20120619:1300,18.74,99.4,0.0,-0.0,0.0,0.35,10.28,116.0,100370.0
20120619:1400,18.57,99.4,0.0,-0.0,0.0,0.55,11.72,112.0,100070.0
20120619:1500,18.64,99.4,0.0,-0.0,0.0,-0.15,11.66,106.0,99820.0
20120619:1600,19.22,96.1,0.0,-0.0,0.0,0.15,12.97,102.0,99330.0
20120619:1700,19.69,96.1,0.0,-0.0,0.0,0.35,13.17,117.0,98960.0
20120619:1800,20.02,92.95,0.0,-0.0,0.0,1.5,7.52,138.0,98650.0
20120619:1900,21.62,89.95,0.0,-0.0,0.0,1.7,6.07,247.0,98740.0
20120619:2000,22.16,84.15,91.1,284.92,55.65,-6.15,7.31,266.0,99120.0
20120619:2100,21.81,78.65,139.05,147.85,92.6,-35.8,6.9,277.0,99390.0
20120619:2200,20.58,75.85,327.8,288.95,183.6,20.5,5.66,311.0,99720.0
20120619:2300,21.32,73.35,592.5,606.06,188.6,-6.15,4.9,331.0,99810.0
20120620:0000,22.57,66.45,631.6,453.93,266.4,-4.8,4.83,342.0,99910.0
20120620:0100,22.81,66.45,863.65,762.46,173.75,383.5,4.28,344.0,99930.0
20120620:0200,23.39,66.55,841.55,659.99,207.95,-12.55,4.0,2.0,100000.0
20120620:0300,22.33,68.7,661.8,433.72,242.7,16.45,3.59,27.0,99990.0
20120620:0400,20.66,70.8,644.85,470.14,210.8,-4.6,2.48,53.0,100000.0
20120620:0500,20.13,73.2,327.45,169.46,186.15,-0.35,2.07,85.0,100050.0
20120620:0600,19.47,78.3,119.0,32.1,96.4,15.85,1.72,94.0,100060.0
20120620:0700,19.22,78.3,63.1,0.0,63.1,6.35,1.31,121.0,100080.0
20120620:0800,18.59,86.75,18.4,0.0,18.4,3.85,1.17,158.0,100130.0
20120620:0900,19.23,83.85,16.05,18.95,12.8,1.7,1.24,169.0,100150.0
20120620:1000,18.58,89.75,0.0,-0.0,0.0,-3.45,0.48,134.0,100270.0
20120620:1100,18.87,92.85,0.0,-0.0,0.0,-26.5,0.48,150.0,100290.0
20120620:1200,18.87,92.85,0.0,-0.0,0.0,1.5,0.0,260.0,100360.0
20120620:1300,18.72,92.85,0.0,-0.0,0.0,-8.7,0.41,114.0,100420.0
20120620:1400,18.12,92.85,0.0,-0.0,0.0,-0.15,0.48,129.0,100480.0
20120620:1500,18.28,92.85,0.0,-0.0,0.0,-5.0,0.76,142.0,100480.0
20120620:1600,18.35,92.85,0.0,-0.0,0.0,-9.65,0.76,182.0,100470.0
20120620:1700,17.99,89.75,0.0,-0.0,0.0,-10.05,1.24,217.0,100530.0
20120620:1800,18.51,81.0,0.0,-0.0,0.0,-4.8,1.59,217.0,100550.0
20120620:1900,18.85,72.95,0.0,-0.0,0.0,-8.7,1.45,220.0,100550.0
20120620:2000,18.78,72.95,121.6,388.09,73.55,1.5,1.79,216.0,100580.0
20120620:2100,18.5,72.95,280.35,484.28,128.5,-3.85,2.34,222.0,100630.0
20120620:2200,20.76,73.3,492.05,685.21,150.5,3.65,1.93,244.0,100690.0
20120620:2300,21.6,66.25,484.75,274.06,302.25,-1.35,2.07,262.0,100750.0
20120621:0000,22.61,62.05,632.9,356.86,345.95,29.6,1.79,218.0,100710.0
20120621:0100,23.52,60.05,758.35,478.25,325.75,368.6,3.03,221.0,100710.0
20120621:0200,24.57,50.8,725.15,341.03,397.8,0.35,4.34,237.0,100700.0
20120621:0300,25.14,49.2,719.75,470.17,265.4,10.25,4.34,237.0,100670.0
20120621:0400,25.01,49.05,666.4,368.93,325.7,-11.0,2.14,206.0,100640.0
20120621:0500,24.52,52.5,583.1,413.88,237.85,9.45,1.86,165.0,100650.0
20120621:0600,24.35,52.5,185.25,31.22,163.25,9.05,1.03,133.0,100610.0
20120621:0700,23.39,60.05,128.5,22.82,116.1,14.9,0.62,57.0,100600.0
20120621:0800,22.82,68.75,57.15,8.43,54.1,-7.5,0.9,14.0,100630.0
20120621:0900,22.86,76.15,13.2,18.88,9.95,2.9,1.1,347.0,100740.0
20120621:1000,21.51,89.95,0.0,-0.0,0.0,-2.9,1.38,344.0,100800.0
20120621:1100,21.62,87.0,0.0,-0.0,0.0,-3.45,1.93,354.0,100840.0
20120621:1200,21.74,87.0,0.0,-0.0,0.0,-5.0,1.79,353.0,100850.0
20120621:1300,21.17,86.95,0.0,-0.0,0.0,3.25,1.86,1.0,100870.0
20120621:1400,20.7,89.9,0.0,-0.0,0.0,-11.0,2.0,15.0,100830.0
20120621:1500,20.2,89.85,0.0,-0.0,0.0,-2.5,1.66,21.0,100840.0
20120621:1600,19.77,92.9,0.0,-0.0,0.0,-8.1,0.97,32.0,100840.0
20120621:1700,19.48,89.85,0.0,-0.0,0.0,-2.7,0.55,50.0,100850.0
20120621:1800,19.56,92.9,0.0,-0.0,0.0,25.7,0.62,99.0,100860.0
20120621:1900,19.34,92.9,0.0,-0.0,0.0,-9.25,1.17,72.0,100780.0
20120621:2000,18.73,96.1,12.75,0.0,12.75,4.05,1.52,140.0,100840.0
20120621:2100,17.81,99.4,62.7,0.0,62.7,3.85,2.41,124.0,100740.0
20120621:2200,16.85,92.8,59.75,3.41,58.05,-0.55,1.59,75.0,100810.0
20120621:2300,16.35,92.8,41.7,0.0,41.7,-1.5,1.79,60.0,100720.0
20120622:0000,16.14,96.05,135.05,5.79,130.4,0.55,2.07,57.0,100670.0
20120622:0100,15.68,96.0,180.95,28.7,155.0,386.6,2.21,46.0,100670.0
20120622:0200,15.86,92.75,144.75,0.0,144.75,1.9,2.48,37.0,100670.0
20120622:0300,15.84,89.6,453.45,221.6,239.3,-0.55,2.62,31.0,100650.0
20120622:0400,17.23,83.7,476.9,155.52,333.25,-2.7,3.1,17.0,100650.0
20120622:0500,19.12,78.3,507.25,346.24,218.3,4.05,2.76,14.0,100640.0
20120622:0600,20.16,75.75,432.5,412.74,141.5,-18.15,2.07,14.0,100560.0
20120622:0700,20.54,73.3,316.45,342.26,130.25,-10.25,1.79,31.0,100560.0
20120622:0800,20.11,75.75,181.85,312.71,68.5,1.35,1.59,60.0,100540.0
20120622:0900,19.95,78.35,38.95,94.95,22.55,-22.45,1.24,51.0,100570.0
20120622:1000,18.1,86.7,0.0,-0.0,0.0,-4.8,0.9,52.0,100620.0
20120622:1100,18.2,86.7,0.0,-0.0,0.0,-2.9,0.83,36.0,100670.0
20120622:1200,18.46,89.75,0.0,-0.0,0.0,0.15,0.62,12.0,100750.0
20120622:1300,18.3,89.75,0.0,-0.0,0.0,5.6,0.76,23.0,100750.0
20120622:1400,18.09,89.75,0.0,-0.0,0.0,-1.35,0.62,12.0,100790.0
20120622:1500,18.08,92.85,0.0,-0.0,0.0,-4.45,0.76,347.0,100780.0
20120622:1600,18.01,89.75,0.0,-0.0,0.0,-7.7,1.1,266.0,100800.0
20120622:1700,17.93,89.7,0.0,-0.0,0.0,0.75,0.9,254.0,100820.0
20120622:1800,18.33,86.7,0.0,-0.0,0.0,-1.15,0.97,252.0,100820.0
20120622:1900,18.58,81.0,0.0,-0.0,0.0,0.55,1.1,255.0,100870.0
20120622:2000,18.48,72.95,132.9,602.65,59.15,-4.05,1.66,264.0,100890.0
20120622:2100,18.14,72.9,310.2,701.33,91.3,-1.15,2.62,279.0,100940.0
20120622:2200,19.7,65.85,500.15,766.01,119.35,1.15,4.28,292.0,100900.0
20120622:2300,20.2,61.5,543.05,502.14,209.25,1.5,5.03,297.0,100910.0
20120623:0000,20.36,59.35,686.8,573.21,226.45,19.5,5.03,304.0,100880.0
20120623:0100,21.19,57.55,575.9,252.19,347.95,356.6,4.48,310.0,100870.0
20120623:0200,21.78,55.65,667.1,360.53,321.15,14.5,3.79,311.0,100890.0
20120623:0300,22.6,52.1,666.6,343.5,334.65,-1.7,3.45,318.0,100850.0
20120623:0400,22.86,55.9,589.35,340.16,275.1,3.65,2.83,324.0,100850.0
20120623:0500,22.22,61.95,400.5,190.22,241.7,-0.95,2.21,348.0,100850.0
20120623:0600,22.29,64.1,428.85,335.17,192.4,8.5,1.31,21.0,100870.0
20120623:0700,21.96,68.6,336.8,416.51,110.0,-17.2,1.31,70.0,100890.0
20120623:0800,21.39,75.95,101.55,90.08,68.85,-13.15,1.17,94.0,100890.0
20120623:0900,21.07,78.55,34.35,73.89,21.55,14.7,1.1,104.0,100910.0
20120623:1000,20.22,83.95,0.0,-0.0,0.0,-23.2,1.52,112.0,100950.0
20120623:1100,20.43,86.85,0.0,-0.0,0.0,-7.7,0.83,103.0,101020.0
20120623:1200,20.65,84.05,0.0,-0.0,0.0,7.7,0.97,65.0,101040.0
20120623:1300,20.01,83.95,0.0,-0.0,0.0,-6.95,1.59,41.0,101020.0
20120623:1400,19.63,81.1,0.0,-0.0,0.0,-0.75,1.86,22.0,101050.0
20120623:1500,19.12,75.65,0.0,-0.0,0.0,4.25,1.79,23.0,101030.0
20120623:1600,19.04,75.65,0.0,-0.0,0.0,-0.55,1.38,25.0,101030.0
20120623:1700,18.53,78.25,0.0,-0.0,0.0,-2.9,0.97,20.0,101010.0
20120623:1800,18.7,81.0,0.0,-0.0,0.0,-7.5,0.83,5.0,101070.0
20120623:1900,18.44,83.75,0.0,-0.0,0.0,0.95,0.97,356.0,101070.0
20120623:2000,18.59,81.0,114.85,440.55,61.3,-3.65,1.24,351.0,101070.0
20120623:2100,18.22,80.9,267.3,538.84,99.55,11.0,1.52,356.0,101080.0
20120623:2200,19.26,75.65,391.9,458.33,164.4,0.55,2.14,348.0,101070.0
20120623:2300,19.45,75.65,539.65,497.58,209.2,-2.3,1.93,360.0,101060.0
20120624:0000,19.77,73.15,646.8,512.61,235.4,23.8,1.86,5.0,101030.0
20120624:0100,19.93,70.65,598.15,340.57,290.45,357.55,2.21,24.0,101030.0
20120624:0200,19.96,73.15,569.05,275.18,305.05,13.15,3.1,47.0,101000.0
20120624:0300,20.01,70.7,559.65,239.2,328.5,0.35,3.31,68.0,101010.0
20120624:0400,19.92,75.7,748.35,581.04,211.5,15.05,3.03,83.0,101010.0
20120624:0500,20.25,73.2,530.45,410.37,187.75,-31.7,3.24,90.0,101020.0
20120624:0600,20.14,73.2,331.65,273.22,138.8,-4.6,3.1,94.0,101050.0
20120624:0700,19.5,75.7,167.8,135.88,93.75,23.4,2.9,100.0,101080.0
20120624:0800,18.7,78.25,87.05,65.07,63.4,-2.3,2.14,96.0,101070.0
20120624:0900,18.46,80.9,18.8,28.22,13.9,10.6,1.59,90.0,101090.0
20120624:1000,17.31,83.7,0.0,-0.0,0.0,-12.95,1.79,70.0,101160.0
20120624:1100,17.46,83.7,0.0,-0.0,0.0,10.8,1.79,70.0,101200.0
20120624:1200,17.51,80.85,0.0,-0.0,0.0,4.25,2.28,68.0,101190.0
20120624:1300,17.13,78.1,0.0,-0.0,0.0,0.95,2.69,71.0,101200.0
20120624:1400,16.43,83.6,0.0,-0.0,0.0,-5.95,2.62,72.0,101250.0
20120624:1500,15.99,83.6,0.0,-0.0,0.0,1.15,2.48,65.0,101230.0
20120624:1600,16.01,83.6,0.0,-0.0,0.0,-4.8,2.97,53.0,101200.0
20120624:1700,15.63,86.5,0.0,-0.0,0.0,3.25,2.76,41.0,101180.0
20120624:1800,15.8,86.5,0.0,-0.0,0.0,-2.5,2.76,36.0,101200.0
20120624:1900,15.98,83.6,0.0,-0.0,0.0,1.7,3.45,36.0,101150.0
20120624:2000,16.2,83.6,21.05,0.0,21.05,2.5,3.52,38.0,101200.0
20120624:2100,16.04,80.75,57.55,8.21,55.0,-0.15,3.93,40.0,101210.0
20120624:2200,16.53,75.3,117.75,31.28,102.25,0.15,4.07,31.0,101230.0
20120624:2300,16.22,77.95,185.55,71.15,138.35,-1.5,4.28,32.0,101210.0
20120625:0000,15.83,80.65,275.3,46.88,237.7,-0.95,4.48,34.0,101260.0
20120625:0100,15.55,80.65,266.0,69.37,203.35,377.1,4.55,35.0,101260.0
20120625:0200,15.51,80.65,313.1,46.55,268.45,1.15,4.34,33.0,101270.0
20120625:0300,15.69,80.65,310.45,38.34,273.4,-2.5,3.93,30.0,101290.0
20120625:0400,15.55,77.85,343.1,82.08,267.25,1.5,3.86,26.0,101270.0
20120625:0500,15.98,75.25,266.15,61.59,214.7,0.15,3.86,24.0,101270.0
20120625:0600,16.29,75.25,374.8,188.56,241.65,-0.35,3.72,24.0,101260.0
20120625:0700,16.28,75.25,286.35,235.54,157.9,-15.25,3.72,24.0,101290.0
20120625:0800,16.06,72.65,163.65,246.13,74.1,-11.8,3.59,27.0,101290.0
20120625:0900,16.34,72.65,37.65,90.8,21.85,-14.7,3.45,25.0,101300.0
20120625:1000,15.57,75.15,0.0,-0.0,0.0,-10.05,2.83,20.0,101340.0
20120625:1100,15.9,80.65,0.0,-0.0,0.0,-18.15,2.83,22.0,101360.0
20120625:1200,16.19,77.95,0.0,-0.0,0.0,0.75,2.83,17.0,101440.0
20120625:1300,15.77,80.65,0.0,-0.0,0.0,6.75,2.9,12.0,101430.0
20120625:1400,14.96,80.6,0.0,-0.0,0.0,11.8,3.03,10.0,101480.0
20120625:1500,14.27,83.4,0.0,-0.0,0.0,-12.75,3.24,7.0,101460.0
20120625:1600,14.52,80.55,0.0,-0.0,0.0,17.6,3.38,5.0,101430.0
20120625:1700,13.84,83.35,0.0,-0.0,0.0,-12.15,3.31,3.0,101450.0
20120625:1800,14.27,83.4,0.0,-0.0,0.0,-1.7,3.31,1.0,101480.0
20120625:1900,14.56,80.55,0.0,-0.0,0.0,8.1,2.97,357.0,101470.0
20120625:2000,14.63,77.75,100.55,235.17,72.4,9.05,2.62,354.0,101550.0
20120625:2100,14.85,75.0,275.3,560.86,101.7,-11.95,3.17,5.0,101580.0
20120625:2200,16.88,67.75,446.55,590.12,154.6,-2.1,3.59,14.0,101630.0
20120625:2300,16.42,70.1,561.4,510.94,222.8,0.55,3.52,17.0,101670.0
20120626:0000,16.6,67.75,726.75,593.92,250.8,9.25,3.38,18.0,101660.0
20120626:0100,16.58,67.75,854.15,716.95,207.0,336.25,3.31,22.0,101640.0
20120626:0200,17.2,67.85,900.25,706.52,222.8,-6.95,3.38,28.0,101640.0
20120626:0300,17.18,67.85,879.3,690.66,212.0,1.9,3.52,31.0,101630.0
20120626:0400,17.22,67.85,833.9,718.91,169.55,0.0,3.38,32.0,101590.0
20120626:0500,17.4,67.85,722.25,694.6,141.9,-10.05,3.17,33.0,101580.0
20120626:0600,17.62,67.85,571.45,648.54,113.3,-6.35,2.9,36.0,101590.0
20120626:0700,17.56,65.45,378.15,516.89,96.1,-0.75,2.55,39.0,101640.0
20120626:0800,17.44,65.45,186.9,325.54,68.35,-2.9,2.21,40.0,101660.0
20120626:0900,17.19,65.45,40.9,103.85,22.8,-0.15,1.86,40.0,101720.0
20120626:1000,16.35,75.25,0.0,-0.0,0.0,-2.7,1.31,37.0,101760.0
20120626:1100,16.85,78.0,0.0,-0.0,0.0,-2.9,1.24,28.0,101760.0
20120626:1200,17.04,78.1,0.0,-0.0,0.0,-0.95,0.9,22.0,101820.0
20120626:1300,16.06,77.95,0.0,-0.0,0.0,6.0,0.97,359.0,101830.0
20120626:1400,15.68,80.65,0.0,-0.0,0.0,-6.55,1.03,356.0,101840.0
20120626:1500,15.34,83.5,0.0,-0.0,0.0,5.95,1.31,3.0,101800.0
20120626:1600,15.3,86.5,0.0,-0.0,0.0,-3.25,0.76,350.0,101790.0
20120626:1700,14.64,89.5,0.0,-0.0,0.0,-1.35,0.55,345.0,101790.0
20120626:1800,14.95,89.55,0.0,-0.0,0.0,8.7,0.28,326.0,101740.0
20120626:1900,15.02,89.55,0.0,-0.0,0.0,-11.8,0.69,234.0,101780.0
20120626:2000,14.53,92.7,131.4,612.6,58.7,-0.55,0.55,248.0,101780.0
20120626:2100,14.87,86.45,297.95,669.6,91.35,8.9,0.21,322.0,101830.0
20120626:2200,16.74,72.7,477.45,723.52,120.15,6.15,0.41,329.0,101850.0
20120626:2300,16.73,70.2,701.3,877.13,120.7,1.35,0.83,18.0,101850.0
20120627:0000,17.05,70.3,776.8,759.95,168.3,-9.25,1.31,40.0,101830.0
20120627:0100,17.48,72.8,911.05,825.18,166.6,313.6,1.31,61.0,101800.0
20120627:0200,18.95,68.05,963.6,856.13,142.95,16.05,1.72,83.0,101810.0
20120627:0300,19.74,63.6,943.85,830.81,141.25,-9.25,2.28,88.0,101750.0
20120627:0400,20.35,65.95,863.4,782.9,139.9,2.3,2.21,100.0,101760.0
20120627:0500,20.53,66.05,734.5,723.32,130.05,2.3,2.41,101.0,101730.0
20120627:0600,20.45,70.7,569.45,641.4,116.2,2.1,2.0,104.0,101690.0
20120627:0700,20.15,70.7,378.2,511.42,99.0,-2.3,1.79,106.0,101680.0
20120627:0800,19.7,73.15,174.65,264.4,78.3,-1.35,1.72,114.0,101670.0
20120627:0900,19.45,73.05,40.85,95.71,24.15,-0.95,2.14,138.0,101700.0
20120627:1000,18.47,81.0,0.0,-0.0,0.0,-4.6,2.34,151.0,101700.0
20120627:1100,18.32,86.7,0.0,-0.0,0.0,-3.25,2.48,172.0,101760.0
20120627:1200,18.19,86.7,0.0,-0.0,0.0,-3.05,2.41,187.0,101750.0
20120627:1300,18.14,86.7,0.0,-0.0,0.0,-0.95,2.07,198.0,101720.0
20120627:1400,17.3,89.7,0.0,-0.0,0.0,5.2,1.52,209.0,101740.0
20120627:1500,17.5,89.7,0.0,-0.0,0.0,-6.15,0.97,214.0,101720.0
20120627:1600,17.83,92.85,0.0,-0.0,0.0,2.1,1.03,215.0,101620.0
20120627:1700,16.92,89.65,0.0,-0.0,0.0,20.3,0.9,210.0,101640.0
20120627:1800,17.0,86.65,0.0,-0.0,0.0,16.8,1.03,196.0,101640.0
20120627:1900,16.89,89.65,0.0,-0.0,0.0,-24.35,0.97,189.0,101680.0
20120627:2000,17.0,86.65,137.2,672.72,58.1,-11.4,0.55,193.0,101720.0
20120627:2100,16.43,89.65,277.6,544.22,110.25,-8.7,0.69,163.0,101710.0
20120627:2200,18.82,75.55,478.4,678.95,143.75,24.15,0.55,206.0,101740.0
20120627:2300,18.84,78.25,679.6,809.23,144.6,4.45,0.76,153.0,101740.0
20120628:0000,18.99,73.05,751.95,636.41,242.8,-15.05,1.17,139.0,101700.0
20120628:0100,19.54,73.15,872.3,721.89,221.4,327.75,1.59,122.0,101640.0
20120628:0200,20.43,70.7,911.25,688.09,251.9,4.05,2.07,111.0,101620.0
20120628:0300,20.83,73.3,894.7,668.91,248.6,2.5,2.83,107.0,101560.0
20120628:0400,20.63,73.3,802.85,596.3,251.8,2.1,3.31,118.0,101570.0
20120628:0500,20.77,75.85,672.65,529.1,230.45,1.7,3.38,119.0,101560.0
20120628:0600,20.77,73.3,517.6,483.56,175.8,2.7,3.52,122.0,101480.0
20120628:0700,20.68,73.3,350.6,410.89,126.2,-0.95,3.17,130.0,101460.0
20120628:0800,20.45,78.45,179.15,279.48,77.25,-4.45,2.97,137.0,101460.0
20120628:0900,20.46,78.45,39.7,91.34,23.75,-4.45,2.48,139.0,101460.0
20120628:1000,19.52,83.9,0.0,-0.0,0.0,-2.7,2.41,145.0,101470.0
20120628:1100,20.32,86.85,0.0,-0.0,0.0,-3.05,2.48,161.0,101500.0
20120628:1200,19.89,83.9,0.0,-0.0,0.0,-1.5,2.34,170.0,101530.0
20120628:1300,19.65,83.9,0.0,-0.0,0.0,-0.95,2.48,177.0,101490.0
20120628:1400,19.66,86.85,0.0,-0.0,0.0,0.75,2.41,183.0,101490.0
20120628:1500,19.06,86.8,0.0,-0.0,0.0,1.9,1.93,190.0,101470.0
20120628:1600,19.09,86.8,0.0,-0.0,0.0,5.2,1.66,191.0,101430.0
20120628:1700,18.3,89.75,0.0,-0.0,0.0,-3.05,1.24,206.0,101390.0
20120628:1800,18.28,89.75,0.0,-0.0,0.0,7.5,1.31,206.0,101370.0
20120628:1900,18.27,92.85,0.0,-0.0,0.0,8.5,0.97,199.0,101390.0
20120628:2000,18.28,92.85,89.5,246.94,60.75,-10.8,0.55,173.0,101420.0
20120628:2100,18.09,89.75,185.6,213.93,120.05,22.8,0.69,136.0,101410.0
20120628:2200,20.01,81.15,344.75,361.45,166.95,17.4,1.1,74.0,101460.0
20120628:2300,20.69,78.5,416.95,287.83,226.9,-3.05,1.45,84.0,101440.0
20120629:0000,20.64,78.5,574.7,429.12,231.7,13.15,1.66,87.0,101420.0
20120629:0100,20.81,78.5,594.05,350.17,278.5,366.85,1.93,92.0,101400.0
20120629:0200,21.38,78.55,596.0,346.91,263.7,16.05,2.41,88.0,101360.0
20120629:0300,21.16,75.95,612.6,336.75,287.4,-12.95,2.83,73.0,101320.0
20120629:0400,21.45,78.55,489.05,252.25,255.95,15.65,3.03,74.0,101340.0
20120629:0500,21.23,81.3,540.9,436.76,175.85,-3.25,3.03,78.0,101290.0
20120629:0600,21.43,78.55,354.95,225.33,195.65,-21.25,3.17,81.0,101310.0
20120629:0700,21.46,78.55,224.4,148.73,143.15,11.4,2.62,78.0,101280.0
20120629:0800,21.3,81.3,100.6,87.6,68.65,-0.35,1.93,71.0,101330.0
20120629:0900,21.1,81.3,25.85,32.92,20.1,7.35,1.45,61.0,101340.0
20120629:1000,19.62,89.85,0.0,-0.0,0.0,-9.25,1.1,29.0,101360.0
20120629:1100,19.86,92.9,0.0,-0.0,0.0,-15.85,1.03,27.0,101410.0
20120629:1200,19.62,92.9,0.0,-0.0,0.0,5.95,1.1,7.0,101440.0
20120629:1300,19.01,92.9,0.0,-0.0,0.0,19.9,1.45,343.0,101430.0
20120629:1400,18.87,96.1,0.0,-0.0,0.0,-2.3,1.72,338.0,101440.0
20120629:1500,18.96,96.1,0.0,-0.0,0.0,12.75,1.79,333.0,101410.0
20120629:1600,18.87,96.1,0.0,-0.0,0.0,-8.1,1.66,340.0,101370.0
20120629:1700,18.48,92.85,0.0,-0.0,0.0,-1.15,1.72,358.0,101350.0
20120629:1800,18.6,92.85,0.0,-0.0,0.0,0.35,1.79,8.0,101360.0
20120629:1900,18.94,89.75,0.0,-0.0,0.0,-10.45,2.0,352.0,101360.0
20120629:2000,18.75,89.75,65.9,168.83,46.45,11.6,2.21,339.0,101390.0
20120629:2100,18.93,86.75,191.45,259.28,112.3,-5.8,2.21,351.0,101400.0
20120629:2200,19.9,78.35,276.5,236.82,160.25,-1.9,1.93,14.0,101450.0
20120629:2300,19.71,78.35,425.1,276.01,243.1,-11.4,2.14,26.0,101470.0
20120630:0000,19.94,81.1,588.1,347.56,310.55,19.35,2.34,35.0,101490.0
20120630:0100,20.14,78.45,634.95,404.91,270.3,380.4,2.34,42.0,101470.0
20120630:0200,20.77,78.5,727.0,470.81,276.2,-9.65,2.41,51.0,101460.0
20120630:0300,20.93,81.2,806.5,570.85,255.35,4.25,2.34,55.0,101420.0
20120630:0400,21.25,78.55,675.35,537.13,179.05,-12.75,2.34,48.0,101370.0
20120630:0500,21.63,78.65,683.7,614.23,170.3,-9.65,2.62,42.0,101340.0
20120630:0600,21.72,78.65,538.3,570.13,135.2,-0.15,3.1,56.0,101310.0
20120630:0700,21.87,78.65,355.0,447.14,110.7,-1.35,2.83,63.0,101320.0
20120630:0800,21.37,84.05,171.55,271.68,72.45,3.05,2.28,61.0,101320.0
20120630:0900,21.48,86.95,31.3,49.25,22.7,-5.6,1.93,53.0,101390.0
20120630:1000,19.33,89.8,0.0,-0.0,0.0,-12.15,2.21,40.0,101390.0
20120630:1100,19.66,86.85,0.0,-0.0,0.0,6.55,2.21,30.0,101380.0
20120630:1200,19.67,89.85,0.0,-0.0,0.0,18.55,2.41,14.0,101440.0
20120630:1300,19.03,86.8,0.0,-0.0,0.0,-10.45,2.69,0.0,101490.0
20120630:1400,18.72,92.85,0.0,-0.0,0.0,6.35,2.83,3.0,101410.0
20120630:1500,18.49,89.75,0.0,-0.0,0.0,-5.6,3.1,350.0,101400.0
20120630:1600,17.53,89.76,0.0,-0.0,0.0,20.26,3.01,347.0,101300.0
20120630:1700,17.95,88.58,0.0,-0.0,0.0,21.22,3.16,350.0,101280.0
20120630:1800,18.37,87.39,0.0,-0.0,0.0,22.17,3.32,350.0,101280.0
20120630:1900,18.79,86.21,0.0,-0.0,0.0,23.13,3.47,355.0,101260.0
20120630:2000,19.22,85.03,30.2,8.34,29.25,24.08,3.63,8.0,101220.0
20120630:2100,19.64,83.84,51.0,0.0,51.0,25.04,3.78,12.0,101170.0
20120630:2200,20.06,82.66,67.8,0.0,67.8,25.99,3.94,17.0,101220.0
20120630:2300,20.48,81.47,95.8,4.78,92.65,26.94,4.09,23.0,101150.0
20130701:0000,20.9,80.29,579.45,298.1,341.4,27.9,4.25,190.0,101600.0
20130701:0100,21.32,79.1,720.8,449.05,316.4,28.85,4.41,188.0,101560.0
20130701:0200,21.74,77.92,768.45,486.58,302.55,29.81,4.56,180.0,101510.0
20130701:0300,22.16,76.74,568.6,251.79,325.5,30.76,4.72,165.0,101550.0
20130701:0400,22.58,75.55,506.45,215.15,307.65,31.72,4.87,160.0,101500.0
20130701:0500,23.0,74.37,355.85,148.29,231.9,32.67,5.03,159.0,101480.0
20130701:0600,23.42,73.18,341.85,137.19,244.85,33.63,5.18,159.0,101450.0
20130701:0700,23.84,72.0,177.95,65.62,142.1,34.58,5.34,163.0,101450.0
20130701:0800,22.36,78.7,108.15,27.14,98.25,1.9,4.9,165.0,101460.0
20130701:0900,22.35,76.1,24.65,0.0,24.65,-8.5,4.83,172.0,101470.0
20130701:1000,20.85,78.55,0.0,-0.0,0.0,-1.35,4.21,177.0,101540.0
20130701:1100,20.83,78.55,0.0,-0.0,0.0,-8.3,4.41,180.0,101540.0
20130701:1200,20.84,78.55,0.0,-0.0,0.0,-5.8,4.34,184.0,101600.0
20130701:1300,20.3,78.5,0.0,-0.0,0.0,-3.65,4.21,187.0,101570.0
20130701:1400,20.05,81.15,0.0,-0.0,0.0,-2.1,4.07,188.0,101580.0
20130701:1500,19.81,81.15,0.0,-0.0,0.0,-5.0,4.0,189.0,101580.0
20130701:1600,19.86,83.95,0.0,-0.0,0.0,0.75,4.0,191.0,101540.0
20130701:1700,19.36,83.9,0.0,-0.0,0.0,0.15,4.0,191.0,101540.0
20130701:1800,19.43,86.85,0.0,-0.0,0.0,-0.95,3.93,192.0,101540.0
20130701:1900,19.33,86.85,0.0,-0.0,0.0,-8.7,3.79,196.0,101560.0
20130701:2000,19.26,83.9,114.25,440.19,64.1,0.95,3.66,201.0,101610.0
20130701:2100,19.52,83.9,278.15,553.32,109.9,6.75,3.59,195.0,101610.0
20130701:2200,22.25,71.05,431.9,509.39,182.4,6.15,3.24,187.0,101600.0
20130701:2300,22.47,71.05,615.2,652.8,185.35,3.65,3.45,182.0,101580.0
20130702:0000,22.94,68.75,742.3,665.71,211.2,11.4,3.31,170.0,101580.0
20130702:0100,23.06,68.75,758.2,530.96,280.35,368.4,3.86,151.0,101540.0
20130702:0200,23.09,68.75,793.25,630.46,189.85,5.8,4.97,145.0,101510.0
20130702:0300,23.05,68.75,767.35,603.85,184.5,-11.8,5.79,145.0,101480.0
20130702:0400,22.94,68.75,779.25,669.36,160.85,-4.25,5.72,146.0,101470.0
20130702:0500,23.33,66.55,603.2,571.6,125.45,-3.45,5.52,151.0,101440.0
20130702:0600,22.68,66.35,400.35,342.4,158.25,12.35,5.24,154.0,101420.0
20130702:0700,23.13,64.2,365.6,494.16,95.6,6.0,4.83,155.0,101390.0
20130702:0800,22.1,71.05,165.45,210.97,88.5,-23.0,4.55,153.0,101360.0
20130702:0900,21.8,71.05,34.1,42.12,26.75,3.05,3.86,152.0,101390.0
20130702:1000,20.41,78.5,0.0,-0.0,0.0,3.65,3.93,160.0,101400.0
20130702:1100,20.27,81.2,0.0,-0.0,0.0,-8.5,4.21,165.0,101420.0
20130702:1200,20.43,81.2,0.0,-0.0,0.0,6.95,4.14,172.0,101440.0
20130702:1300,20.08,83.95,0.0,-0.0,0.0,14.7,4.14,174.0,101400.0
20130702:1400,19.72,83.95,0.0,-0.0,0.0,-6.55,4.14,180.0,101340.0
20130702:1500,19.82,86.85,0.0,-0.0,0.0,9.85,4.14,181.0,101270.0
20130702:1600,19.92,86.85,0.0,-0.0,0.0,11.4,4.28,182.0,101200.0
20130702:1700,19.57,86.85,0.0,-0.0,0.0,-16.6,4.21,183.0,101160.0
20130702:1800,19.4,86.85,0.0,-0.0,0.0,-11.4,4.28,182.0,101130.0
20130702:1900,19.45,86.85,0.0,-0.0,0.0,15.45,4.41,185.0,101140.0
20130702:2000,19.44,86.85,51.1,25.31,48.25,0.95,4.55,183.0,101110.0
20130702:2100,19.63,86.85,142.85,33.68,132.65,3.45,4.62,179.0,101090.0
20130702:2200,20.76,84.05,318.4,190.2,225.45,1.5,4.41,177.0,101020.0
20130702:2300,21.06,78.55,495.85,311.4,291.1,-7.35,5.17,172.0,100950.0
20130703:0000,21.72,71.05,414.15,202.14,253.05,6.0,5.79,178.0,100920.0
20130703:0100,21.88,71.05,341.0,78.45,270.45,383.85,5.45,176.0,100920.0
20130703:0200,21.5,73.45,372.15,57.08,317.55,8.1,6.07,179.0,100880.0
20130703:0300,21.38,73.45,191.0,10.1,181.25,2.5,4.9,160.0,100880.0
20130703:0400,21.35,76.0,270.3,74.1,201.85,6.0,5.38,156.0,100820.0
20130703:0500,20.9,84.05,132.15,19.32,116.0,-6.35,5.66,164.0,100790.0
20130703:0600,20.35,86.9,173.1,32.74,149.95,4.05,5.59,170.0,100770.0
20130703:0700,19.83,89.85,56.65,0.0,56.65,-4.6,5.17,176.0,100750.0
20130703:0800,19.53,92.9,13.95,0.55,13.75,4.45,4.97,183.0,100760.0
20130703:0900,19.54,89.85,3.1,0.86,2.95,6.15,4.55,185.0,100770.0
20130703:1000,19.84,89.85,0.0,-0.0,0.0,-0.75,4.14,182.0,100810.0
20130703:1100,20.01,89.85,0.0,-0.0,0.0,-5.6,4.83,183.0,100730.0
20130703:1200,20.29,86.9,0.0,-0.0,0.0,-8.3,5.45,194.0,100790.0
20130703:1300,20.21,86.9,0.0,-0.0,0.0,1.15,5.31,196.0,100760.0
20130703:1400,20.01,92.95,0.0,-0.0,0.0,2.1,5.03,201.0,100700.0
20130703:1500,20.22,89.9,0.0,-0.0,0.0,-1.15,4.76,202.0,100620.0
20130703:1600,20.41,92.95,0.0,-0.0,0.0,7.35,4.34,206.0,100600.0
20130703:1700,20.66,92.95,0.0,-0.0,0.0,2.1,4.0,203.0,100590.0
20130703:1800,20.85,89.95,0.0,-0.0,0.0,1.35,3.45,196.0,100570.0
20130703:1900,20.93,93.0,0.0,-0.0,0.0,1.9,3.52,195.0,100580.0
20130703:2000,21.08,93.0,57.85,66.11,50.5,-5.2,3.31,197.0,100610.0
20130703:2100,21.15,93.0,181.4,180.09,127.1,-3.25,3.24,202.0,100570.0
20130703:2200,23.01,90.05,270.05,158.97,192.55,0.75,1.86,209.0,100600.0
20130703:2300,22.8,87.1,342.3,100.61,276.25,8.7,2.14,210.0,100580.0
20130704:0000,23.35,84.25,456.5,148.34,338.4,4.05,1.93,202.0,100650.0
20130704:0100,23.91,78.9,438.4,105.04,344.0,397.05,2.41,174.0,100620.0
20130704:0200,24.01,78.9,441.75,79.54,365.7,8.3,2.97,176.0,100650.0
20130704:0300,24.53,78.95,585.65,241.28,352.9,8.9,3.38,173.0,100570.0
20130704:0400,24.79,79.05,530.65,267.35,283.75,-4.6,3.66,168.0,100540.0
20130704:0500,25.09,81.7,518.45,318.69,252.15,2.5,3.93,166.0,100460.0
20130704:0600,25.32,81.75,221.35,29.28,200.65,-0.75,4.21,164.0,100440.0
20130704:0700,25.1,84.4,172.3,28.74,156.6,6.75,3.93,164.0,100410.0
20130704:0800,25.0,84.4,81.8,9.33,78.4,-9.25,3.72,168.0,100430.0
20130704:0900,24.53,84.35,25.7,17.53,22.65,1.5,3.31,172.0,100470.0
20130704:1000,23.62,90.05,0.0,-0.0,0.0,-4.05,3.66,182.0,100520.0
20130704:1100,23.94,87.15,0.0,-0.0,0.0,-3.05,3.52,192.0,100600.0
20130704:1200,24.22,90.1,0.0,-0.0,0.0,2.3,3.52,192.0,100600.0
20130704:1300,23.63,87.1,0.0,-0.0,0.0,-1.15,3.45,190.0,100650.0
20130704:1400,23.15,90.05,0.0,-0.0,0.0,3.25,3.59,183.0,100600.0
20130704:1500,23.24,90.05,0.0,-0.0,0.0,4.6,3.52,187.0,100560.0
20130704:1600,23.23,90.05,0.0,-0.0,0.0,-6.75,3.24,194.0,100530.0
20130704:1700,22.9,93.05,0.0,-0.0,0.0,5.6,2.76,198.0,100500.0
20130704:1800,22.84,93.05,0.0,-0.0,0.0,5.6,2.28,196.0,100440.0
20130704:1900,23.04,96.15,0.0,-0.0,0.0,5.95,2.28,192.0,100420.0
20130704:2000,22.99,96.15,46.95,58.78,40.5,-5.6,2.55,186.0,100410.0
20130704:2100,23.09,96.15,92.85,62.46,74.1,-0.35,3.17,186.0,100400.0
20130704:2200,24.12,93.1,95.2,2.78,93.85,-2.5,2.83,194.0,100420.0
20130704:2300,24.06,93.1,83.15,0.31,82.95,3.65,2.76,182.0,100390.0
20130705:0000,23.58,96.2,116.4,15.03,104.45,2.7,3.1,180.0,100340.0
20130705:0100,23.83,93.1,124.5,6.85,118.35,419.7,4.21,192.0,100310.0
20130705:0200,24.19,93.1,130.95,2.51,128.55,5.4,3.86,205.0,100280.0
20130705:0300,24.83,90.15,173.05,0.41,172.65,0.55,3.93,201.0,100200.0
20130705:0400,25.2,90.15,348.85,59.95,293.5,-4.8,4.41,212.0,100240.0
20130705:0500,26.22,84.5,155.25,6.16,150.1,-3.65,4.34,208.0,100180.0
20130705:0600,25.98,84.5,192.95,37.99,166.1,3.85,4.14,201.0,100160.0
20130705:0700,25.48,84.45,105.75,6.78,102.05,-1.15,4.21,199.0,100160.0
20130705:0800,25.43,84.45,43.65,0.0,43.65,-1.7,3.79,206.0,100210.0
20130705:0900,25.26,81.75,6.15,0.0,6.15,1.35,3.45,207.0,100270.0
20130705:1000,24.8,87.25,0.0,-0.0,0.0,1.35,2.48,207.0,100290.0
20130705:1100,24.53,87.2,0.0,-0.0,0.0,-1.5,2.83,208.0,100320.0
20130705:1200,24.54,87.2,0.0,-0.0,0.0,-5.4,3.31,209.0,100400.0
20130705:1300,24.23,84.35,0.0,-0.0,0.0,-2.5,3.45,211.0,100380.0
20130705:1400,24.27,87.2,0.0,-0.0,0.0,-0.75,3.59,217.0,100420.0
20130705:1500,24.23,87.2,0.0,-0.0,0.0,-2.3,3.66,219.0,100410.0
20130705:1600,24.26,87.2,0.0,-0.0,0.0,-9.45,3.31,222.0,100390.0
20130705:1700,23.97,90.1,0.0,-0.0,0.0,-3.85,3.17,226.0,100380.0
20130705:1800,24.18,93.1,0.0,-0.0,0.0,-7.15,3.1,230.0,100400.0
20130705:1900,24.11,93.1,0.0,-0.0,0.0,-2.7,3.03,232.0,100450.0
20130705:2000,23.97,93.1,95.25,333.13,59.2,4.05,3.24,228.0,100470.0
20130705:2100,24.27,90.1,217.6,274.11,135.7,16.25,3.1,225.0,100470.0
20130705:2200,25.69,87.3,373.25,350.04,203.45,-10.25,2.97,228.0,100450.0
20130705:2300,26.0,81.8,589.45,596.17,199.3,5.0,3.03,217.0,100490.0
20130706:0000,27.36,74.3,755.95,684.32,212.35,-5.4,3.1,218.0,100460.0
20130706:0100,28.28,67.5,883.9,833.55,135.95,396.45,3.45,221.0,100490.0
20130706:0200,29.71,63.4,919.5,793.3,161.8,0.55,3.1,235.0,100520.0
20130706:0300,30.76,59.55,837.2,609.46,249.75,8.3,2.48,256.0,100500.0
20130706:0400,30.97,59.65,580.55,311.7,292.85,12.15,1.86,262.0,100530.0
20130706:0500,29.24,67.6,459.9,236.22,262.6,12.15,0.69,110.0,100530.0
20130706:0600,32.91,64.0,310.45,86.61,249.25,6.75,1.45,125.0,100530.0
20130706:0700,29.48,79.6,203.7,46.08,178.55,-0.75,0.48,136.0,100560.0
20130706:0800,28.87,84.8,100.65,21.98,92.65,-3.05,1.72,308.0,100640.0
20130706:0900,28.46,87.55,18.45,5.48,17.5,1.5,3.17,308.0,100740.0
20130706:1000,27.98,84.7,0.0,-0.0,0.0,-7.35,3.45,306.0,100790.0
20130706:1100,27.71,87.45,0.0,-0.0,0.0,-5.6,2.97,302.0,100830.0
20130706:1200,28.06,82.05,0.0,-0.0,0.0,-2.3,2.9,283.0,100950.0
20130706:1300,28.11,76.85,0.0,-0.0,0.0,4.45,2.83,282.0,101010.0
20130706:1400,27.72,79.35,0.0,-0.0,0.0,1.7,1.52,250.0,101050.0
20130706:1500,26.71,79.2,0.0,-0.0,0.0,-5.0,1.31,202.0,101000.0
20130706:1600,26.52,84.55,0.0,-0.0,0.0,0.15,2.48,191.0,100980.0
20130706:1700,25.86,90.2,0.0,-0.0,0.0,-5.0,2.9,197.0,101000.0
20130706:1800,25.48,93.15,0.0,-0.0,0.0,-0.95,2.83,202.0,101040.0
20130706:1900,25.18,96.2,0.0,-0.0,0.0,-1.15,2.76,208.0,101060.0
20130706:2000,24.87,93.15,98.3,368.04,59.05,-4.8,2.41,220.0,101090.0
20130706:2100,25.34,90.2,206.15,316.64,112.0,-13.15,1.86,226.0,101120.0
20130706:2200,27.6,79.35,292.75,250.1,171.75,13.15,2.28,202.0,101050.0
20130706:2300,27.44,76.8,307.9,201.74,176.1,5.2,1.79,187.0,101130.0
20130707:0000,27.37,76.8,411.65,245.89,216.55,2.7,1.52,169.0,101120.0
20130707:0100,27.94,74.4,249.75,42.61,211.55,419.7,1.17,195.0,101160.0
20130707:0200,27.51,79.35,260.75,21.53,240.2,7.7,0.9,213.0,101190.0
20130707:0300,27.81,79.4,359.85,55.01,306.85,-0.35,0.83,226.0,101190.0
20130707:0400,28.2,79.4,455.1,161.32,306.25,1.7,1.17,293.0,101140.0
20130707:0500,28.75,76.95,484.1,311.92,223.65,-2.3,0.48,225.0,101150.0
20130707:0600,29.08,77.0,193.6,132.87,99.75,-6.35,0.69,195.0,101130.0
20130707:0700,28.6,79.5,225.45,163.42,136.3,9.85,0.69,215.0,101150.0
20130707:0800,27.14,84.6,109.75,64.51,86.3,-6.95,0.9,236.0,101170.0
20130707:0900,27.13,81.9,12.45,5.5,11.5,1.15,0.55,191.0,101190.0
20130707:1000,27.19,87.4,0.0,-0.0,0.0,-0.75,2.07,157.0,101280.0
20130707:1100,27.01,87.4,0.0,-0.0,0.0,-2.3,2.21,174.0,101350.0
20130707:1200,26.94,90.25,0.0,-0.0,0.0,-5.4,1.79,211.0,101420.0
20130707:1300,26.47,90.25,0.0,-0.0,0.0,-7.35,1.45,220.0,101390.0
20130707:1400,26.02,93.2,0.0,-0.0,0.0,-6.0,1.72,210.0,101370.0
20130707:1500,25.9,96.25,0.0,-0.0,0.0,14.7,2.21,216.0,101380.0
20130707:1600,26.22,90.2,0.0,-0.0,0.0,-1.7,2.14,217.0,101340.0
20130707:1700,25.6,93.15,0.0,-0.0,0.0,0.75,2.07,219.0,101310.0
20130707:1800,24.58,93.1,0.0,-0.0,0.0,-0.55,1.93,224.0,101320.0
20130707:1900,24.31,93.1,0.0,-0.0,0.0,-19.9,1.79,227.0,101320.0
20130707:2000,25.05,93.15,88.35,274.71,59.5,6.95,1.79,234.0,101340.0
20130707:2100,25.7,90.2,198.25,283.08,114.5,-2.5,1.52,241.0,101360.0
20130707:2200,27.65,81.95,341.0,402.09,147.0,5.2,0.76,326.0,101320.0
20130707:2300,27.87,79.4,387.35,272.54,209.6,6.55,0.9,21.0,101360.0
20130708:0000,28.2,79.4,233.15,99.88,154.0,7.15,0.76,47.0,101360.0
20130708:0100,27.49,84.65,529.75,280.36,278.6,428.2,0.69,54.0,101380.0
20130708:0200,28.39,76.95,399.7,173.8,233.9,-6.75,1.1,101.0,101340.0
20130708:0300,27.92,79.4,428.7,225.59,211.45,9.65,1.45,37.0,101340.0
20130708:0400,27.95,76.85,193.4,41.53,155.1,-8.1,2.14,32.0,101360.0
20130708:0500,27.08,84.6,143.7,48.52,103.2,8.3,1.86,78.0,101320.0
20130708:0600,26.56,87.35,95.95,0.5,95.6,-5.2,2.0,125.0,101290.0
20130708:0700,26.95,84.6,166.3,107.49,107.7,0.15,1.79,167.0,101290.0
20130708:0800,26.7,93.2,117.95,115.41,76.05,1.35,1.45,186.0,101290.0
20130708:0900,27.04,90.25,29.05,49.4,20.55,-6.55,1.86,178.0,101240.0
20130708:1000,25.5,90.2,0.0,-0.0,0.0,-5.2,2.41,182.0,101300.0
20130708:1100,25.79,87.3,0.0,-0.0,0.0,-11.8,2.9,208.0,101290.0
20130708:1200,25.74,90.2,0.0,-0.0,0.0,-8.3,3.1,205.0,101300.0
20130708:1300,25.62,87.3,0.0,-0.0,0.0,-2.1,3.59,204.0,101250.0
20130708:1400,25.1,90.15,0.0,-0.0,0.0,-2.3,4.0,208.0,101210.0
20130708:1500,24.83,90.15,0.0,-0.0,0.0,0.0,3.86,213.0,101190.0
20130708:1600,24.66,96.2,0.0,-0.0,0.0,1.15,3.72,214.0,101180.0
20130708:1700,24.82,93.15,0.0,-0.0,0.0,-6.95,3.72,213.0,101150.0
20130708:1800,24.73,96.2,0.0,-0.0,0.0,-1.9,3.79,214.0,101110.0
20130708:1900,24.72,96.2,0.0,-0.0,0.0,2.1,3.72,216.0,101100.0
20130708:2000,24.92,93.15,116.35,613.48,52.95,-2.1,3.45,221.0,101080.0
20130708:2100,25.2,96.2,288.05,674.1,89.65,-4.25,2.97,224.0,101090.0
20130708:2200,27.35,79.35,471.05,728.5,120.55,2.3,2.07,224.0,101070.0
20130708:2300,28.15,72.0,620.5,698.19,165.95,5.2,1.72,217.0,101050.0
20130709:0000,28.89,59.2,736.35,683.58,195.3,9.85,1.45,248.0,101050.0
20130709:0100,29.7,57.4,836.05,678.65,228.65,402.25,2.41,285.0,100990.0
20130709:0200,30.97,50.55,837.3,639.43,227.7,10.05,2.97,293.0,101000.0
20130709:0300,30.71,52.15,807.0,628.92,201.65,3.45,2.48,295.0,100940.0
20130709:0400,30.5,55.75,646.6,488.92,195.85,3.25,1.45,267.0,100880.0
20130709:0500,29.51,63.4,542.9,462.53,157.0,3.85,1.31,219.0,100830.0
20130709:0600,30.35,57.6,470.95,398.49,189.75,-10.25,1.86,168.0,100770.0
20130709:0700,30.15,65.6,268.75,195.05,162.5,1.35,2.21,164.0,100760.0
20130709:0800,29.05,74.55,93.55,34.9,80.9,6.75,2.76,171.0,100750.0
20130709:0900,28.77,76.95,32.75,57.77,22.85,-5.6,2.62,188.0,100760.0
20130709:1000,27.86,79.4,0.0,-0.0,0.0,-9.25,2.9,183.0,100820.0
20130709:1100,27.81,76.85,0.0,-0.0,0.0,-7.9,3.72,193.0,100820.0
20130709:1200,27.8,76.85,0.0,-0.0,0.0,1.15,4.0,202.0,100870.0
20130709:1300,27.15,76.7,0.0,-0.0,0.0,-2.3,3.59,206.0,100810.0
20130709:1400,26.73,81.85,0.0,-0.0,0.0,2.9,3.31,213.0,100830.0
20130709:1500,26.36,81.85,0.0,-0.0,0.0,4.45,2.97,217.0,100750.0
20130709:1600,26.01,87.3,0.0,-0.0,0.0,2.5,2.62,230.0,100700.0
20130709:1700,25.17,93.15,0.0,-0.0,0.0,-8.5,2.28,246.0,100720.0
20130709:1800,25.66,93.15,0.0,-0.0,0.0,4.6,2.28,221.0,100740.0
20130709:1900,25.69,93.15,0.0,-0.0,0.0,-0.55,2.55,224.0,100680.0
20130709:2000,25.94,87.3,107.5,465.47,60.2,-13.5,2.34,232.0,100680.0
20130709:2100,26.27,87.35,266.65,527.59,112.2,-2.9,2.28,229.0,100680.0
20130709:2200,29.02,74.55,460.15,696.01,126.25,8.9,2.14,209.0,100680.0
20130709:2300,29.79,63.5,576.85,600.37,186.7,2.5,1.86,214.0,100670.0
20130710:0000,30.19,55.6,737.55,677.82,201.75,7.9,1.52,220.0,100670.0
20130710:0100,29.88,55.6,842.95,735.14,185.6,410.6,2.28,252.0,100660.0
20130710:0200,30.38,53.9,837.7,659.13,209.75,0.0,3.17,260.0,100680.0
20130710:0300,30.63,53.9,829.85,606.49,246.4,9.45,3.31,259.0,100650.0
20130710:0400,30.56,53.9,712.5,588.01,170.65,5.4,2.9,252.0,100610.0
20130710:0500,30.35,57.6,624.6,575.0,145.1,-5.2,2.34,255.0,100580.0
20130710:0600,30.52,57.6,426.95,404.69,141.55,9.65,1.31,230.0,100580.0
20130710:0700,29.38,65.5,253.6,280.39,101.0,-7.7,0.9,213.0,100590.0
20130710:0800,29.41,72.25,121.3,153.23,65.85,2.1,1.17,192.0,100630.0
20130710:0900,29.08,79.55,27.35,28.14,22.55,-1.7,1.38,222.0,100680.0
20130710:1000,28.05,87.5,0.0,-0.0,0.0,-1.7,2.0,226.0,100700.0
20130710:1100,28.02,87.5,0.0,-0.0,0.0,0.0,1.72,251.0,100730.0
20130710:1200,27.94,87.5,0.0,-0.0,0.0,-5.8,1.45,260.0,100850.0
20130710:1300,27.77,87.5,0.0,-0.0,0.0,-0.95,1.31,271.0,100790.0
20130710:1400,27.11,93.2,0.0,-0.0,0.0,0.55,1.24,246.0,100810.0
20130710:1500,26.91,90.25,0.0,-0.0,0.0,13.5,1.52,239.0,100800.0
20130710:1600,26.89,90.25,0.0,-0.0,0.0,0.15,1.38,248.0,100750.0
20130710:1700,26.4,93.2,0.0,-0.0,0.0,-1.7,1.45,227.0,100760.0
20130710:1800,26.32,81.85,0.0,-0.0,0.0,-6.75,1.93,211.0,100740.0
20130710:1900,25.94,84.5,0.0,-0.0,0.0,-5.6,2.0,216.0,100750.0
20130710:2000,25.62,87.3,49.05,80.13,41.05,-1.5,2.07,218.0,100720.0
20130710:2100,25.76,84.5,104.65,53.41,89.1,2.3,1.93,220.0,100740.0
20130710:2200,27.65,74.3,112.55,46.73,90.2,7.9,2.0,204.0,100830.0
20130710:2300,27.66,69.6,244.65,112.62,171.6,0.0,2.14,194.0,100840.0
20130711:0000,27.15,69.5,256.55,70.43,200.95,0.0,2.48,189.0,100840.0
20130711:0100,27.17,71.85,320.95,53.56,273.1,422.95,2.76,184.0,100780.0
20130711:0200,27.77,65.2,712.05,414.7,317.25,0.95,2.76,187.0,100770.0
20130711:0300,28.82,63.3,829.25,716.89,140.0,-4.45,2.55,194.0,100720.0
20130711:0400,30.06,55.6,699.5,556.02,187.4,-6.15,3.03,227.0,100650.0
20130711:0500,29.95,55.6,574.6,375.42,261.7,12.55,3.17,254.0,100650.0
20130711:0600,29.4,61.35,486.6,446.4,172.0,-0.75,0.97,210.0,100630.0
20130711:0700,28.55,69.75,314.9,334.12,133.25,0.35,1.03,143.0,100630.0
20130711:0800,28.75,76.95,148.8,207.38,73.9,-3.45,0.34,148.0,100650.0
20130711:0900,28.46,82.1,28.6,43.6,21.2,0.35,0.07,180.0,100710.0
20130711:1000,27.32,93.25,0.0,-0.0,0.0,0.55,1.17,191.0,100780.0
20130711:1100,27.31,93.25,0.0,-0.0,0.0,-15.85,1.24,229.0,100780.0
20130711:1200,27.38,90.3,0.0,-0.0,0.0,-1.35,0.83,263.0,100850.0
20130711:1300,26.96,87.4,0.0,-0.0,0.0,-1.5,1.31,337.0,100900.0
20130711:1400,26.74,84.55,0.0,-0.0,0.0,5.95,1.93,5.0,100920.0
20130711:1500,26.05,84.5,0.0,-0.0,0.0,-1.5,2.07,19.0,100930.0
20130711:1600,25.65,87.3,0.0,-0.0,0.0,-8.1,1.66,37.0,100940.0
20130711:1700,24.74,90.15,0.0,-0.0,0.0,10.6,0.76,105.0,100910.0
20130711:1800,24.25,93.1,0.0,-0.0,0.0,1.7,1.52,170.0,100890.0
20130711:1900,24.23,93.1,0.0,-0.0,0.0,7.15,2.0,197.0,100880.0
20130711:2000,24.17,93.1,32.7,41.32,28.65,9.45,1.86,204.0,100860.0
20130711:2100,24.36,87.2,61.9,46.81,48.35,-9.85,1.66,198.0,100870.0
20130711:2200,25.6,90.2,151.7,80.84,113.15,-1.15,1.31,129.0,101000.0
20130711:2300,25.78,87.3,186.3,72.45,139.4,0.95,1.1,149.0,100960.0
20130712:0000,25.57,90.2,389.65,169.21,256.25,0.55,1.1,190.0,100960.0
20130712:0100,26.07,90.2,577.6,329.04,283.95,420.85,1.03,170.0,100920.0
20130712:0200,26.38,84.55,752.45,524.29,253.7,2.5,1.31,149.0,100890.0
20130712:0300,27.5,76.8,835.25,673.83,187.8,2.7,1.52,159.0,100830.0
20130712:0400,26.75,84.55,765.35,637.0,179.0,-7.5,2.0,110.0,100800.0
20130712:0500,25.97,90.2,521.95,355.25,226.05,-0.75,1.79,102.0,100800.0
20130712:0600,26.14,90.2,299.0,200.3,157.95,13.9,1.59,126.0,100850.0
20130712:0700,26.56,90.25,256.35,235.9,128.25,-2.3,2.21,168.0,100800.0
20130712:0800,26.18,93.2,149.65,207.14,75.0,-7.35,2.28,183.0,100780.0
20130712:0900,26.33,90.25,32.05,79.41,18.65,-11.95,2.76,198.0,100760.0
20130712:1000,25.91,90.2,0.0,-0.0,0.0,-8.1,2.21,210.0,100830.0
20130712:1100,26.05,84.5,0.0,-0.0,0.0,-5.4,2.14,230.0,100890.0
20130712:1200,26.81,67.2,0.0,-0.0,0.0,1.5,2.0,226.0,100910.0
20130712:1300,26.4,64.95,0.0,-0.0,0.0,8.7,2.34,222.0,100920.0
20130712:1400,26.19,64.8,0.0,-0.0,0.0,-14.7,2.55,219.0,100890.0
20130712:1500,26.24,67.05,0.0,-0.0,0.0,-1.5,2.55,214.0,100920.0
20130712:1600,26.24,67.05,0.0,-0.0,0.0,-6.35,2.62,212.0,100900.0
20130712:1700,25.78,67.05,0.0,-0.0,0.0,-1.35,2.69,213.0,100920.0
20130712:1800,25.67,69.25,0.0,-0.0,0.0,0.15,2.48,219.0,100910.0
20130712:1900,25.61,69.25,0.0,-0.0,0.0,24.35,1.93,222.0,100930.0
20130712:2000,25.03,73.95,30.25,60.85,24.4,2.3,2.0,214.0,100920.0
20130712:2100,24.84,79.05,69.1,20.85,63.1,4.25,1.59,222.0,100960.0
20130712:2200,25.59,84.45,144.2,37.97,126.15,-0.15,1.79,219.0,100920.0
20130712:2300,25.84,81.8,170.85,18.03,159.2,2.7,1.93,201.0,101000.0
20130713:0000,26.07,81.8,132.3,0.0,132.3,3.85,2.34,192.0,101050.0
20130713:0100,26.33,76.65,174.3,40.04,138.6,425.85,3.03,190.0,101080.0
20130713:0200,26.77,74.25,211.45,42.34,171.2,-2.9,3.52,193.0,101060.0
20130713:0300,27.15,74.25,135.05,9.16,126.25,3.85,3.24,195.0,101050.0
20130713:0400,26.5,76.65,121.85,0.38,121.5,0.95,2.9,194.0,101030.0
20130713:0500,26.12,79.15,165.55,28.05,142.2,-0.75,2.76,198.0,101020.0
20130713:0600,26.22,79.15,88.7,6.11,84.4,1.35,2.41,192.0,100970.0
20130713:0700,26.82,65.0,99.35,62.14,65.65,-3.25,2.14,181.0,100960.0
20130713:0800,26.37,62.8,28.55,3.89,27.15,-5.2,2.76,179.0,100940.0
20130713:0900,25.27,69.25,5.25,5.66,4.3,5.6,2.9,200.0,101000.0
20130713:1000,24.53,96.2,0.0,-0.0,0.0,-1.9,2.0,210.0,101090.0
20130713:1100,24.48,96.2,0.0,-0.0,0.0,-3.45,1.59,266.0,101160.0
20130713:1200,24.42,93.1,0.0,-0.0,0.0,-2.7,1.72,259.0,101230.0
20130713:1300,23.73,90.1,0.0,-0.0,0.0,5.4,1.72,222.0,101230.0
20130713:1400,22.86,96.15,0.0,-0.0,0.0,0.0,2.0,195.0,101250.0
20130713:1500,22.87,96.15,0.0,-0.0,0.0,-0.95,2.28,190.0,101180.0
20130713:1600,22.99,96.15,0.0,-0.0,0.0,-4.8,2.34,207.0,101150.0
20130713:1700,23.02,96.15,0.0,-0.0,0.0,3.05,1.66,233.0,101160.0
20130713:1800,23.02,96.15,0.0,-0.0,0.0,-6.35,1.1,268.0,101140.0
20130713:1900,23.1,96.15,0.0,-0.0,0.0,-1.9,1.59,219.0,101130.0
20130713:2000,23.29,93.05,28.25,6.9,27.6,-2.5,1.66,207.0,101140.0
20130713:2100,22.98,93.05,96.55,28.84,88.3,-1.7,1.24,232.0,101150.0
20130713:2200,25.36,87.3,114.9,16.88,106.9,-2.3,1.03,242.0,101200.0
20130713:2300,25.37,90.2,105.2,0.0,105.2,13.35,1.17,212.0,101210.0
20130714:0000,25.15,93.15,413.85,204.29,253.25,1.7,1.66,192.0,101200.0
20130714:0100,25.69,90.2,651.6,483.77,220.75,412.7,1.66,208.0,101180.0
20130714:0200,26.68,81.85,723.6,550.35,200.9,-8.1,1.45,240.0,101210.0
20130714:0300,27.02,74.25,638.25,504.77,153.9,2.9,1.93,263.0,101190.0
20130714:0400,27.34,71.9,430.0,221.42,226.45,-1.35,2.41,284.0,101160.0
20130714:0500,27.39,71.9,327.9,79.89,261.45,7.15,2.41,282.0,101150.0
20130714:0600,26.85,76.7,453.35,384.54,183.05,6.95,2.07,278.0,101140.0
20130714:0700,26.11,84.5,214.0,198.33,106.6,-14.5,2.48,289.0,101100.0
20130714:0800,25.68,90.2,82.8,69.02,58.05,11.0,1.03,281.0,101120.0
20130714:0900,26.09,90.2,26.35,52.23,17.65,-10.25,0.76,218.0,101110.0
20130714:1000,25.87,79.15,0.0,-0.0,0.0,-9.05,2.21,192.0,101070.0
20130714:1100,25.67,84.45,0.0,-0.0,0.0,-0.35,2.07,235.0,101110.0
20130714:1200,25.46,84.45,0.0,-0.0,0.0,-2.1,1.66,224.0,101130.0
20130714:1300,24.79,87.25,0.0,-0.0,0.0,10.45,1.93,211.0,101070.0
20130714:1400,24.52,90.1,0.0,-0.0,0.0,4.05,2.34,212.0,101050.0
20130714:1500,24.38,90.1,0.0,-0.0,0.0,5.6,2.0,195.0,101000.0
20130714:1600,24.34,87.2,0.0,-0.0,0.0,1.7,2.41,181.0,100940.0
20130714:1700,24.21,93.1,0.0,-0.0,0.0,-0.95,3.03,184.0,100910.0
20130714:1800,24.43,87.2,0.0,-0.0,0.0,-9.25,3.66,191.0,100870.0
20130714:1900,24.75,84.4,0.0,-0.0,0.0,5.0,3.72,202.0,100850.0
20130714:2000,24.88,81.7,22.7,10.3,21.75,1.15,3.24,201.0,100870.0
20130714:2100,24.84,79.05,77.35,40.63,65.8,7.35,3.24,197.0,100860.0
20130714:2200,25.33,81.75,394.0,505.11,155.45,-10.45,3.31,214.0,100860.0
20130714:2300,26.24,79.15,547.4,607.59,156.45,-16.05,2.9,222.0,100850.0
20130715:0000,26.67,74.15,506.5,360.71,223.35,1.9,2.55,268.0,100910.0
20130715:0100,26.84,71.85,464.1,316.81,182.25,411.75,3.79,318.0,100970.0
20130715:0200,26.04,74.1,551.65,377.26,193.65,-5.2,4.34,343.0,101010.0
20130715:0300,24.84,84.4,438.85,262.14,187.5,2.7,5.31,358.0,101030.0
20130715:0400,23.2,93.05,654.1,411.97,275.65,-5.4,5.03,7.0,101050.0
20130715:0500,22.29,90.0,355.2,260.8,138.45,1.5,4.83,14.0,101020.0
20130715:0600,21.26,87.0,315.1,304.7,101.15,-1.5,4.69,20.0,101090.0
20130715:0700,20.59,89.9,238.65,252.29,102.25,-10.05,4.14,24.0,101090.0
20130715:0800,19.97,92.95,124.8,166.69,65.2,0.0,3.59,29.0,101140.0
20130715:0900,20.32,86.9,27.3,53.83,18.4,-10.25,3.03,23.0,101210.0
20130715:1000,19.35,86.85,0.0,-0.0,0.0,9.65,2.69,13.0,101360.0
20130715:1100,19.76,81.15,0.0,-0.0,0.0,-1.7,2.34,2.0,101360.0
20130715:1200,20.18,81.15,0.0,-0.0,0.0,-19.7,2.28,355.0,101400.0
20130715:1300,19.5,83.9,0.0,-0.0,0.0,-1.7,2.41,352.0,101410.0
20130715:1400,18.91,86.8,0.0,-0.0,0.0,-10.8,2.14,10.0,101390.0
20130715:1500,18.9,86.8,0.0,-0.0,0.0,10.45,1.72,28.0,101380.0
20130715:1600,19.02,86.8,0.0,-0.0,0.0,-7.9,1.31,39.0,101380.0
20130715:1700,18.74,86.8,0.0,-0.0,0.0,16.05,0.97,38.0,101390.0
20130715:1800,19.08,86.8,0.0,-0.0,0.0,17.6,0.83,3.0,101400.0
20130715:1900,19.17,86.8,0.0,-0.0,0.0,-19.5,0.9,347.0,101430.0
20130715:2000,18.93,86.8,68.55,157.34,54.35,2.1,1.03,348.0,101450.0
20130715:2100,18.93,86.8,202.35,283.4,122.3,-2.1,1.31,348.0,101470.0
20130715:2200,21.41,78.65,389.0,531.36,138.9,0.35,1.52,360.0,101530.0
20130715:2300,22.02,78.7,546.45,592.6,165.95,-5.4,1.93,359.0,101560.0
20130716:0000,22.48,76.1,603.7,462.55,241.15,12.55,2.28,23.0,101570.0
20130716:0100,22.35,78.7,728.15,583.69,209.45,395.5,2.14,40.0,101580.0
20130716:0200,22.39,78.7,817.45,679.14,173.55,-10.05,1.45,45.0,101550.0
20130716:0300,22.81,76.15,816.1,704.48,141.15,-10.45,1.38,55.0,101490.0
20130716:0400,23.23,73.7,670.45,538.71,175.95,3.85,1.79,65.0,101430.0
20130716:0500,23.19,76.15,588.5,515.5,160.45,1.15,2.21,79.0,101410.0
20130716:0600,23.74,73.75,503.35,543.8,121.95,-0.95,2.34,86.0,101410.0
20130716:0700,23.42,76.2,294.0,372.23,93.1,-5.2,2.34,87.0,101420.0
20130716:0800,23.2,81.45,135.35,209.01,60.85,8.7,2.14,91.0,101470.0
20130716:0900,22.37,81.4,28.2,63.71,17.75,0.95,1.72,95.0,101540.0
20130716:1000,20.86,86.95,0.0,-0.0,0.0,-10.45,1.1,92.0,101560.0
20130716:1100,20.78,86.95,0.0,-0.0,0.0,5.2,1.24,63.0,101670.0
20130716:1200,20.69,89.9,0.0,-0.0,0.0,-11.2,1.72,56.0,101720.0
20130716:1300,19.97,89.85,0.0,-0.0,0.0,31.9,1.45,62.0,101690.0
20130716:1400,19.85,86.85,0.0,-0.0,0.0,-8.9,1.31,72.0,101630.0
20130716:1500,19.96,86.85,0.0,-0.0,0.0,-5.8,1.17,74.0,101600.0
20130716:1600,20.16,86.85,0.0,-0.0,0.0,6.35,1.1,75.0,101530.0
20130716:1700,19.63,89.85,0.0,-0.0,0.0,-0.95,1.1,104.0,101530.0
20130716:1800,19.73,86.85,0.0,-0.0,0.0,-13.15,1.31,116.0,101500.0
20130716:1900,19.37,89.85,0.0,-0.0,0.0,24.15,1.38,116.0,101500.0
20130716:2000,19.22,89.85,36.05,19.84,34.3,-0.95,1.31,117.0,101530.0
20130716:2100,19.25,86.85,82.8,34.03,73.25,4.45,1.24,116.0,101540.0
20130716:2200,19.81,83.95,132.4,36.88,115.1,0.15,1.31,80.0,101590.0
20130716:2300,19.86,86.85,180.05,47.21,149.8,1.35,1.72,62.0,101560.0
20130717:0000,19.68,89.85,231.8,56.41,187.65,1.9,1.72,66.0,101540.0
20130717:0100,19.65,89.85,239.35,55.43,190.15,408.85,1.52,71.0,101520.0
20130717:0200,19.52,89.85,298.65,68.15,234.1,2.7,1.59,89.0,101510.0
20130717:0300,19.94,89.85,263.05,29.82,234.5,-1.35,2.14,111.0,101430.0
20130717:0400,19.78,89.85,328.3,55.71,277.2,4.45,2.28,119.0,101360.0
20130717:0500,20.44,89.9,235.95,30.08,211.0,-2.9,2.0,123.0,101330.0
20130717:0600,20.38,86.9,145.95,8.99,139.65,-5.0,1.38,114.0,101330.0
20130717:0700,20.3,86.9,105.55,3.34,103.75,7.5,1.52,122.0,101290.0
20130717:0800,19.73,89.85,35.8,0.99,35.45,-10.6,2.0,124.0,101240.0
20130717:0900,19.93,89.85,3.6,0.0,3.6,-9.45,2.34,143.0,101250.0
20130717:1000,19.13,92.9,0.0,-0.0,0.0,-2.9,2.83,154.0,101210.0
20130717:1100,19.36,92.9,0.0,-0.0,0.0,4.05,3.24,155.0,101190.0
20130717:1200,19.35,92.9,0.0,-0.0,0.0,-2.5,3.45,145.0,101180.0
20130717:1300,18.94,92.9,0.0,-0.0,0.0,-0.15,3.79,159.0,101110.0
20130717:1400,19.28,89.85,0.0,-0.0,0.0,2.3,4.28,181.0,101020.0
20130717:1500,19.89,89.85,0.0,-0.0,0.0,1.7,3.79,182.0,100990.0
20130717:1600,19.84,89.85,0.0,-0.0,0.0,2.9,4.28,166.0,100870.0
20130717:1700,19.91,92.95,0.0,-0.0,0.0,1.35,4.76,170.0,100820.0
20130717:1800,19.93,92.95,0.0,-0.0,0.0,0.55,4.9,173.0,100760.0
20130717:1900,19.89,92.95,0.0,-0.0,0.0,5.0,5.03,172.0,100750.0
20130717:2000,20.63,92.95,42.25,67.35,36.45,1.15,4.83,171.0,100700.0
20130717:2100,21.15,93.0,58.35,45.56,45.65,-3.85,5.72,169.0,100690.0
20130717:2200,21.71,90.0,104.2,5.13,101.8,6.55,4.9,190.0,100630.0
20130717:2300,22.05,90.0,272.45,101.83,207.35,5.4,6.07,192.0,100530.0
20130718:0000,22.83,84.25,463.3,306.7,223.65,-0.15,5.79,193.0,100490.0
20130718:0100,23.32,81.5,623.55,434.02,238.75,399.55,4.97,201.0,100500.0
20130718:0200,24.28,71.4,643.3,429.82,236.55,-4.45,4.48,196.0,100480.0
20130718:0300,24.92,66.85,679.55,465.93,233.9,15.25,4.0,203.0,100390.0
20130718:0400,24.97,69.15,758.9,654.27,159.35,-17.8,3.31,196.0,100340.0
20130718:0500,25.76,64.8,588.05,516.75,159.8,-4.6,2.48,205.0,100300.0
20130718:0600,26.28,62.8,308.65,279.6,113.05,14.5,1.52,215.0,100320.0
20130718:0700,25.6,74.0,225.7,289.51,70.05,0.15,1.17,266.0,100340.0
20130718:0800,25.37,81.75,70.55,73.03,44.7,0.75,1.03,319.0,100410.0
20130718:0900,25.06,87.25,10.4,12.41,8.4,10.25,2.07,352.0,100470.0
20130718:1000,23.2,87.1,0.0,-0.0,0.0,3.65,4.28,351.0,100600.0
20130718:1100,22.55,90.0,0.0,-0.0,0.0,-4.05,4.9,352.0,100640.0
20130718:1200,21.84,90.0,0.0,-0.0,0.0,4.25,5.24,346.0,100700.0
20130718:1300,21.06,93.0,0.0,-0.0,0.0,-9.85,5.45,336.0,100720.0
20130718:1400,20.57,92.95,0.0,-0.0,0.0,8.1,5.66,330.0,100720.0
20130718:1500,19.8,89.85,0.0,-0.0,0.0,-2.3,5.79,325.0,100760.0
20130718:1600,19.68,92.9,0.0,-0.0,0.0,-15.05,6.0,323.0,100730.0
20130718:1700,19.32,86.85,0.0,-0.0,0.0,-5.8,6.83,327.0,100760.0
20130718:1800,19.5,86.85,0.0,-0.0,0.0,4.25,7.52,337.0,100780.0
20130718:1900,19.88,83.95,0.0,-0.0,0.0,7.9,7.45,339.0,100850.0
20130718:2000,19.76,81.15,20.7,27.98,18.35,-1.9,7.59,343.0,100940.0
20130718:2100,19.93,81.15,65.35,28.18,57.55,-0.75,7.66,348.0,100950.0
20130718:2200,21.03,75.95,97.9,23.4,87.0,-0.35,7.59,345.0,101010.0
20130718:2300,21.0,78.55,157.8,71.96,111.9,-2.1,7.38,344.0,101080.0
20130719:0000,20.96,81.3,265.7,55.38,222.5,-0.95,6.62,348.0,101050.0
20130719:0100,20.47,81.2,248.3,40.43,212.5,399.35,6.55,356.0,101050.0
20130719:0200,20.36,81.2,338.15,51.14,289.8,2.9,6.55,5.0,101080.0
20130719:0300,20.03,83.95,286.25,40.39,247.65,0.15,6.69,9.0,101070.0
20130719:0400,19.82,83.95,235.75,51.72,188.4,0.55,6.62,11.0,101090.0
20130719:0500,19.7,83.95,129.15,2.05,127.45,0.75,6.28,9.0,101130.0
20130719:0600,19.63,89.85,268.2,138.28,171.6,-1.35,6.21,11.0,101130.0
20130719:0700,19.75,83.95,218.85,198.8,112.2,-19.5,6.34,15.0,101150.0
20130719:0800,19.37,83.9,94.0,95.85,60.2,-9.05,6.21,17.0,101190.0
20130719:0900,19.65,83.9,17.5,6.58,16.45,-8.7,6.14,18.0,101240.0
20130719:1000,18.17,89.75,0.0,-0.0,0.0,3.45,5.24,9.0,101300.0
20130719:1100,18.57,89.75,0.0,-0.0,0.0,12.35,5.38,13.0,101320.0
20130719:1200,19.06,86.8,0.0,-0.0,0.0,11.95,5.31,9.0,101390.0
20130719:1300,18.82,83.85,0.0,-0.0,0.0,-1.7,4.97,4.0,101380.0
20130719:1400,18.65,89.75,0.0,-0.0,0.0,-7.5,4.69,2.0,101360.0
20130719:1500,18.57,86.75,0.0,-0.0,0.0,2.5,4.34,4.0,101340.0
20130719:1600,18.53,86.75,0.0,-0.0,0.0,-5.95,4.28,5.0,101310.0
20130719:1700,18.25,86.75,0.0,-0.0,0.0,-16.25,4.14,7.0,101320.0
20130719:1800,18.58,86.75,0.0,-0.0,0.0,15.85,3.86,7.0,101340.0
20130719:1900,18.4,86.75,0.0,-0.0,0.0,-11.2,3.66,7.0,101360.0
20130719:2000,18.53,86.75,60.45,245.66,40.35,3.05,3.45,8.0,101370.0
20130719:2100,18.37,83.8,159.3,198.99,104.6,0.35,3.45,14.0,101390.0
20130719:2200,19.49,78.35,271.45,256.45,152.45,0.95,3.1,9.0,101480.0
20130719:2300,19.23,78.35,351.95,162.25,248.7,5.6,3.52,9.0,101490.0
20130720:0000,19.1,83.85,471.55,174.75,335.45,8.5,3.31,15.0,101460.0
20130720:0100,18.98,83.85,573.8,257.35,346.2,389.5,3.03,20.0,101450.0
20130720:0200,19.26,78.35,620.4,220.72,411.95,8.7,2.9,19.0,101430.0
20130720:0300,19.57,78.35,736.6,445.38,311.4,-2.9,2.9,23.0,101400.0
20130720:0400,20.22,73.3,767.05,608.56,210.45,-17.8,2.83,25.0,101360.0
20130720:0500,20.76,73.35,640.55,485.86,238.8,-8.7,2.9,30.0,101320.0
20130720:0600,19.98,78.45,486.05,480.87,150.65,-6.0,3.38,45.0,101290.0
20130720:0700,20.02,75.75,335.65,436.91,101.8,3.85,2.97,54.0,101290.0
20130720:0800,19.66,81.1,149.55,248.3,62.35,-11.4,2.0,60.0,101260.0
20130720:0900,19.74,75.75,28.8,75.38,16.9,-5.2,1.1,62.0,101260.0
20130720:1000,19.13,81.05,0.0,-0.0,0.0,-3.05,1.1,32.0,101340.0
20130720:1100,19.23,81.1,0.0,-0.0,0.0,-5.2,1.17,44.0,101370.0
20130720:1200,19.28,81.1,0.0,-0.0,0.0,3.05,1.17,35.0,101400.0
20130720:1300,18.48,83.8,0.0,-0.0,0.0,1.7,1.66,22.0,101410.0
20130720:1400,18.18,83.8,0.0,-0.0,0.0,8.1,1.59,12.0,101400.0
20130720:1500,18.15,86.7,0.0,-0.0,0.0,5.4,1.59,344.0,101350.0
20130720:1600,18.33,83.8,0.0,-0.0,0.0,2.9,1.86,324.0,101320.0
20130720:1700,18.28,83.8,0.0,-0.0,0.0,9.85,1.79,320.0,101290.0
20130720:1800,18.27,86.75,0.0,-0.0,0.0,0.75,1.45,333.0,101250.0
20130720:1900,18.26,86.75,0.0,-0.0,0.0,2.9,1.17,359.0,101230.0
20130720:2000,18.42,89.75,29.85,15.7,28.6,2.3,1.24,18.0,101240.0
20130720:2100,18.36,89.75,63.35,9.89,60.65,0.35,1.52,31.0,101290.0
20130720:2200,19.54,83.9,74.9,1.41,74.25,7.5,1.86,16.0,101290.0
20130720:2300,19.44,83.9,189.75,16.78,179.1,2.5,2.0,19.0,101320.0
20130721:0000,19.68,83.9,477.85,207.19,316.75,-2.1,2.21,26.0,101360.0
20130721:0100,20.48,78.5,371.85,200.11,195.1,389.1,2.62,21.0,101330.0
20130721:0200,21.17,75.95,580.65,276.56,319.75,4.05,2.48,12.0,101320.0
20130721:0300,21.84,71.05,666.9,362.05,321.6,-6.55,2.21,8.0,101260.0
20130721:0400,22.02,71.05,645.15,385.37,293.05,2.7,2.41,20.0,101230.0
20130721:0500,22.19,71.05,524.6,355.38,231.1,3.65,2.76,34.0,101230.0
20130721:0600,21.39,73.45,233.35,143.03,133.75,-6.15,2.62,35.0,101220.0
20130721:0700,20.52,78.5,173.15,145.15,95.65,-4.25,2.0,34.0,101220.0
20130721:0800,20.17,81.15,79.9,65.49,57.0,9.65,1.86,32.0,101210.0
20130721:0900,20.05,81.15,24.0,46.76,16.7,-4.6,1.59,41.0,101190.0
20130721:1000,19.66,83.9,0.0,-0.0,0.0,-22.6,0.69,44.0,101230.0
20130721:1100,19.73,81.15,0.0,-0.0,0.0,-4.25,0.55,320.0,101270.0
20130721:1200,20.04,81.15,0.0,-0.0,0.0,4.05,0.83,343.0,101300.0
20130721:1300,19.66,83.9,0.0,-0.0,0.0,6.15,0.83,13.0,101250.0
20130721:1400,19.64,83.9,0.0,-0.0,0.0,5.4,0.83,27.0,101250.0
20130721:1500,19.95,81.15,0.0,-0.0,0.0,-2.3,1.1,44.0,101230.0
20130721:1600,20.04,81.15,0.0,-0.0,0.0,3.45,0.97,51.0,101190.0
20130721:1700,19.46,83.9,0.0,-0.0,0.0,-0.15,0.62,49.0,101170.0
20130721:1800,19.38,86.85,0.0,-0.0,0.0,-4.25,0.62,25.0,101130.0
20130721:1900,19.16,86.8,0.0,-0.0,0.0,5.95,0.97,16.0,101150.0
20130721:2000,19.31,86.85,33.3,29.72,31.0,3.05,1.03,9.0,101170.0
20130721:2100,19.33,83.9,71.65,0.0,71.65,5.6,0.62,355.0,101180.0
20130721:2200,20.42,81.2,171.95,33.0,156.75,0.95,1.52,227.0,101120.0
20130721:2300,20.92,81.3,211.55,81.55,159.9,1.15,1.24,244.0,101120.0
20130722:0000,21.3,81.35,261.0,51.02,221.4,6.0,0.07,98.0,101080.0
20130722:0100,21.63,84.1,723.95,525.67,260.25,398.8,1.1,78.0,101070.0
20130722:0200,22.49,84.15,799.25,519.14,310.05,-7.35,1.86,83.0,101030.0
20130722:0300,23.38,78.85,451.45,136.92,321.0,5.0,2.0,90.0,100990.0
20130722:0400,22.62,87.05,271.0,45.09,229.85,11.4,2.14,96.0,100940.0
20130722:0500,21.85,87.05,337.95,119.48,239.4,3.25,2.07,108.0,100890.0
20130722:0600,22.28,87.05,138.35,27.62,119.15,2.7,2.28,124.0,100870.0
20130722:0700,22.25,84.15,90.25,8.83,85.55,-3.45,2.97,125.0,100850.0
20130722:0800,22.34,87.05,47.9,0.0,47.9,-1.15,4.28,156.0,100780.0
20130722:0900,22.41,90.0,12.35,7.13,11.25,-1.5,3.86,174.0,100750.0
20130722:1000,21.19,96.15,0.0,-0.0,0.0,1.5,3.93,193.0,100760.0
20130722:1100,21.7,96.15,0.0,-0.0,0.0,5.0,2.07,216.0,100710.0
20130722:1200,21.88,93.05,0.0,-0.0,0.0,5.6,1.38,39.0,100780.0
20130722:1300,21.33,89.95,0.0,-0.0,0.0,-1.9,1.45,60.0,100780.0
20130722:1400,20.71,93.0,0.0,-0.0,0.0,-0.95,1.66,35.0,100800.0
20130722:1500,20.39,96.15,0.0,-0.0,0.0,-2.3,2.34,28.0,100800.0
20130722:1600,20.41,92.95,0.0,-0.0,0.0,-0.35,2.28,34.0,100800.0
20130722:1700,20.17,99.4,0.0,-0.0,0.0,-1.35,1.93,34.0,100800.0
20130722:1800,20.03,96.1,0.0,-0.0,0.0,-1.5,1.66,25.0,100810.0
20130722:1900,19.89,92.95,0.0,-0.0,0.0,-3.05,1.72,5.0,100790.0
20130722:2000,20.31,89.9,50.0,116.5,41.25,-11.8,2.07,351.0,100820.0
20130722:2100,20.29,89.9,140.4,108.22,111.3,10.6,2.07,0.0,100780.0
20130722:2200,21.71,81.4,285.9,212.31,188.5,3.65,1.59,337.0,100790.0
20130722:2300,21.93,87.05,409.05,189.22,289.5,-1.5,2.07,322.0,100760.0
20130723:0000,22.43,87.05,609.45,422.41,282.15,0.75,2.14,352.0,100730.0
20130723:0100,22.52,90.0,626.05,433.01,244.6,407.3,2.48,26.0,100760.0
20130723:0200,23.11,87.1,548.4,318.67,248.45,-6.0,2.21,50.0,100760.0
20130723:0300,22.89,84.25,705.75,499.52,230.35,7.5,2.28,69.0,100770.0
20130723:0400,23.58,84.25,644.15,491.93,195.7,-11.6,2.14,75.0,100770.0
20130723:0500,23.15,87.1,532.15,413.28,191.75,8.9,1.93,80.0,100750.0
20130723:0600,23.04,87.1,412.35,398.42,135.9,2.3,1.79,91.0,100710.0
20130723:0700,22.83,87.1,221.95,241.87,93.5,-12.15,1.86,99.0,100700.0
20130723:0800,22.38,90.0,118.2,142.34,68.9,-5.8,1.86,101.0,100700.0
20130723:0900,22.23,90.0,20.65,19.37,17.7,-2.5,1.66,112.0,100720.0
20130723:1000,21.7,93.0,0.0,-0.0,0.0,2.1,1.38,121.0,100780.0
20130723:1100,21.74,90.0,0.0,-0.0,0.0,8.1,1.52,125.0,100830.0
20130723:1200,21.57,93.0,0.0,-0.0,0.0,-2.9,1.38,121.0,100880.0
20130723:1300,20.68,96.15,0.0,-0.0,0.0,-2.5,1.45,124.0,100860.0
20130723:1400,20.56,96.15,0.0,-0.0,0.0,5.8,1.45,108.0,100830.0
20130723:1500,20.56,96.15,0.0,-0.0,0.0,4.05,1.17,94.0,100820.0
20130723:1600,20.71,93.0,0.0,-0.0,0.0,-4.6,1.03,85.0,100760.0
20130723:1700,20.55,96.15,0.0,-0.0,0.0,12.55,1.31,91.0,100740.0
20130723:1800,20.7,93.0,0.0,-0.0,0.0,-0.15,1.24,98.0,100700.0
20130723:1900,20.51,96.15,0.0,-0.0,0.0,1.5,1.1,101.0,100720.0
20130723:2000,20.48,96.15,27.1,52.88,23.25,1.15,1.31,97.0,100740.0
20130723:2100,20.63,96.15,62.25,47.41,49.6,-2.1,1.59,102.0,100740.0
20130723:2200,20.85,93.0,88.05,22.21,77.9,1.5,1.45,89.0,100770.0
20130723:2300,20.86,93.0,124.55,15.15,115.0,2.3,1.72,102.0,100760.0
20130724:0000,20.82,93.0,249.05,79.19,187.8,-1.35,1.31,118.0,100750.0
20130724:0100,21.45,87.0,347.5,100.2,259.35,414.25,1.1,121.0,100720.0
20130724:0200,22.24,87.05,151.85,3.24,148.8,5.8,1.24,96.0,100710.0
20130724:0300,22.0,90.0,193.45,23.41,171.2,1.9,1.59,106.0,100670.0
20130724:0400,21.98,90.0,213.05,10.6,203.4,-1.15,2.07,121.0,100660.0
20130724:0500,21.94,90.0,181.15,19.21,165.35,-4.8,2.21,108.0,100640.0
20130724:0600,21.65,93.0,88.6,2.82,86.65,1.15,2.07,108.0,100620.0
20130724:0700,21.8,87.05,47.95,0.0,47.95,-1.15,1.79,124.0,100610.0
20130724:0800,21.22,89.95,24.45,0.0,24.45,-7.7,2.07,137.0,100570.0
20130724:0900,21.31,89.95,5.7,0.67,5.6,0.95,2.34,139.0,100580.0
20130724:1000,20.57,92.95,0.0,-0.0,0.0,0.95,1.72,108.0,100650.0
20130724:1100,20.76,89.95,0.0,-0.0,0.0,0.35,1.79,112.0,100640.0
20130724:1200,20.75,89.95,0.0,-0.0,0.0,2.1,1.59,132.0,100650.0
20130724:1300,20.51,89.9,0.0,-0.0,0.0,1.35,1.38,176.0,100650.0
20130724:1400,20.58,92.95,0.0,-0.0,0.0,-1.5,1.45,200.0,100650.0
20130724:1500,20.86,89.95,0.0,-0.0,0.0,-0.35,1.45,185.0,100590.0
20130724:1600,20.99,89.95,0.0,-0.0,0.0,0.35,1.45,176.0,100590.0
20130724:1700,20.98,89.95,0.0,-0.0,0.0,-1.35,1.38,172.0,100550.0
20130724:1800,20.94,89.95,0.0,-0.0,0.0,-0.55,1.31,164.0,100530.0
20130724:1900,20.97,93.0,0.0,-0.0,0.0,-5.4,1.24,164.0,100530.0
20130724:2000,20.81,93.0,55.3,280.26,35.55,-6.95,1.24,177.0,100530.0
20130724:2100,20.85,93.0,166.35,336.92,77.15,-6.15,1.38,184.0,100540.0
20130724:2200,21.87,87.05,205.65,168.52,128.95,2.7,1.66,192.0,100550.0
20130724:2300,21.51,89.95,423.2,382.17,182.95,6.15,2.21,165.0,100550.0
20130725:0000,22.09,87.05,392.85,155.04,273.15,8.5,2.83,159.0,100560.0
20130725:0100,22.67,87.05,303.25,46.22,262.65,417.55,3.17,162.0,100560.0
20130725:0200,22.8,87.1,446.3,154.69,301.05,5.2,3.24,156.0,100560.0
20130725:0300,23.07,87.1,441.25,214.16,237.9,0.95,3.72,151.0,100550.0
20130725:0400,23.26,87.1,387.85,177.16,226.75,2.5,3.72,153.0,100500.0
20130725:0500,23.57,87.1,319.6,185.09,167.6,-5.95,3.59,154.0,100490.0
20130725:0600,23.41,90.05,199.5,117.35,118.4,-5.6,3.59,144.0,100460.0
20130725:0700,23.36,93.05,183.45,192.94,81.6,-1.15,3.72,143.0,100440.0
20130725:0800,23.39,93.05,82.7,87.69,52.65,-5.2,3.24,144.0,100470.0
20130725:0900,23.47,90.05,14.85,29.7,10.45,3.05,3.24,147.0,100510.0
20130725:1000,23.0,96.15,0.0,-0.0,0.0,-8.3,2.83,151.0,100540.0
20130725:1100,22.79,93.05,0.0,-0.0,0.0,-8.5,2.97,163.0,100560.0
20130725:1200,22.86,96.15,0.0,-0.0,0.0,7.9,3.03,167.0,100600.0
20130725:1300,22.68,96.15,0.0,-0.0,0.0,4.45,2.9,171.0,100600.0
20130725:1400,22.41,96.15,0.0,-0.0,0.0,3.25,2.76,170.0,100600.0
20130725:1500,22.5,99.4,0.0,-0.0,0.0,7.7,2.76,162.0,100550.0
20130725:1600,22.59,99.4,0.0,-0.0,0.0,1.9,2.76,156.0,100540.0
20130725:1700,22.38,99.4,0.0,-0.0,0.0,0.55,2.41,159.0,100570.0
20130725:1800,22.25,96.15,0.0,-0.0,0.0,0.75,1.93,158.0,100570.0
20130725:1900,22.27,99.4,0.0,-0.0,0.0,0.15,1.45,154.0,100610.0
20130725:2000,22.26,99.4,53.8,196.75,40.4,-10.45,1.24,148.0,100600.0
20130725:2100,22.12,96.15,146.65,173.24,101.15,-5.0,1.03,141.0,100640.0
20130725:2200,23.18,93.05,226.45,178.8,145.4,4.8,1.1,92.0,100660.0
20130725:2300,23.29,90.05,330.4,208.04,199.95,2.5,1.45,88.0,100610.0
20130726:0000,23.57,90.05,438.9,291.52,214.25,-0.95,1.17,93.0,100660.0
20130726:0100,23.83,90.1,579.25,414.0,216.1,418.9,0.76,96.0,100650.0
20130726:0200,24.66,87.2,630.3,386.98,267.4,-13.5,0.9,76.0,100590.0
20130726:0300,25.13,87.25,578.15,316.23,278.25,13.35,1.31,61.0,100580.0
20130726:0400,25.22,90.15,483.85,303.76,208.0,-0.35,1.72,46.0,100570.0
20130726:0500,25.43,87.3,462.0,300.04,216.0,0.75,1.86,45.0,100520.0
20130726:0600,26.28,84.55,134.45,25.88,116.6,-8.9,1.86,32.0,100510.0
20130726:0700,26.06,81.8,122.0,55.02,93.05,20.3,1.72,17.0,100520.0
20130726:0800,25.19,90.15,50.45,13.5,45.85,-8.3,2.0,17.0,100540.0
20130726:0900,24.93,90.15,8.3,0.34,8.25,-0.55,2.07,18.0,100550.0
20130726:1000,23.77,96.2,0.0,-0.0,0.0,1.5,1.66,45.0,100530.0
20130726:1100,23.66,99.4,0.0,-0.0,0.0,-1.5,1.45,54.0,100550.0
20130726:1200,23.84,96.2,0.0,-0.0,0.0,-0.55,1.03,77.0,100630.0
20130726:1300,23.71,96.2,0.0,-0.0,0.0,-1.9,1.17,37.0,100660.0
20130726:1400,23.21,99.4,0.0,-0.0,0.0,0.0,1.17,2.0,100670.0
20130726:1500,23.24,96.2,0.0,-0.0,0.0,-0.15,1.17,318.0,100650.0
20130726:1600,23.52,99.4,0.0,-0.0,0.0,1.15,1.86,319.0,100640.0
20130726:1700,23.61,96.2,0.0,-0.0,0.0,-4.25,2.07,341.0,100630.0
20130726:1800,23.33,96.2,0.0,-0.0,0.0,-7.5,2.0,9.0,100600.0
20130726:1900,23.35,96.2,0.0,-0.0,0.0,19.35,1.86,29.0,100610.0
20130726:2000,23.21,96.15,16.25,9.89,15.6,-2.9,1.17,48.0,100630.0
20130726:2100,23.34,90.05,29.4,1.92,28.9,0.55,0.48,101.0,100650.0
20130726:2200,24.33,93.1,110.9,8.97,106.85,-2.3,1.24,95.0,100440.0
20130726:2300,24.77,93.15,150.15,19.99,137.65,1.7,0.83,166.0,100690.0
20130727:0000,24.91,96.2,128.65,2.99,126.35,1.9,0.76,195.0,100660.0
20130727:0100,24.38,99.4,282.35,57.03,232.4,425.7,2.69,159.0,100670.0
20130727:0200,24.38,93.1,435.9,147.62,297.65,-6.15,3.38,170.0,100670.0
20130727:0300,24.57,84.35,476.85,118.41,364.7,-9.25,3.72,177.0,100570.0
20130727:0400,24.35,84.35,373.3,75.7,304.65,11.6,3.17,174.0,100490.0
20130727:0500,23.61,93.05,207.15,46.3,169.25,8.3,2.62,147.0,100450.0
20130727:0600,23.05,99.4,290.75,122.6,206.4,-2.5,2.9,111.0,100470.0
20130727:0700,23.6,96.2,66.25,0.0,66.25,0.0,2.83,115.0,100470.0
20130727:0800,22.99,99.4,21.6,0.0,21.6,2.5,1.79,112.0,100550.0
20130727:0900,22.99,99.4,3.0,0.0,3.0,-2.7,1.31,119.0,100560.0
20130727:1000,20.99,96.15,0.0,-0.0,0.0,-1.5,0.9,86.0,100730.0
20130727:1100,20.81,96.15,0.0,-0.0,0.0,-2.1,0.83,177.0,100700.0
20130727:1200,20.6,96.15,0.0,-0.0,0.0,-16.8,1.79,233.0,100720.0
20130727:1300,20.54,96.15,0.0,-0.0,0.0,-6.95,1.52,272.0,100710.0
20130727:1400,20.62,96.15,0.0,-0.0,0.0,-5.2,1.31,305.0,100630.0
20130727:1500,21.02,93.0,0.0,-0.0,0.0,16.25,1.31,312.0,100630.0
20130727:1600,21.17,93.0,0.0,-0.0,0.0,8.9,1.31,326.0,100630.0
20130727:1700,20.99,93.0,0.0,-0.0,0.0,-12.35,1.38,348.0,100650.0
20130727:1800,21.12,93.0,0.0,-0.0,0.0,-2.5,1.31,351.0,100660.0
20130727:1900,20.96,93.0,0.0,-0.0,0.0,10.6,1.31,47.0,100680.0
20130727:2000,21.14,93.0,44.95,83.74,39.65,-8.9,1.45,58.0,100700.0
20130727:2100,21.26,93.0,147.9,138.18,112.2,-3.45,1.03,28.0,100730.0
20130727:2200,23.09,84.25,213.35,94.77,170.75,-6.55,1.45,316.0,100720.0
20130727:2300,23.31,84.25,373.35,185.73,257.5,17.4,1.1,21.0,100760.0
20130728:0000,23.81,87.15,666.15,598.17,206.95,0.35,1.1,11.0,100710.0
20130728:0100,24.68,81.65,687.0,488.39,259.9,396.05,1.38,15.0,100710.0
20130728:0200,25.36,79.1,828.0,673.59,198.0,4.25,1.72,39.0,100690.0
20130728:0300,25.43,79.1,884.9,771.77,154.9,-13.5,1.93,63.0,100710.0
20130728:0400,25.85,76.6,793.2,711.67,148.75,-0.15,1.93,76.0,100730.0
20130728:0500,25.51,74.0,528.95,414.67,190.15,5.4,1.86,83.0,100690.0
20130728:0600,24.69,81.65,401.7,256.7,225.5,17.4,1.93,76.0,100660.0
20130728:0700,24.84,81.7,190.85,170.81,101.6,0.55,1.17,118.0,100710.0
20130728:0800,25.31,81.75,95.25,103.54,60.4,0.55,1.31,112.0,100720.0
20130728:0900,25.37,81.75,14.0,15.93,11.75,-8.1,1.31,119.0,100750.0
20130728:1000,23.51,93.05,0.0,-0.0,0.0,4.6,1.1,58.0,100780.0
20130728:1100,23.83,90.1,0.0,-0.0,0.0,-17.8,0.21,336.0,100790.0
20130728:1200,24.23,87.2,0.0,-0.0,0.0,-0.55,1.17,305.0,100810.0
20130728:1300,24.0,90.1,0.0,-0.0,0.0,-8.5,0.69,323.0,100750.0
20130728:1400,23.52,93.05,0.0,-0.0,0.0,-5.6,0.34,354.0,100720.0
20130728:1500,23.34,93.05,0.0,-0.0,0.0,-1.35,0.34,5.0,100700.0
20130728:1600,23.52,96.2,0.0,-0.0,0.0,6.15,0.41,318.0,100650.0
20130728:1700,23.23,93.05,0.0,-0.0,0.0,10.45,0.41,277.0,100650.0
20130728:1800,23.14,96.15,0.0,-0.0,0.0,-4.6,0.55,232.0,100610.0
20130728:1900,23.25,90.05,0.0,-0.0,0.0,-15.25,0.21,195.0,100650.0
20130728:2000,23.08,96.15,70.95,508.64,40.0,6.35,0.62,83.0,100660.0
20130728:2100,23.18,93.05,211.35,433.86,100.2,4.6,0.9,101.0,100650.0
20130728:2200,23.61,87.1,331.6,351.65,174.2,8.7,0.97,48.0,100680.0
20130728:2300,23.66,87.1,367.65,234.3,221.9,-0.55,0.76,75.0,100650.0
20130729:0000,23.86,81.55,434.65,149.18,320.35,14.9,0.48,105.0,100640.0
20130729:0100,24.13,84.35,504.85,172.6,354.15,405.35,1.31,108.0,100600.0
20130729:0200,24.95,79.05,399.65,54.28,348.95,-1.15,1.79,125.0,100580.0
20130729:0300,24.36,84.35,193.4,3.71,189.9,6.75,2.41,111.0,100530.0
20130729:0400,23.86,90.1,151.8,4.98,147.3,3.85,2.9,120.0,100430.0
20130729:0500,23.9,93.1,116.2,1.66,114.85,0.15,3.38,132.0,100360.0
20130729:0600,24.26,90.1,136.25,39.87,108.95,-0.35,3.52,152.0,100330.0
20130729:0700,24.32,90.1,133.25,83.85,89.6,-4.25,3.31,158.0,100320.0
20130729:0800,24.28,90.1,38.95,9.27,35.85,3.25,3.03,157.0,100310.0
20130729:0900,24.17,93.1,5.15,6.13,4.3,1.15,2.83,152.0,100270.0
20130729:1000,23.12,96.15,0.0,-0.0,0.0,-6.95,2.14,164.0,100250.0
20130729:1100,23.26,93.05,0.0,-0.0,0.0,4.45,1.59,129.0,100280.0
20130729:1200,23.14,96.15,0.0,-0.0,0.0,-3.25,0.41,100.0,100280.0
20130729:1300,22.77,93.05,0.0,-0.0,0.0,3.45,0.97,94.0,100240.0
20130729:1400,22.77,96.15,0.0,-0.0,0.0,-0.55,0.9,102.0,100220.0
20130729:1500,22.84,96.15,0.0,-0.0,0.0,-0.95,0.97,54.0,100180.0
20130729:1600,22.85,96.15,0.0,-0.0,0.0,4.6,1.31,34.0,100160.0
20130729:1700,22.73,96.15,0.0,-0.0,0.0,4.45,2.21,27.0,100160.0
20130729:1800,22.63,99.4,0.0,-0.0,0.0,2.9,2.48,25.0,100130.0
20130729:1900,22.62,99.4,0.0,-0.0,0.0,-3.05,2.76,19.0,100130.0
20130729:2000,22.7,99.4,24.0,122.48,16.85,5.2,3.17,16.0,100160.0
20130729:2100,22.48,99.4,69.3,83.47,48.1,-4.6,3.66,12.0,100180.0
20130729:2200,22.86,93.05,138.2,74.83,104.85,-1.7,2.0,28.0,100200.0
20130729:2300,22.41,96.15,275.4,141.93,187.35,3.65,2.48,16.0,100230.0
20130730:0000,22.06,93.05,366.55,165.11,240.3,0.55,2.97,19.0,100260.0
20130730:0100,21.73,93.05,459.4,186.24,297.05,416.0,2.83,25.0,100250.0
20130730:0200,22.77,90.05,451.95,196.38,268.8,6.0,2.76,28.0,100260.0
20130730:0300,22.87,87.1,555.4,250.0,319.6,-1.5,2.48,29.0,100210.0
20130730:0400,23.26,84.25,516.65,336.04,213.3,-2.7,2.76,17.0,100210.0
20130730:0500,23.33,84.25,419.05,323.43,155.8,-11.0,3.03,14.0,100180.0
20130730:0600,23.11,87.1,348.95,245.28,181.45,-1.35,3.03,24.0,100170.0
20130730:0700,23.13,87.1,178.65,98.35,127.65,0.55,2.97,21.0,100150.0
20130730:0800,23.29,87.1,79.95,18.22,73.9,0.95,2.62,16.0,100190.0
20130730:0900,23.71,90.05,8.55,1.47,8.35,-1.7,2.21,8.0,100190.0
20130730:1000,22.19,93.05,0.0,-0.0,0.0,6.35,2.69,341.0,100270.0
20130730:1100,22.45,93.05,0.0,-0.0,0.0,-9.05,2.69,340.0,100300.0
20130730:1200,22.74,93.05,0.0,-0.0,0.0,-5.2,2.48,345.0,100370.0
20130730:1300,22.9,93.05,0.0,-0.0,0.0,2.3,2.0,339.0,100350.0
20130730:1400,22.71,96.15,0.0,-0.0,0.0,-6.35,2.07,319.0,100340.0
20130730:1500,22.86,93.05,0.0,-0.0,0.0,-2.7,1.72,311.0,100340.0
20130730:1600,22.92,96.15,0.0,-0.0,0.0,7.9,1.45,315.0,100300.0
20130730:1700,22.48,96.15,0.0,-0.0,0.0,10.25,1.24,320.0,100300.0
20130730:1800,22.51,96.15,0.0,-0.0,0.0,5.4,0.97,320.0,100290.0
20130730:1900,22.49,96.15,0.0,-0.0,0.0,-4.05,1.38,330.0,100290.0
20130730:2000,22.53,96.15,23.15,19.68,22.05,-0.15,1.52,346.0,100350.0
20130730:2100,22.59,99.4,76.55,16.48,72.4,5.8,1.93,8.0,100410.0
20130730:2200,22.7,93.05,196.9,133.76,137.55,4.45,2.76,30.0,100500.0
20130730:2300,22.86,90.05,200.0,74.84,153.7,1.9,2.48,36.0,100490.0
20130731:0000,22.76,93.05,260.85,47.37,224.7,-0.15,2.0,41.0,100500.0
20130731:0100,23.11,93.05,391.7,122.72,284.9,420.25,1.59,34.0,100490.0
20130731:0200,23.46,87.1,470.35,200.37,283.75,2.7,1.72,23.0,100520.0
20130731:0300,23.08,87.1,471.0,162.35,318.1,-2.1,2.07,37.0,100480.0
20130731:0400,23.37,84.25,377.3,151.57,240.7,2.9,2.14,41.0,100450.0
20130731:0500,23.3,87.1,286.8,81.68,220.45,-0.55,2.28,33.0,100450.0
20130731:0600,22.99,87.1,292.6,209.97,149.6,0.95,2.28,34.0,100450.0
20130731:0700,23.07,90.05,200.0,161.3,116.7,-15.85,2.0,39.0,100430.0
20130731:0800,22.97,90.05,78.0,70.22,54.85,-3.45,1.79,38.0,100450.0
20130731:0900,23.05,90.05,12.55,11.61,11.0,-3.65,1.66,35.0,100490.0
20130731:1000,22.21,90.0,0.0,-0.0,0.0,1.7,1.38,33.0,100590.0
20130731:1100,22.24,93.05,0.0,-0.0,0.0,-4.25,0.62,56.0,100600.0
20130731:1200,22.17,93.05,0.0,-0.0,0.0,11.95,0.34,60.0,100590.0
20130731:1300,21.95,90.0,0.0,-0.0,0.0,-4.6,0.07,60.0,100600.0
20130731:1400,21.69,93.0,0.0,-0.0,0.0,4.25,0.9,126.0,100510.0
20130731:1500,21.57,93.0,0.0,-0.0,0.0,2.5,0.62,157.0,100480.0
20130731:1600,19.53,96.75,0.0,-0.0,0.0,13.97,1.22,99.0,100430.0
20130731:1700,20.33,95.15,0.0,-0.0,0.0,15.76,1.27,78.0,100430.0
20130731:1800,21.14,93.55,0.0,-0.0,0.0,17.55,1.32,98.0,100430.0
20130731:1900,21.94,91.95,0.0,-0.0,0.0,19.34,1.38,91.0,100450.0
20130731:2000,22.74,90.35,4.8,0.0,4.8,21.14,1.43,75.0,100480.0
20130731:2100,23.54,88.75,15.1,2.2,14.55,22.93,1.48,69.0,100520.0
20130731:2200,24.34,87.15,40.4,0.79,40.05,24.72,1.53,70.0,100490.0
20130731:2300,25.14,85.55,119.2,30.07,100.65,26.51,1.58,79.0,100580.0
20140801:0000,25.95,83.95,634.1,469.41,276.65,28.31,1.63,217.0,101090.0
20140801:0100,26.75,82.35,637.9,299.66,377.55,30.1,1.69,211.0,101090.0
20140801:0200,27.55,80.76,582.9,189.33,406.85,31.89,1.74,226.0,101050.0
20140801:0300,28.35,79.16,579.5,182.54,407.85,33.68,1.79,282.0,101030.0
20140801:0400,29.15,77.56,339.4,73.25,273.5,35.48,1.84,340.0,101010.0
20140801:0500,29.95,75.96,240.45,34.17,212.75,37.27,1.89,6.0,101020.0
20140801:0600,30.75,74.36,168.55,0.29,168.35,39.06,1.94,18.0,101070.0
20140801:0700,31.56,72.76,112.15,19.06,102.35,40.85,1.99,32.0,101020.0
20140801:0800,28.54,84.75,59.0,15.74,53.85,-0.95,0.34,126.0,101040.0
20140801:0900,28.23,84.75,10.7,7.65,9.7,-1.9,1.03,150.0,101040.0
20140801:1000,27.25,90.3,0.0,-0.0,0.0,-2.3,3.03,194.0,101070.0
20140801:1100,27.46,90.3,0.0,-0.0,0.0,0.75,2.28,214.0,101080.0
20140801:1200,27.77,84.7,0.0,-0.0,0.0,-10.8,1.79,225.0,101100.0
20140801:1300,27.86,82.05,0.0,-0.0,0.0,7.7,1.59,230.0,101110.0
20140801:1400,27.85,84.7,0.0,-0.0,0.0,-2.1,1.31,238.0,101070.0
20140801:1500,27.71,87.5,0.0,-0.0,0.0,-5.0,1.17,235.0,101060.0
20140801:1600,27.57,90.3,0.0,-0.0,0.0,0.55,1.38,229.0,101040.0
20140801:1700,26.93,90.25,0.0,-0.0,0.0,2.5,1.17,234.0,101030.0
20140801:1800,25.37,93.15,0.0,-0.0,0.0,-4.05,0.9,243.0,101070.0
20140801:1900,25.05,96.2,0.0,-0.0,0.0,0.35,0.97,245.0,101070.0
20140801:2000,24.75,93.15,69.65,418.05,48.4,-1.7,1.1,246.0,101100.0
20140801:2100,26.41,90.25,230.05,571.02,88.85,-9.45,1.24,251.0,101090.0
20140801:2200,28.84,74.55,386.6,587.6,128.2,0.95,0.9,290.0,101120.0
20140801:2300,29.02,74.55,583.1,733.49,131.9,7.5,0.76,318.0,101110.0
20140802:0000,29.43,69.95,721.35,727.28,168.7,3.45,0.48,357.0,101100.0
20140802:0100,29.78,70.0,820.85,760.5,161.25,417.15,0.41,81.0,101080.0
20140802:0200,30.49,67.85,883.15,790.15,149.6,2.5,1.1,112.0,101030.0
20140802:0300,30.95,72.4,806.9,687.91,161.05,1.9,1.79,114.0,100960.0
20140802:0400,30.22,72.4,732.3,649.84,148.7,2.9,2.34,118.0,100900.0
20140802:0500,31.02,74.8,452.75,312.69,199.85,0.55,2.83,118.0,100840.0
20140802:0600,30.14,77.15,421.95,408.58,145.3,9.65,2.97,114.0,100830.0
20140802:0700,30.26,72.4,186.95,168.76,100.55,1.9,2.48,114.0,100840.0
20140802:0800,30.02,74.7,106.35,149.39,57.85,-6.95,1.59,156.0,100930.0
20140802:0900,29.93,74.7,16.15,44.95,10.4,-15.85,1.17,124.0,100930.0
20140802:1000,26.84,84.6,0.0,-0.0,0.0,-3.65,1.66,152.0,101010.0
20140802:1100,27.38,84.65,0.0,-0.0,0.0,-2.7,2.07,167.0,101010.0
20140802:1200,27.25,81.95,0.0,-0.0,0.0,-5.4,2.0,180.0,101050.0
20140802:1300,26.73,84.6,0.0,-0.0,0.0,2.3,1.66,188.0,101060.0
20140802:1400,26.73,84.6,0.0,-0.0,0.0,-3.65,1.1,201.0,101060.0
20140802:1500,26.13,90.2,0.0,-0.0,0.0,0.0,0.62,225.0,101020.0
20140802:1600,26.38,87.35,0.0,-0.0,0.0,3.25,0.62,248.0,101000.0
20140802:1700,25.63,90.2,0.0,-0.0,0.0,-5.0,0.76,275.0,100980.0
20140802:1800,25.12,93.15,0.0,-0.0,0.0,-6.15,0.97,282.0,100990.0
20140802:1900,25.01,93.15,0.0,-0.0,0.0,6.95,1.03,302.0,100980.0
20140802:2000,24.93,93.15,77.85,833.78,37.6,-14.7,0.97,302.0,101030.0
20140802:2100,26.1,93.2,228.95,558.16,92.2,3.25,1.03,298.0,101040.0
20140802:2200,27.98,76.85,390.25,541.87,153.05,14.7,0.41,355.0,101030.0
20140802:2300,27.66,79.35,573.8,661.44,168.1,3.25,0.34,32.0,101010.0
20140803:0000,27.66,81.95,720.55,707.82,183.85,-0.35,0.48,83.0,100990.0
20140803:0100,27.96,79.4,736.5,625.78,194.7,411.95,1.24,106.0,100990.0
20140803:0200,28.69,74.55,776.15,624.09,197.7,3.65,1.79,111.0,100960.0
20140803:0300,29.42,74.65,788.55,650.8,178.55,4.6,2.14,111.0,100940.0
20140803:0400,29.64,74.65,681.35,561.97,177.6,-1.35,2.34,109.0,100870.0
20140803:0500,29.93,72.35,593.8,561.57,140.65,4.8,2.55,110.0,100820.0
20140803:0600,30.07,72.35,418.25,405.63,144.45,3.85,2.9,120.0,100760.0
20140803:0700,29.77,74.7,301.7,413.95,90.75,-6.95,2.55,139.0,100790.0
20140803:0800,29.61,77.1,127.95,225.62,55.3,-14.3,2.28,144.0,100770.0
20140803:0900,29.62,74.65,14.55,36.4,10.0,4.05,1.72,131.0,100780.0
20140803:1000,27.49,87.45,0.0,-0.0,0.0,-4.45,1.72,134.0,100870.0
20140803:1100,27.28,87.45,0.0,-0.0,0.0,-3.65,1.59,143.0,100850.0
20140803:1200,27.19,87.45,0.0,-0.0,0.0,-2.5,1.38,150.0,100890.0
20140803:1300,26.76,87.4,0.0,-0.0,0.0,1.15,1.24,166.0,100920.0
20140803:1400,26.59,90.25,0.0,-0.0,0.0,10.6,0.9,185.0,100890.0
20140803:1500,26.21,90.25,0.0,-0.0,0.0,4.45,0.9,240.0,100840.0
20140803:1600,26.11,90.2,0.0,-0.0,0.0,10.6,1.1,284.0,100830.0
20140803:1700,25.95,90.2,0.0,-0.0,0.0,0.35,1.17,326.0,100820.0
20140803:1800,25.96,90.2,0.0,-0.0,0.0,-0.55,1.38,347.0,100820.0
20140803:1900,25.53,93.15,0.0,-0.0,0.0,-1.9,1.17,5.0,100820.0
20140803:2000,25.39,93.15,46.15,258.22,34.35,-9.85,0.69,2.0,100850.0
20140803:2100,25.24,93.15,146.8,242.26,88.0,13.35,0.69,305.0,100850.0
20140803:2200,27.49,76.8,211.0,242.93,105.15,2.1,1.31,10.0,100860.0
20140803:2300,27.57,79.35,390.25,317.8,195.9,5.95,1.31,11.0,100840.0
20140804:0000,28.19,76.95,649.5,549.05,234.1,-5.95,1.1,30.0,100840.0
20140804:0100,29.3,74.65,782.15,654.51,216.5,428.4,1.24,79.0,100810.0
20140804:0200,30.11,72.35,767.05,579.36,230.95,-0.75,1.52,103.0,100780.0
20140804:0300,30.2,70.1,756.55,536.33,254.7,6.75,2.28,110.0,100750.0
20140804:0400,28.89,74.55,402.85,190.52,232.4,5.0,2.97,118.0,100690.0
20140804:0500,28.52,82.1,390.9,141.12,277.3,-11.6,3.52,137.0,100640.0
20140804:0600,29.27,77.1,149.65,45.33,119.15,0.95,3.1,169.0,100630.0
20140804:0700,29.71,74.7,99.55,36.58,81.0,12.95,1.38,196.0,100600.0
20140804:0800,28.92,82.15,54.75,6.73,52.6,-9.45,0.69,191.0,100560.0
20140804:0900,28.94,82.15,8.6,0.0,8.6,-4.8,0.28,185.0,100610.0
20140804:1000,28.57,87.55,0.0,-0.0,0.0,-2.3,0.55,204.0,100660.0
20140804:1100,28.59,87.55,0.0,-0.0,0.0,-3.45,0.55,289.0,100670.0
20140804:1200,29.02,84.8,0.0,-0.0,0.0,0.15,0.97,286.0,100700.0
20140804:1300,28.98,84.8,0.0,-0.0,0.0,-1.15,0.9,273.0,100700.0
20140804:1400,28.58,87.55,0.0,-0.0,0.0,0.55,0.69,274.0,100710.0
20140804:1500,28.29,87.55,0.0,-0.0,0.0,-6.55,0.69,264.0,100670.0
20140804:1600,28.43,90.35,0.0,-0.0,0.0,-3.65,0.69,273.0,100630.0
20140804:1700,27.7,90.35,0.0,-0.0,0.0,9.25,0.76,246.0,100620.0
20140804:1800,27.59,93.25,0.0,-0.0,0.0,6.15,0.9,238.0,100620.0
20140804:1900,27.44,93.25,0.0,-0.0,0.0,4.25,1.17,236.0,100620.0
20140804:2000,27.46,93.25,61.1,497.63,39.65,-4.05,1.66,222.0,100620.0
20140804:2100,27.24,90.3,189.05,343.17,106.55,-3.45,1.79,219.0,100660.0
20140804:2200,29.16,82.15,376.4,624.44,105.6,3.85,1.45,194.0,100630.0
20140804:2300,29.45,79.6,600.5,780.84,124.4,-15.25,1.79,186.0,100600.0
20140805:0000,29.97,74.7,698.2,723.47,152.05,4.6,2.0,188.0,100580.0
20140805:0100,30.33,72.4,825.65,793.21,141.4,423.55,2.0,206.0,100540.0
20140805:0200,31.54,67.95,822.5,679.52,194.8,3.05,1.31,223.0,100490.0
20140805:0300,32.83,61.95,658.95,532.03,162.0,5.2,0.07,168.0,100470.0
20140805:0400,33.17,61.95,685.1,618.17,133.15,8.1,0.83,84.0,100430.0
20140805:0500,32.98,61.95,598.35,575.57,136.15,2.1,1.24,94.0,100450.0
20140805:0600,32.59,70.35,405.2,404.49,133.95,-2.7,1.38,109.0,100470.0
20140805:0700,31.17,82.3,219.45,243.74,96.45,-4.45,0.55,105.0,100490.0
20140805:0800,30.83,79.7,105.05,165.11,52.8,3.85,0.83,120.0,100500.0
20140805:0900,30.74,77.2,10.65,22.71,7.95,-5.2,0.83,143.0,100520.0
20140805:1000,31.23,79.8,0.0,-0.0,0.0,-1.35,1.24,160.0,100540.0
20140805:1100,31.28,82.35,0.0,-0.0,0.0,5.0,0.97,179.0,100580.0
20140805:1200,31.26,82.35,0.0,-0.0,0.0,-3.05,0.62,202.0,100600.0
20140805:1300,30.78,84.95,0.0,-0.0,0.0,-3.85,0.48,218.0,100600.0
20140805:1400,30.33,87.7,0.0,-0.0,0.0,1.35,0.62,226.0,100570.0
20140805:1500,29.96,90.45,0.0,-0.0,0.0,-3.65,0.83,232.0,100550.0
20140805:1600,29.98,90.45,0.0,-0.0,0.0,-6.75,0.97,232.0,100500.0
20140805:1700,29.49,93.35,0.0,-0.0,0.0,8.3,1.1,231.0,100490.0
20140805:1800,29.27,90.45,0.0,-0.0,0.0,-10.6,1.24,226.0,100520.0
20140805:1900,28.98,90.4,0.0,-0.0,0.0,0.75,1.31,223.0,100530.0
20140805:2000,29.0,90.4,66.8,682.83,39.15,4.05,1.45,221.0,100560.0
20140805:2100,28.62,90.35,232.3,634.86,81.15,-5.0,1.31,227.0,100580.0
20140805:2200,30.57,77.2,415.25,723.45,103.0,1.7,0.76,236.0,100550.0
20140805:2300,30.97,74.8,600.35,793.16,118.2,-0.75,0.14,314.0,100520.0
20140806:0000,31.48,72.5,746.5,819.32,129.4,6.0,0.34,56.0,100540.0
20140806:0100,31.74,72.6,807.15,761.21,151.75,426.85,0.9,65.0,100550.0
20140806:0200,32.01,70.3,745.7,594.24,197.75,5.4,0.9,82.0,100550.0
20140806:0300,31.86,68.05,774.2,618.01,198.0,4.25,0.97,51.0,100580.0
20140806:0400,31.39,67.95,592.05,419.79,218.0,-3.25,1.38,67.0,100510.0
20140806:0500,31.04,72.4,521.05,446.71,163.25,6.95,1.86,85.0,100500.0
20140806:0600,31.52,70.2,309.8,267.85,130.8,-6.0,2.14,108.0,100490.0
20140806:0700,31.69,70.2,201.9,203.17,99.9,-5.0,0.97,150.0,100510.0
20140806:0800,30.92,74.8,98.85,118.0,61.85,4.8,0.83,114.0,100500.0
20140806:0900,30.03,79.65,12.45,24.64,9.6,-0.95,0.62,82.0,100550.0
20140806:1000,28.9,84.8,0.0,-0.0,0.0,-9.25,0.48,145.0,100600.0
20140806:1100,29.0,84.8,0.0,-0.0,0.0,-0.55,0.62,182.0,100600.0
20140806:1200,29.12,87.55,0.0,-0.0,0.0,-4.45,1.17,195.0,100660.0
20140806:1300,28.34,87.55,0.0,-0.0,0.0,-6.35,1.1,214.0,100670.0
20140806:1400,27.89,93.25,0.0,-0.0,0.0,-2.9,0.9,183.0,100690.0
20140806:1500,27.67,93.25,0.0,-0.0,0.0,-1.5,1.72,183.0,100660.0
20140806:1600,27.55,93.25,0.0,-0.0,0.0,3.85,2.14,200.0,100600.0
20140806:1700,27.5,96.3,0.0,-0.0,0.0,0.35,1.79,219.0,100630.0
20140806:1800,27.19,93.25,0.0,-0.0,0.0,-6.0,1.52,226.0,100640.0
20140806:1900,26.88,90.25,0.0,-0.0,0.0,1.9,1.52,224.0,100660.0
20140806:2000,26.98,90.25,35.6,0.0,35.6,0.55,1.59,215.0,100700.0
20140806:2100,26.74,90.25,199.75,504.15,80.9,-1.9,1.79,205.0,100750.0
20140806:2200,28.8,79.55,353.9,554.56,115.7,3.65,1.59,185.0,100790.0
20140806:2300,29.47,77.1,538.1,667.88,133.35,7.5,1.59,179.0,100740.0
20140807:0000,30.02,72.35,704.0,748.75,141.35,4.45,1.24,176.0,100750.0
20140807:0100,30.45,72.4,774.9,722.25,154.25,419.1,0.97,134.0,100750.0
20140807:0200,30.49,72.4,594.95,445.17,185.2,4.6,1.17,109.0,100710.0
20140807:0300,29.1,79.55,565.8,306.63,280.45,3.85,1.86,88.0,100670.0
20140807:0400,29.82,70.0,666.0,545.03,181.4,-3.85,2.34,89.0,100610.0
20140807:0500,31.04,70.1,529.15,495.22,133.55,-6.15,1.93,148.0,100670.0
20140807:0600,31.7,67.95,382.9,316.27,172.3,4.25,2.55,163.0,100630.0
20140807:0700,31.06,67.85,235.0,299.79,85.3,-3.05,2.48,175.0,100630.0
20140807:0800,28.77,74.55,63.25,75.83,39.7,-2.9,2.55,196.0,100690.0
20140807:0900,27.84,79.4,9.2,17.35,7.25,10.8,2.21,215.0,100730.0
20140807:1000,27.71,74.4,0.0,-0.0,0.0,-14.5,1.31,228.0,100800.0
20140807:1100,27.51,76.8,0.0,-0.0,0.0,6.55,0.34,216.0,100810.0
20140807:1200,27.25,76.8,0.0,-0.0,0.0,-12.75,0.97,165.0,100910.0
20140807:1300,26.46,84.55,0.0,-0.0,0.0,-7.15,1.59,191.0,100930.0
20140807:1400,26.55,84.55,0.0,-0.0,0.0,1.7,1.31,202.0,100910.0
20140807:1500,26.39,87.35,0.0,-0.0,0.0,-5.8,1.45,218.0,100910.0
20140807:1600,26.41,87.35,0.0,-0.0,0.0,2.9,1.66,214.0,100860.0
20140807:1700,26.17,87.35,0.0,-0.0,0.0,-5.4,2.07,192.0,100840.0
20140807:1800,25.85,90.2,0.0,-0.0,0.0,-3.05,2.28,192.0,100830.0
20140807:1900,25.66,90.2,0.0,-0.0,0.0,7.35,2.41,189.0,100850.0
20140807:2000,25.36,93.15,29.2,0.0,29.2,-4.45,2.48,189.0,100870.0
20140807:2100,25.29,90.2,142.0,174.38,101.3,15.05,2.34,187.0,100900.0
20140807:2200,26.6,84.55,357.65,458.43,161.7,0.0,0.76,160.0,100910.0
20140807:2300,27.39,76.8,458.95,452.46,185.6,-3.85,0.62,112.0,100940.0
20140808:0000,27.86,72.0,560.3,341.14,304.55,11.2,1.31,79.0,100960.0
20140808:0100,28.26,74.5,545.95,222.88,354.8,422.0,1.17,86.0,100980.0
20140808:0200,28.99,74.55,532.5,204.9,344.25,4.25,1.1,87.0,100990.0
20140808:0300,29.25,72.25,397.8,130.44,276.65,3.65,0.83,137.0,100980.0
20140808:0400,28.56,76.95,196.3,5.75,191.2,3.65,1.31,142.0,100980.0
20140808:0500,26.99,87.4,111.15,0.0,111.15,5.6,1.24,151.0,100950.0
20140808:0600,25.99,90.2,202.95,85.16,146.45,-9.85,0.62,210.0,100960.0
20140808:0700,25.7,90.2,90.85,17.22,82.3,-9.85,0.76,328.0,100960.0
20140808:0800,25.59,84.45,52.1,8.13,49.6,2.3,1.1,4.0,100980.0
20140808:0900,25.27,84.45,4.0,0.0,4.0,-4.6,2.07,347.0,101060.0
20140808:1000,24.52,99.4,0.0,-0.0,0.0,-1.35,1.17,14.0,101140.0
20140808:1100,24.64,99.4,0.0,-0.0,0.0,8.1,2.21,2.0,101170.0
20140808:1200,24.66,93.15,0.0,-0.0,0.0,-0.15,2.48,6.0,101180.0
20140808:1300,24.29,90.1,0.0,-0.0,0.0,-2.7,2.62,2.0,101190.0
20140808:1400,23.96,93.1,0.0,-0.0,0.0,-0.35,2.9,348.0,101230.0
20140808:1500,23.25,90.05,0.0,-0.0,0.0,-9.05,3.38,343.0,101240.0
20140808:1600,22.99,90.05,0.0,-0.0,0.0,-6.15,3.93,346.0,101170.0
20140808:1700,22.47,93.05,0.0,-0.0,0.0,0.55,3.72,353.0,101180.0
20140808:1800,22.05,96.15,0.0,-0.0,0.0,-2.3,3.31,1.0,101200.0
20140808:1900,21.9,96.15,0.0,-0.0,0.0,-2.5,3.24,6.0,101210.0
20140808:2000,22.13,90.0,33.3,0.0,33.3,-3.65,3.31,13.0,101260.0
20140808:2100,22.15,90.0,108.3,46.1,97.65,0.55,3.45,18.0,101320.0
20140808:2200,23.39,84.25,180.25,27.51,168.55,6.95,3.38,15.0,101390.0
20140808:2300,23.48,84.25,235.55,55.46,202.15,1.35,3.79,7.0,101450.0
20140809:0000,23.64,84.35,208.2,20.99,192.5,4.6,4.41,10.0,101430.0
20140809:0100,23.42,87.1,235.7,19.92,218.65,422.2,4.69,22.0,101420.0
20140809:0200,23.34,90.05,293.9,32.55,264.05,-1.35,4.83,27.0,101420.0
20140809:0300,23.05,93.05,298.95,60.85,242.55,-1.15,4.9,29.0,101420.0
20140809:0400,23.26,90.05,249.95,32.82,220.9,1.9,4.76,31.0,101410.0
20140809:0500,23.07,93.05,186.05,29.14,162.9,-1.5,4.41,30.0,101370.0
20140809:0600,22.7,93.05,101.0,0.61,100.6,-1.7,4.28,29.0,101360.0
20140809:0700,22.64,90.05,53.65,1.22,53.05,-6.75,3.72,36.0,101340.0
20140809:0800,22.24,93.05,18.85,0.82,18.6,6.15,3.52,39.0,101390.0
20140809:0900,22.44,93.05,2.6,0.0,2.6,0.0,4.0,40.0,101370.0
20140809:1000,22.08,99.4,0.0,-0.0,0.0,1.5,3.52,26.0,101450.0
20140809:1100,22.32,96.15,0.0,-0.0,0.0,1.35,3.52,23.0,101480.0
20140809:1200,22.64,93.05,0.0,-0.0,0.0,1.7,3.72,31.0,101430.0
20140809:1300,22.43,96.15,0.0,-0.0,0.0,-0.15,4.14,36.0,101400.0
20140809:1400,22.44,96.15,0.0,-0.0,0.0,3.05,4.69,39.0,101310.0
20140809:1500,22.13,96.15,0.0,-0.0,0.0,0.95,4.55,33.0,101280.0
20140809:1600,21.82,99.4,0.0,-0.0,0.0,0.35,5.59,34.0,101200.0
20140809:1700,21.67,96.15,0.0,-0.0,0.0,-1.7,5.1,32.0,101150.0
20140809:1800,21.6,99.4,0.0,-0.0,0.0,-2.7,5.1,32.0,101040.0
20140809:1900,21.75,96.15,0.0,-0.0,0.0,2.7,4.48,36.0,100990.0
20140809:2000,21.67,96.15,5.85,0.0,5.85,1.7,3.1,32.0,100970.0
20140809:2100,22.36,93.05,23.35,4.59,22.3,2.3,2.0,30.0,101000.0
20140809:2200,23.57,99.4,46.4,5.2,44.2,-2.1,1.59,50.0,100840.0
20140809:2300,23.6,100.0,74.15,3.41,72.1,1.15,1.38,60.0,100820.0
20140810:0000,23.7,99.4,80.6,0.0,80.6,1.9,1.45,127.0,100770.0
20140810:0100,23.71,99.4,111.2,0.41,110.85,431.5,2.97,141.0,100690.0
20140810:0200,24.28,99.4,331.05,67.91,268.9,2.7,4.76,144.0,100600.0
20140810:0300,26.44,90.25,249.8,82.0,173.95,-3.05,5.66,139.0,100520.0
20140810:0400,25.35,90.2,271.7,106.62,177.55,5.4,6.21,147.0,100450.0
20140810:0500,25.27,90.2,206.9,82.45,141.6,-1.35,6.21,152.0,100350.0
20140810:0600,24.92,93.15,138.85,10.94,131.65,1.5,6.83,152.0,100180.0
20140810:0700,24.48,96.2,63.65,24.76,51.5,-3.65,7.59,155.0,100100.0
20140810:0800,24.34,96.2,17.25,10.46,14.1,0.0,8.55,156.0,99970.0
20140810:0900,24.34,96.2,2.1,0.0,2.1,-2.9,8.83,161.0,99900.0
20140810:1000,24.93,96.2,0.0,-0.0,0.0,-1.9,10.28,159.0,99840.0
20140810:1100,25.06,96.2,0.0,-0.0,0.0,4.25,10.62,161.0,99800.0
20140810:1200,24.88,93.15,0.0,-0.0,0.0,-0.35,11.1,165.0,99780.0
20140810:1300,23.85,93.1,0.0,-0.0,0.0,0.0,10.55,171.0,99740.0
20140810:1400,23.91,93.1,0.0,-0.0,0.0,-19.9,9.72,177.0,99680.0
20140810:1500,24.28,90.1,0.0,-0.0,0.0,0.0,9.38,179.0,99710.0
20140810:1600,24.45,90.1,0.0,-0.0,0.0,-0.35,9.1,182.0,99640.0
20140810:1700,24.53,87.2,0.0,-0.0,0.0,-7.7,8.76,185.0,99610.0
20140810:1800,23.87,90.1,0.0,-0.0,0.0,4.45,8.41,188.0,99590.0
20140810:1900,24.33,90.1,0.0,-0.0,0.0,-1.35,8.21,188.0,99580.0
20140810:2000,24.39,90.1,22.3,0.0,22.3,5.0,7.86,189.0,99600.0
20140810:2100,23.87,90.1,118.75,165.07,81.4,7.15,7.38,189.0,99620.0
20140810:2200,24.93,81.7,286.15,369.18,130.7,-10.6,6.14,193.0,99650.0
20140810:2300,25.43,81.75,411.35,334.08,211.45,3.25,6.97,192.0,99670.0
20140811:0000,25.9,76.6,557.7,463.9,212.45,8.7,7.03,191.0,99690.0
20140811:0100,26.61,76.65,728.75,674.16,154.15,420.85,6.28,188.0,99690.0
20140811:0200,27.52,71.9,838.55,754.62,149.35,-6.55,6.14,187.0,99670.0
20140811:0300,28.2,67.5,741.1,565.04,219.55,5.2,5.38,186.0,99650.0
20140811:0400,28.29,69.75,476.95,335.36,181.55,8.1,4.62,190.0,99660.0
20140811:0500,27.62,69.6,375.35,283.62,151.4,-0.15,2.83,189.0,99680.0
20140811:0600,26.82,74.25,139.65,105.25,70.65,-2.1,1.66,199.0,99700.0
20140811:0700,25.76,79.15,77.0,66.01,44.8,10.6,1.03,181.0,99760.0
20140811:0800,28.19,74.5,32.15,23.34,25.2,-2.1,0.41,155.0,99800.0
20140811:0900,26.48,84.55,4.15,0.0,4.15,-1.5,0.97,190.0,99900.0
20140811:1000,26.58,87.35,0.0,-0.0,0.0,0.15,0.55,197.0,100010.0
20140811:1100,26.45,87.35,0.0,-0.0,0.0,-9.05,0.9,208.0,100100.0
20140811:1200,26.51,81.85,0.0,-0.0,0.0,6.55,1.03,220.0,100170.0
20140811:1300,26.24,81.85,0.0,-0.0,0.0,-3.85,0.83,213.0,100240.0
20140811:1400,25.31,87.3,0.0,-0.0,0.0,-9.25,0.69,242.0,100260.0
20140811:1500,24.62,90.1,0.0,-0.0,0.0,-5.6,0.76,257.0,100270.0
20140811:1600,25.26,84.45,0.0,-0.0,0.0,13.7,0.69,255.0,100270.0
20140811:1700,24.88,84.4,0.0,-0.0,0.0,-2.1,0.55,268.0,100310.0
20140811:1800,24.32,81.65,0.0,-0.0,0.0,-11.8,0.9,283.0,100360.0
20140811:1900,24.54,81.65,0.0,-0.0,0.0,11.0,0.97,292.0,100370.0
20140811:2000,24.12,87.15,20.95,0.0,20.95,-4.45,0.9,298.0,100410.0
20140811:2100,24.52,84.35,151.05,188.29,108.9,-1.15,1.1,292.0,100430.0
20140811:2200,25.49,84.45,270.65,252.92,164.7,-13.7,1.1,280.0,100470.0
20140811:2300,25.64,87.3,325.55,304.83,143.75,-2.7,0.69,324.0,100480.0
20140812:0000,25.37,81.75,286.4,130.33,189.65,18.95,1.24,82.0,100450.0
20140812:0100,25.11,84.4,264.55,93.18,185.3,419.7,1.24,97.0,100500.0
20140812:0200,25.05,87.25,277.65,71.15,212.8,0.95,0.69,57.0,100570.0
20140812:0300,24.77,90.15,154.35,12.87,142.5,4.8,1.24,60.0,100580.0
20140812:0400,24.69,93.15,112.45,0.0,112.45,4.05,2.07,94.0,100560.0
20140812:0500,24.31,99.4,79.9,0.0,79.9,-0.75,2.62,126.0,100560.0
20140812:0600,23.97,99.4,69.85,0.0,69.85,0.55,3.1,151.0,100550.0
20140812:0700,23.63,99.4,56.8,9.08,52.4,-9.85,2.9,171.0,100540.0
20140812:0800,23.15,96.2,25.7,7.13,23.6,-1.9,2.41,174.0,100550.0
20140812:0900,22.91,96.15,1.85,0.0,1.85,-2.9,2.62,154.0,100580.0
20140812:1000,22.67,96.15,0.0,-0.0,0.0,0.35,3.1,175.0,100650.0
20140812:1100,22.48,99.4,0.0,-0.0,0.0,2.5,3.17,189.0,100700.0
20140812:1200,23.01,96.15,0.0,-0.0,0.0,-4.6,3.45,206.0,100800.0
20140812:1300,22.7,96.15,0.0,-0.0,0.0,-3.45,3.24,203.0,100820.0
20140812:1400,22.67,93.05,0.0,-0.0,0.0,-21.85,3.24,200.0,100800.0
20140812:1500,22.74,93.05,0.0,-0.0,0.0,3.45,3.03,204.0,100770.0
20140812:1600,22.62,93.05,0.0,-0.0,0.0,-1.15,2.34,213.0,100750.0
20140812:1700,22.46,93.05,0.0,-0.0,0.0,-8.7,1.66,225.0,100760.0
20140812:1800,22.24,93.05,0.0,-0.0,0.0,4.25,1.31,246.0,100820.0
20140812:1900,22.26,96.15,0.0,-0.0,0.0,-15.25,1.38,251.0,100860.0
20140812:2000,22.37,96.15,30.45,0.0,30.45,2.5,1.38,254.0,100890.0
20140812:2100,22.14,93.05,228.2,678.26,78.0,-6.15,1.66,257.0,100880.0
20140812:2200,24.64,84.35,411.35,697.31,120.75,-10.8,1.17,279.0,100930.0
20140812:2300,24.82,79.05,626.7,872.28,108.2,9.25,1.31,311.0,100920.0
20140813:0000,25.59,79.1,774.65,884.39,119.8,-11.8,1.17,345.0,100960.0
20140813:0100,26.07,74.1,875.35,886.41,123.15,359.3,0.9,39.0,100990.0
20140813:0200,27.3,67.3,915.85,867.64,126.75,4.8,1.17,77.0,101020.0
20140813:0300,27.73,67.4,852.1,752.99,160.15,5.4,1.52,97.0,101010.0
20140813:0400,27.12,71.85,712.4,570.84,212.15,9.45,2.0,104.0,101000.0
20140813:0500,26.67,74.25,546.2,397.86,234.05,18.55,2.34,112.0,101010.0
20140813:0600,26.48,76.65,356.2,263.65,184.85,1.9,2.41,121.0,100980.0
20140813:0700,26.57,79.2,185.1,84.11,144.6,10.25,2.62,137.0,101000.0
20140813:0800,26.17,76.65,45.75,0.0,45.75,-5.4,2.97,155.0,101030.0
20140813:0900,26.03,76.6,4.4,0.0,4.4,3.25,3.17,174.0,101020.0
20140813:1000,25.63,81.75,0.0,-0.0,0.0,-5.4,2.76,192.0,101110.0
20140813:1100,26.01,74.1,0.0,-0.0,0.0,-2.1,2.34,194.0,101120.0
20140813:1200,26.35,69.4,0.0,-0.0,0.0,5.2,1.72,192.0,101170.0
20140813:1300,26.23,71.75,0.0,-0.0,0.0,6.75,1.66,200.0,101140.0
20140813:1400,25.76,76.6,0.0,-0.0,0.0,-22.25,1.86,202.0,101150.0
20140813:1500,25.35,81.75,0.0,-0.0,0.0,6.95,1.38,215.0,101140.0
20140813:1600,25.3,84.45,0.0,-0.0,0.0,-2.9,0.97,241.0,101120.0
20140813:1700,24.62,90.1,0.0,-0.0,0.0,-9.45,0.69,240.0,101120.0
20140813:1800,24.54,90.1,0.0,-0.0,0.0,24.75,0.55,260.0,101140.0
20140813:1900,24.57,93.1,0.0,-0.0,0.0,4.05,0.62,290.0,101140.0
20140813:2000,24.78,90.15,31.2,0.0,31.2,-3.25,1.24,316.0,101190.0
20140813:2100,24.78,87.25,60.3,24.2,55.0,1.35,1.86,332.0,101230.0
20140813:2200,25.67,79.15,161.25,60.18,136.3,5.6,1.45,37.0,101230.0
20140813:2300,25.46,79.1,298.15,159.1,203.9,-2.7,1.17,10.0,101210.0
20140814:0000,26.07,76.6,618.7,572.9,195.6,-2.1,1.93,358.0,101230.0
20140814:0100,27.04,71.85,792.55,700.21,199.7,398.0,2.28,9.0,101240.0
20140814:0200,27.96,67.4,723.35,555.27,219.45,2.5,2.28,30.0,101230.0
20140814:0300,27.42,69.6,690.9,539.32,196.45,0.55,2.21,47.0,101210.0
20140814:0400,26.96,71.85,706.2,615.29,168.45,1.9,2.07,62.0,101180.0
20140814:0500,26.87,69.5,528.0,375.92,234.05,2.3,1.93,78.0,101150.0
20140814:0600,26.33,69.4,467.3,535.48,120.85,15.85,2.0,90.0,101120.0
20140814:0700,25.91,69.3,285.05,416.6,85.8,-24.15,2.14,91.0,101100.0
20140814:0800,25.42,69.25,101.6,182.89,49.05,-1.5,2.0,86.0,101130.0
20140814:0900,25.36,71.6,6.45,16.07,5.05,-0.75,1.38,93.0,101150.0
20140814:1000,24.75,84.4,0.0,-0.0,0.0,1.35,0.34,279.0,101160.0
20140814:1100,24.89,84.4,0.0,-0.0,0.0,0.95,0.41,248.0,101200.0
20140814:1200,25.04,84.4,0.0,-0.0,0.0,9.85,0.76,164.0,101240.0
20140814:1300,25.13,87.25,0.0,-0.0,0.0,-9.45,1.24,164.0,101230.0
20140814:1400,24.79,87.25,0.0,-0.0,0.0,-1.35,1.24,168.0,101160.0
20140814:1500,24.3,90.1,0.0,-0.0,0.0,3.05,1.17,161.0,101120.0
20140814:1600,24.26,90.1,0.0,-0.0,0.0,2.1,1.45,163.0,101090.0
20140814:1700,24.04,93.1,0.0,-0.0,0.0,4.6,1.93,167.0,101070.0
20140814:1800,24.09,93.1,0.0,-0.0,0.0,4.45,2.0,167.0,101080.0
20140814:1900,23.62,96.2,0.0,-0.0,0.0,-13.7,1.79,184.0,101060.0
20140814:2000,23.44,93.05,24.95,0.0,24.95,4.25,1.52,179.0,101050.0
20140814:2100,23.66,93.1,140.55,312.57,72.85,0.15,1.52,162.0,101020.0
20140814:2200,24.46,84.35,175.1,111.67,129.05,19.15,1.31,128.0,100940.0
20140814:2300,24.35,87.2,232.25,133.73,153.3,3.85,2.07,145.0,100890.0
20140815:0000,24.27,87.2,296.6,96.87,225.25,-4.45,2.34,152.0,100860.0
20140815:0100,24.66,87.25,304.15,85.47,231.95,432.05,2.55,149.0,100790.0
20140815:0200,25.4,87.3,290.7,40.59,253.95,3.45,2.62,143.0,100720.0
20140815:0300,26.67,81.9,454.95,148.86,318.8,5.4,2.41,177.0,100670.0
20140815:0400,28.31,74.5,481.35,247.26,265.85,-2.5,1.45,176.0,100600.0
20140815:0500,28.39,76.95,376.55,172.6,242.05,9.85,1.24,114.0,100560.0
20140815:0600,28.42,76.95,256.1,104.35,188.9,-5.2,1.38,142.0,100500.0
20140815:0700,28.81,77.0,184.0,110.43,131.55,-10.05,0.69,150.0,100490.0
20140815:0800,28.14,87.5,84.15,71.03,64.0,-4.25,0.69,17.0,100500.0
20140815:0900,27.4,90.3,5.25,3.0,5.0,-3.85,1.86,10.0,100570.0
20140815:1000,26.08,96.25,0.0,-0.0,0.0,3.65,2.34,11.0,100620.0
20140815:1100,25.62,96.25,0.0,-0.0,0.0,5.2,2.97,30.0,100720.0
20140815:1200,25.17,93.15,0.0,-0.0,0.0,2.7,2.83,30.0,100770.0
20140815:1300,24.59,99.4,0.0,-0.0,0.0,-5.2,2.55,35.0,100800.0
20140815:1400,24.22,96.2,0.0,-0.0,0.0,1.7,2.34,41.0,100840.0
20140815:1500,23.15,99.4,0.0,-0.0,0.0,1.9,2.97,37.0,100870.0
20140815:1600,22.71,99.4,0.0,-0.0,0.0,-6.55,3.66,33.0,100850.0
20140815:1700,22.28,99.4,0.0,-0.0,0.0,1.9,3.03,34.0,100880.0
20140815:1800,21.87,100.0,0.0,-0.0,0.0,-2.7,2.55,31.0,100880.0
20140815:1900,21.62,99.4,0.0,-0.0,0.0,-1.7,2.07,36.0,100890.0
20140815:2000,21.49,99.4,11.05,0.0,11.05,-3.05,2.21,28.0,100950.0
20140815:2100,21.73,99.4,64.8,81.95,47.25,-2.9,2.76,39.0,100980.0
20140815:2200,22.01,99.4,92.85,27.31,81.65,2.9,2.9,24.0,101080.0
20140815:2300,21.6,100.0,131.25,45.89,104.25,1.15,2.28,31.0,101110.0
20140816:0000,21.84,99.4,113.45,25.66,94.6,-1.15,2.34,31.0,101150.0
20140816:0100,21.19,99.4,127.65,6.11,122.5,427.6,2.83,28.0,101160.0
20140816:0200,21.21,93.0,118.6,6.03,113.15,-3.45,2.76,34.0,101130.0
20140816:0300,21.44,93.0,146.15,19.35,128.5,-4.05,2.69,37.0,101080.0
20140816:0400,21.51,93.0,90.5,1.44,89.25,-0.15,2.76,26.0,101140.0
20140816:0500,21.71,93.0,76.1,1.09,75.25,0.15,3.66,7.0,101170.0
20140816:0600,21.33,93.0,19.45,0.0,19.45,-2.5,2.14,41.0,101170.0
20140816:0700,20.43,96.1,85.45,38.7,67.2,-2.3,1.86,70.0,101070.0
20140816:0800,20.32,92.95,39.75,10.0,36.95,-4.6,2.14,19.0,101160.0
20140816:0900,20.96,89.9,2.65,0.0,2.65,1.15,2.62,32.0,101170.0
20140816:1000,21.08,92.95,0.0,-0.0,0.0,-3.45,2.55,3.0,101220.0
20140816:1100,21.27,89.95,0.0,-0.0,0.0,1.35,2.21,11.0,101230.0
20140816:1200,21.45,89.95,0.0,-0.0,0.0,2.9,1.59,8.0,101320.0
20140816:1300,21.46,89.95,0.0,-0.0,0.0,-2.5,1.66,16.0,101290.0
20140816:1400,21.54,93.0,0.0,-0.0,0.0,1.7,1.52,23.0,101310.0
20140816:1500,21.4,93.0,0.0,-0.0,0.0,-1.35,1.38,26.0,101320.0
20140816:1600,21.37,93.0,0.0,-0.0,0.0,-1.7,1.17,50.0,101320.0
20140816:1700,21.15,89.95,0.0,-0.0,0.0,5.6,1.59,47.0,101320.0
20140816:1800,21.26,89.95,0.0,-0.0,0.0,0.75,1.38,51.0,101330.0
20140816:1900,21.27,89.95,0.0,-0.0,0.0,-5.6,0.97,60.0,101370.0
20140816:2000,21.27,93.0,23.5,0.0,23.5,4.45,1.66,94.0,101340.0
20140816:2100,21.58,93.0,80.0,74.16,64.3,-1.35,1.24,101.0,101400.0
20140816:2200,22.23,90.0,104.3,62.63,78.75,2.1,0.55,68.0,101440.0
20140816:2300,22.25,90.0,156.7,45.97,129.75,1.5,0.83,81.0,101510.0
20140817:0000,22.36,93.05,154.6,29.9,132.7,3.65,0.76,93.0,101540.0
20140817:0100,22.12,93.05,153.6,10.35,144.9,420.05,1.03,64.0,101510.0
20140817:0200,22.28,93.05,181.5,0.89,180.7,3.45,1.03,79.0,101490.0
20140817:0300,22.66,90.05,135.15,4.34,131.2,0.35,1.17,114.0,101490.0
20140817:0400,22.27,93.05,155.4,1.1,154.45,0.55,1.38,123.0,101480.0
20140817:0500,23.04,93.05,124.55,6.72,119.35,2.3,1.45,134.0,101470.0
20140817:0600,23.24,93.05,114.4,13.72,105.65,1.35,1.38,146.0,101480.0
20140817:0700,23.66,93.1,53.4,0.0,53.4,-4.05,1.93,141.0,101430.0
20140817:0800,23.97,93.1,20.95,3.62,19.95,-0.35,2.14,153.0,101470.0
20140817:0900,24.16,90.1,1.95,0.0,1.95,-0.75,1.38,164.0,101490.0
20140817:1000,23.74,90.1,0.0,-0.0,0.0,-1.7,0.69,99.0,101550.0
20140817:1100,23.76,90.1,0.0,-0.0,0.0,2.5,0.83,96.0,101560.0
20140817:1200,23.8,90.1,0.0,-0.0,0.0,-0.35,1.03,130.0,101580.0
20140817:1300,23.53,93.05,0.0,-0.0,0.0,1.35,1.31,149.0,101610.0
20140817:1400,23.51,93.05,0.0,-0.0,0.0,0.55,1.17,160.0,101610.0
20140817:1500,23.51,93.05,0.0,-0.0,0.0,-4.6,1.03,186.0,101590.0
20140817:1600,23.65,90.1,0.0,-0.0,0.0,-3.05,0.76,258.0,101550.0
20140817:1700,23.55,93.05,0.0,-0.0,0.0,8.3,0.41,297.0,101500.0
20140817:1800,23.73,93.1,0.0,-0.0,0.0,-0.95,0.55,356.0,101530.0
20140817:1900,23.41,96.2,0.0,-0.0,0.0,-3.65,0.41,352.0,101530.0
20140817:2000,23.36,96.2,20.75,0.0,20.75,3.05,0.69,328.0,101570.0
20140817:2100,23.27,96.2,101.55,93.92,81.9,1.15,0.83,342.0,101600.0
20140817:2200,24.88,87.25,205.4,111.79,160.05,1.35,0.21,183.0,101570.0
20140817:2300,24.84,87.25,284.35,199.25,167.95,3.45,0.41,168.0,101620.0
20140818:0000,24.94,90.15,386.15,162.83,267.2,0.75,0.28,10.0,101590.0
20140818:0100,25.39,90.2,463.75,180.29,312.55,433.6,1.45,38.0,101590.0
20140818:0200,26.11,87.3,476.75,242.97,258.3,0.75,2.0,33.0,101520.0
20140818:0300,26.42,84.55,703.15,491.03,257.45,1.35,2.41,38.0,101490.0
20140818:0400,27.1,84.6,609.5,491.48,184.9,-14.1,2.41,50.0,101430.0
20140818:0500,27.51,81.95,587.35,578.6,141.4,5.4,2.14,68.0,101420.0
20140818:0600,27.98,79.4,386.6,405.04,129.6,-12.15,2.21,91.0,101410.0
20140818:0700,27.57,81.95,175.2,207.0,79.05,8.3,2.83,114.0,101440.0
20140818:0800,26.64,87.35,43.0,46.46,30.35,6.55,3.03,138.0,101480.0
20140818:0900,26.35,87.35,2.1,0.7,2.05,-3.85,2.14,147.0,101510.0
20140818:1000,25.76,87.3,0.0,-0.0,0.0,7.35,2.0,173.0,101550.0
20140818:1100,25.89,87.3,0.0,-0.0,0.0,-4.45,1.17,191.0,101510.0
20140818:1200,26.03,90.2,0.0,-0.0,0.0,-3.85,0.76,266.0,101530.0
20140818:1300,25.75,87.3,0.0,-0.0,0.0,-8.1,0.62,264.0,101510.0
20140818:1400,25.32,93.15,0.0,-0.0,0.0,-9.85,0.55,195.0,101440.0
20140818:1500,24.91,96.2,0.0,-0.0,0.0,-2.9,1.1,171.0,101440.0
20140818:1600,24.69,96.2,0.0,-0.0,0.0,-2.7,1.38,159.0,101420.0
20140818:1700,24.25,96.2,0.0,-0.0,0.0,8.7,1.52,154.0,101450.0
20140818:1800,23.92,96.2,0.0,-0.0,0.0,5.95,1.17,181.0,101440.0
20140818:1900,23.93,99.4,0.0,-0.0,0.0,5.4,1.17,223.0,101440.0
20140818:2000,23.92,99.4,26.55,0.0,26.55,-0.35,1.17,245.0,101430.0
20140818:2100,23.93,99.4,153.3,310.99,89.0,-6.95,1.24,247.0,101450.0
20140818:2200,25.94,84.5,306.55,339.59,169.55,-2.7,1.03,226.0,101450.0
20140818:2300,26.48,81.85,403.25,260.53,251.6,8.3,0.62,217.0,101420.0
20140819:0000,27.32,76.8,448.4,238.18,274.9,6.35,0.28,299.0,101420.0
20140819:0100,27.32,79.35,552.85,274.95,322.85,438.65,0.9,14.0,101400.0
20140819:0200,27.49,81.95,766.3,607.41,221.55,0.35,1.93,47.0,101360.0
20140819:0300,27.87,79.4,646.55,510.29,184.6,-14.5,2.21,55.0,101360.0
20140819:0400,27.98,79.4,518.95,345.66,221.25,2.5,2.07,53.0,101310.0
20140819:0500,28.65,76.95,423.05,341.58,160.8,5.8,1.59,80.0,101310.0
20140819:0600,28.73,74.55,389.6,360.11,162.3,8.5,1.66,109.0,101240.0
20140819:0700,29.42,77.1,201.15,200.94,108.55,-8.5,1.79,124.0,101230.0
20140819:0800,29.11,79.55,60.0,73.61,40.25,-2.1,1.59,125.0,101240.0
20140819:0900,28.67,82.1,2.65,3.75,2.4,-9.65,2.07,135.0,101270.0
20140819:1000,27.77,87.5,0.0,-0.0,0.0,0.15,2.07,165.0,101270.0
20140819:1100,27.93,87.5,0.0,-0.0,0.0,-3.25,1.66,183.0,101310.0
20140819:1200,28.06,87.5,0.0,-0.0,0.0,-6.95,1.24,230.0,101330.0
20140819:1300,27.64,90.3,0.0,-0.0,0.0,-0.55,0.76,293.0,101340.0
20140819:1400,27.38,90.3,0.0,-0.0,0.0,-4.25,0.76,272.0,101360.0
20140819:1500,27.13,93.2,0.0,-0.0,0.0,-0.15,0.83,241.0,101320.0
20140819:1600,26.98,93.2,0.0,-0.0,0.0,9.65,0.97,239.0,101290.0
20140819:1700,26.46,96.25,0.0,-0.0,0.0,-5.8,0.9,240.0,101290.0
20140819:1800,26.29,93.2,0.0,-0.0,0.0,0.55,1.1,241.0,101250.0
20140819:1900,26.07,96.25,0.0,-0.0,0.0,1.7,1.24,240.0,101300.0
20140819:2000,26.13,96.25,27.3,0.0,27.3,-5.4,1.79,240.0,101300.0
20140819:2100,26.18,93.2,186.65,507.89,82.9,10.6,1.72,233.0,101360.0
20140819:2200,28.21,84.75,355.75,628.67,103.55,-6.75,1.86,211.0,101310.0
20140819:2300,28.93,82.15,463.6,553.85,142.4,1.9,1.86,217.0,101330.0
20140820:0000,29.6,82.2,520.9,544.79,125.2,6.55,1.24,233.0,101360.0
20140820:0100,30.21,70.1,799.4,791.37,139.1,421.8,1.1,229.0,101320.0
20140820:0200,31.94,59.75,785.55,683.63,174.0,3.85,1.31,222.0,101280.0
20140820:0300,32.73,54.4,742.9,650.26,155.85,-0.55,1.45,222.0,101250.0
20140820:0400,33.17,54.4,632.1,528.59,178.3,0.55,1.24,231.0,101170.0
20140820:0500,33.32,54.5,515.2,475.08,151.9,12.95,0.76,208.0,101120.0
20140820:0600,32.87,60.0,446.6,564.74,92.05,-3.05,1.1,122.0,101050.0
20140820:0700,32.19,68.05,214.65,308.45,73.65,-8.3,0.34,42.0,101140.0
20140820:0800,30.68,77.2,80.45,131.1,45.8,8.9,0.21,342.0,101190.0
20140820:0900,30.24,82.3,3.35,8.01,2.85,-14.1,0.9,0.0,101240.0
20140820:1000,28.98,90.4,0.0,-0.0,0.0,-5.8,0.41,326.0,101340.0
20140820:1100,28.95,87.55,0.0,-0.0,0.0,0.15,0.83,268.0,101370.0
20140820:1200,29.04,87.55,0.0,-0.0,0.0,-2.5,0.9,245.0,101360.0
20140820:1300,28.77,84.8,0.0,-0.0,0.0,-8.5,1.03,245.0,101340.0
20140820:1400,28.45,90.35,0.0,-0.0,0.0,-0.15,1.24,247.0,101310.0
20140820:1500,27.87,90.35,0.0,-0.0,0.0,-2.9,1.24,245.0,101310.0
20140820:1600,27.99,90.35,0.0,-0.0,0.0,1.15,1.31,248.0,101300.0
20140820:1700,27.29,93.25,0.0,-0.0,0.0,-6.35,1.1,247.0,101290.0
20140820:1800,27.69,93.25,0.0,-0.0,0.0,2.7,1.17,248.0,101300.0
20140820:1900,27.66,96.3,0.0,-0.0,0.0,0.75,1.31,251.0,101300.0
20140820:2000,27.57,90.3,0.0,-0.0,0.0,-1.35,1.31,250.0,101320.0
20140820:2100,27.23,90.3,186.75,586.51,68.4,9.25,1.66,245.0,101350.0
20140820:2200,28.81,79.55,342.95,602.56,102.6,-5.6,1.1,216.0,101260.0
20140820:2300,29.38,72.25,418.15,473.27,144.7,6.55,1.52,200.0,101270.0
20140821:0000,29.41,72.25,485.75,397.34,198.0,8.5,1.38,190.0,101270.0
20140821:0100,29.93,70.0,730.75,667.64,175.15,431.85,0.69,192.0,101270.0
20140821:0200,30.6,67.85,818.65,712.64,182.8,-7.35,0.28,71.0,101240.0
20140821:0300,30.79,70.1,776.7,620.43,218.15,2.9,1.24,57.0,101210.0
20140821:0400,28.87,77.0,327.65,172.02,180.45,-2.1,1.59,61.0,101180.0
20140821:0500,28.21,82.1,156.9,50.29,118.6,7.7,1.79,64.0,101170.0
20140821:0600,27.99,82.05,376.25,413.07,118.35,-0.95,2.07,66.0,101120.0
20140821:0700,27.69,82.05,151.65,126.18,94.45,-2.3,1.17,69.0,101180.0
20140821:0800,27.29,87.45,51.4,63.99,34.75,-3.85,1.24,93.0,101150.0
20140821:0900,27.07,93.2,2.3,1.72,2.2,-2.3,1.17,50.0,101240.0
20140821:1000,25.48,93.15,0.0,-0.0,0.0,-6.0,2.14,20.0,101320.0
20140821:1100,25.74,90.2,0.0,-0.0,0.0,6.15,1.52,37.0,101330.0
20140821:1200,25.98,90.2,0.0,-0.0,0.0,-2.3,1.1,35.0,101400.0
20140821:1300,25.65,93.15,0.0,-0.0,0.0,-2.5,0.83,46.0,101370.0
20140821:1400,25.62,93.15,0.0,-0.0,0.0,8.1,0.83,111.0,101340.0
20140821:1500,25.14,93.15,0.0,-0.0,0.0,-3.25,1.17,148.0,101350.0
20140821:1600,25.75,87.3,0.0,-0.0,0.0,-3.05,1.59,182.0,101340.0
20140821:1700,25.31,90.2,0.0,-0.0,0.0,3.05,0.83,182.0,101330.0
20140821:1800,24.8,93.15,0.0,-0.0,0.0,-1.7,0.28,261.0,101330.0
20140821:1900,25.14,96.2,0.0,-0.0,0.0,1.35,0.34,73.0,101330.0
20140821:2000,25.31,93.15,0.0,-0.0,0.0,-7.5,0.62,113.0,101340.0
20140821:2100,25.65,90.2,162.6,469.42,69.05,5.2,0.69,116.0,101350.0
20140821:2200,27.12,81.9,322.85,514.14,118.95,-9.25,1.17,82.0,101260.0
20140821:2300,27.21,81.95,425.75,364.83,215.75,5.2,1.17,89.0,101260.0
20140822:0000,27.44,81.95,644.2,602.75,209.0,17.8,1.1,113.0,101240.0
20140822:0100,27.81,79.4,752.9,695.76,175.45,424.15,1.31,101.0,101270.0
20140822:0200,29.34,72.25,741.7,630.04,181.05,-3.25,1.72,88.0,101250.0
20140822:0300,29.72,72.35,694.0,484.65,258.95,9.05,1.79,82.0,101200.0
20140822:0400,29.34,74.65,642.9,478.29,235.0,0.15,2.07,80.0,101140.0
20140822:0500,28.97,77.0,477.3,371.18,195.8,4.8,2.34,78.0,101110.0
20140822:0600,28.54,79.5,235.3,152.7,140.5,-8.5,1.31,79.0,101090.0
20140822:0700,28.96,74.55,168.75,160.75,96.5,6.15,1.17,358.0,101170.0
20140822:0800,27.35,81.95,58.3,60.54,42.8,-5.95,1.93,310.0,101230.0
20140822:0900,26.78,84.6,2.05,1.86,1.95,4.25,0.62,175.0,101190.0
20140822:1000,25.65,93.15,0.0,-0.0,0.0,-23.0,0.21,129.0,101270.0
20140822:1100,26.09,90.2,0.0,-0.0,0.0,-6.95,0.55,59.0,101250.0
20140822:1200,25.85,90.2,0.0,-0.0,0.0,-3.85,0.55,36.0,101270.0
20140822:1300,25.95,90.2,0.0,-0.0,0.0,0.0,0.83,21.0,101230.0
20140822:1400,25.33,93.15,0.0,-0.0,0.0,3.45,0.83,28.0,101200.0
20140822:1500,25.02,96.2,0.0,-0.0,0.0,3.65,1.1,157.0,101150.0
20140822:1600,24.92,96.2,0.0,-0.0,0.0,1.35,1.66,168.0,101120.0
20140822:1700,24.5,99.4,0.0,-0.0,0.0,7.5,2.14,173.0,101110.0
20140822:1800,24.27,96.2,0.0,-0.0,0.0,-3.45,2.07,196.0,101110.0
20140822:1900,24.18,96.2,0.0,-0.0,0.0,-1.7,1.59,211.0,101060.0
20140822:2000,24.64,96.2,0.0,-0.0,0.0,-2.1,1.45,218.0,101080.0
20140822:2100,24.82,90.15,119.8,141.53,91.95,0.75,1.45,222.0,101130.0
20140822:2200,25.61,81.75,244.65,271.13,137.75,1.35,0.62,279.0,101190.0
20140822:2300,26.05,79.15,304.8,202.73,188.55,4.25,1.03,304.0,101200.0
20140823:0000,26.38,79.2,527.95,489.5,175.6,18.55,1.31,342.0,101160.0
20140823:0100,26.82,81.9,659.5,561.44,194.8,415.4,1.86,3.0,101160.0
20140823:0200,27.05,81.9,638.55,441.21,247.0,-6.75,2.0,36.0,101140.0
20140823:0300,26.17,79.2,563.35,383.57,220.05,0.35,1.72,60.0,101140.0
20140823:0400,25.63,84.45,400.15,188.67,239.8,7.9,2.07,113.0,101140.0
20140823:0500,25.18,84.45,313.9,91.97,244.45,-2.5,2.9,120.0,101100.0
20140823:0600,25.38,90.2,167.25,47.23,138.1,3.65,2.69,157.0,101080.0
20140823:0700,26.02,87.3,141.7,41.07,123.4,-5.0,1.31,163.0,101010.0
20140823:0800,26.19,87.35,41.5,1.39,41.15,-3.05,1.38,170.0,101050.0
20140823:0900,26.32,84.55,0.5,0.0,0.5,2.5,1.66,173.0,101060.0
20140823:1000,25.71,90.2,0.0,-0.0,0.0,4.45,2.0,162.0,101070.0
20140823:1100,25.68,90.2,0.0,-0.0,0.0,-0.35,1.93,184.0,101080.0
20140823:1200,25.78,90.2,0.0,-0.0,0.0,-1.35,1.72,197.0,101100.0
20140823:1300,25.61,93.15,0.0,-0.0,0.0,-0.75,1.86,197.0,101090.0
20140823:1400,25.22,93.15,0.0,-0.0,0.0,-4.25,1.66,202.0,101070.0
20140823:1500,24.39,96.2,0.0,-0.0,0.0,-18.15,1.24,197.0,101080.0
20140823:1600,24.23,96.2,0.0,-0.0,0.0,-5.6,1.45,193.0,101060.0
20140823:1700,23.35,99.4,0.0,-0.0,0.0,1.9,1.17,231.0,101070.0
20140823:1800,23.42,99.4,0.0,-0.0,0.0,-2.5,0.9,264.0,101070.0
20140823:1900,23.23,99.4,0.0,-0.0,0.0,12.0,1.03,276.0,101070.0
20140823:2000,22.67,99.4,0.0,-0.0,0.0,-8.3,1.17,275.0,101070.0
20140823:2100,24.34,99.4,183.15,491.59,87.65,-6.55,1.59,278.0,101130.0
20140823:2200,26.48,79.2,318.7,379.9,169.8,5.0,1.03,279.0,101060.0
20140823:2300,26.21,79.2,444.05,387.78,222.55,-5.2,0.83,294.0,101120.0
20140824:0000,26.75,79.3,631.5,514.22,262.5,3.05,0.69,327.0,101130.0
20140824:0100,27.67,74.3,763.95,631.35,242.85,389.1,0.62,2.0,101140.0
20140824:0200,28.61,63.2,803.55,625.56,249.95,2.9,1.1,49.0,101090.0
20140824:0300,29.23,59.35,725.45,559.17,226.5,3.45,1.17,69.0,101040.0
20140824:0400,29.13,61.25,589.7,490.39,174.4,12.35,1.03,92.0,101050.0
20140824:0500,28.59,69.75,328.85,194.13,182.9,-6.55,1.86,104.0,101000.0
20140824:0600,28.57,72.1,309.05,241.55,160.85,20.7,1.79,111.0,100970.0
20140824:0700,27.4,76.8,96.65,17.1,89.1,-9.85,1.31,134.0,101010.0
20140824:0800,26.07,76.6,14.5,2.02,14.0,4.05,1.45,161.0,101030.0
20140824:0900,26.21,74.15,0.3,0.0,0.3,3.05,1.59,176.0,101030.0
20140824:1000,25.92,79.15,0.0,-0.0,0.0,-2.9,0.69,185.0,101100.0
20140824:1100,26.26,76.65,0.0,-0.0,0.0,-5.0,0.9,185.0,101150.0
20140824:1200,24.88,84.4,0.0,-0.0,0.0,-10.05,1.24,213.0,101140.0
20140824:1300,25.53,81.75,0.0,-0.0,0.0,13.9,1.17,227.0,101110.0
20140824:1400,24.96,84.4,0.0,-0.0,0.0,-6.75,1.1,238.0,101140.0
20140824:1500,24.14,87.2,0.0,-0.0,0.0,-1.15,0.97,236.0,101090.0
20140824:1600,25.34,84.45,0.0,-0.0,0.0,-6.75,0.97,257.0,101060.0
20140824:1700,24.66,87.25,0.0,-0.0,0.0,-11.6,0.9,275.0,101050.0
20140824:1800,24.42,90.1,0.0,-0.0,0.0,7.7,1.17,292.0,101030.0
20140824:1900,24.28,90.1,0.0,-0.0,0.0,-4.8,1.59,299.0,101030.0
20140824:2000,24.1,93.1,0.0,-0.0,0.0,-7.9,1.66,298.0,101070.0
20140824:2100,23.98,93.1,127.35,129.86,102.45,3.45,1.72,305.0,101090.0
20140824:2200,25.0,90.15,223.65,94.46,186.85,5.4,1.31,304.0,101100.0
20140824:2300,25.12,90.15,310.7,92.54,258.05,-2.7,0.9,316.0,101090.0
20140825:0000,25.28,87.3,347.2,84.65,286.65,6.15,0.48,359.0,101110.0
20140825:0100,25.55,84.45,348.9,84.32,279.5,405.55,0.76,80.0,101090.0
20140825:0200,26.52,81.85,323.5,70.6,261.2,2.3,1.52,97.0,101050.0
20140825:0300,26.61,74.15,164.4,25.74,141.5,6.75,1.86,92.0,101000.0
20140825:0400,26.46,79.2,59.2,0.0,59.2,-1.15,1.86,94.0,100970.0
20140825:0500,25.98,84.5,241.15,101.15,165.45,1.7,1.72,99.0,100960.0
20140825:0600,26.18,79.2,72.65,1.97,71.45,0.0,1.66,111.0,100930.0
20140825:0700,26.07,81.8,76.2,23.09,66.1,2.5,1.59,129.0,100960.0
20140825:0800,25.94,81.8,26.95,7.61,25.1,-2.7,1.66,147.0,100960.0
20140825:0900,26.52,79.2,0.95,0.0,0.95,-5.0,1.79,164.0,100960.0
20140825:1000,25.94,81.8,0.0,-0.0,0.0,-4.8,1.31,169.0,100990.0
20140825:1100,26.0,84.5,0.0,-0.0,0.0,-1.5,1.03,172.0,101030.0
20140825:1200,26.28,81.85,0.0,-0.0,0.0,-0.55,1.03,178.0,101050.0
20140825:1300,25.73,84.5,0.0,-0.0,0.0,-4.6,1.52,185.0,101050.0
20140825:1400,25.15,90.2,0.0,-0.0,0.0,-20.7,1.66,183.0,101060.0
20140825:1500,24.94,84.4,0.0,-0.0,0.0,-1.9,1.24,192.0,100970.0
20140825:1600,24.83,81.7,0.0,-0.0,0.0,9.65,0.9,230.0,100950.0
20140825:1700,24.0,84.35,0.0,-0.0,0.0,-0.35,1.1,310.0,100950.0
20140825:1800,23.13,84.25,0.0,-0.0,0.0,17.2,2.28,342.0,100970.0
20140825:1900,23.18,84.25,0.0,-0.0,0.0,10.6,3.03,360.0,100960.0
20140825:2000,22.77,84.25,0.0,-0.0,0.0,0.55,3.24,6.0,101040.0
20140825:2100,22.83,81.45,12.25,0.0,12.25,-1.9,3.03,10.0,101070.0
20140825:2200,22.35,93.05,33.0,0.0,33.0,1.7,2.97,4.0,101040.0
20140825:2300,22.31,96.15,50.75,0.18,50.65,4.6,3.52,23.0,101060.0
20140826:0000,21.78,96.15,64.6,0.0,64.6,-4.6,3.31,33.0,101060.0
20140826:0100,21.95,100.0,79.6,0.43,79.25,419.3,2.76,44.0,101050.0
20140826:0200,22.35,99.4,113.75,0.91,112.95,-0.35,2.41,57.0,101060.0
20140826:0300,21.93,93.0,111.9,3.21,109.05,-6.75,2.28,56.0,101030.0
20140826:0400,21.85,96.15,59.4,0.0,59.4,2.1,2.21,50.0,101030.0
20140826:0500,21.58,99.4,63.3,0.0,63.3,3.25,2.76,52.0,101010.0
20140826:0600,21.91,99.4,44.8,1.16,44.1,1.15,3.66,46.0,100970.0
20140826:0700,21.86,96.15,19.25,0.0,19.25,-4.45,3.86,46.0,101020.0
20140826:0800,21.65,89.95,6.9,0.0,6.9,4.05,4.83,53.0,101030.0
20140826:0900,21.36,89.95,0.1,0.0,0.1,-1.5,5.72,56.0,101070.0
20140826:1000,21.4,89.95,0.0,-0.0,0.0,-2.3,6.14,48.0,101200.0
20140826:1100,21.39,89.95,0.0,-0.0,0.0,-5.2,6.14,50.0,101280.0
20140826:1200,21.16,89.95,0.0,-0.0,0.0,-0.55,6.41,52.0,101340.0
20140826:1300,20.71,89.9,0.0,-0.0,0.0,0.35,6.07,54.0,101330.0
20140826:1400,20.5,89.85,0.0,-0.0,0.0,-1.15,5.59,53.0,101360.0
20140826:1500,20.06,86.85,0.0,-0.0,0.0,-2.9,5.17,51.0,101400.0
20140826:1600,19.77,83.95,0.0,-0.0,0.0,0.35,4.48,47.0,101400.0
20140826:1700,19.25,83.9,0.0,-0.0,0.0,-3.45,4.41,45.0,101410.0
20140826:1800,19.28,81.1,0.0,-0.0,0.0,-2.1,4.41,45.0,101440.0
20140826:1900,19.32,81.1,0.0,-0.0,0.0,-0.95,4.21,43.0,101430.0
20140826:2000,19.85,81.15,0.0,-0.0,0.0,-1.35,3.93,42.0,101470.0
20140826:2100,19.84,78.45,58.35,33.75,52.05,-13.15,3.72,44.0,101520.0
20140826:2200,20.51,75.75,163.8,145.5,107.8,7.35,3.24,24.0,101560.0
20140826:2300,20.38,75.75,250.05,157.25,161.3,-14.3,3.59,31.0,101580.0
20140827:0000,20.48,78.45,233.1,33.14,209.55,15.65,3.93,42.0,101610.0
20140827:0100,20.41,78.45,238.4,27.44,215.95,393.55,3.93,49.0,101620.0
20140827:0200,20.31,78.45,206.2,43.94,167.65,5.2,3.72,57.0,101610.0
20140827:0300,20.3,78.45,234.8,27.89,210.15,0.15,3.24,60.0,101600.0
20140827:0400,20.24,75.75,180.85,14.99,168.3,0.35,2.9,72.0,101590.0
20140827:0500,20.2,75.75,117.0,1.62,115.8,1.7,2.28,74.0,101570.0
20140827:0600,20.33,75.75,79.2,14.53,70.45,0.15,1.93,79.0,101560.0
20140827:0700,20.48,73.2,52.0,18.18,44.2,-0.75,1.1,73.0,101550.0
20140827:0800,20.12,75.75,17.05,19.65,12.45,-3.45,1.03,59.0,101580.0
20140827:0900,20.38,75.75,0.15,0.0,0.15,-2.7,0.97,51.0,101580.0
20140827:1000,19.52,83.9,0.0,-0.0,0.0,-3.85,1.24,7.0,101650.0
20140827:1100,19.69,83.95,0.0,-0.0,0.0,-0.95,1.03,16.0,101690.0
20140827:1200,19.64,81.15,0.0,-0.0,0.0,9.65,0.83,23.0,101710.0
20140827:1300,19.59,83.9,0.0,-0.0,0.0,-1.35,0.41,56.0,101680.0
20140827:1400,19.6,81.15,0.0,-0.0,0.0,-3.05,0.76,141.0,101650.0
20140827:1500,19.61,81.15,0.0,-0.0,0.0,-3.45,0.9,159.0,101620.0
20140827:1600,19.77,83.95,0.0,-0.0,0.0,9.85,1.31,153.0,101580.0
20140827:1700,19.54,86.85,0.0,-0.0,0.0,3.25,1.45,164.0,101590.0
20140827:1800,19.6,83.95,0.0,-0.0,0.0,-0.15,1.86,172.0,101570.0
20140827:1900,19.79,83.95,0.0,-0.0,0.0,-2.5,1.66,174.0,101570.0
20140827:2000,19.81,86.85,0.0,-0.0,0.0,0.75,1.59,173.0,101600.0
20140827:2100,19.99,86.85,39.95,0.81,39.8,-2.1,1.66,172.0,101590.0
20140827:2200,20.62,81.2,116.3,52.42,96.25,0.15,0.55,282.0,101650.0
20140827:2300,20.84,84.05,177.35,111.73,114.55,-1.9,0.07,86.0,101670.0
20140828:0000,20.97,81.2,260.3,57.18,219.8,3.05,0.55,111.0,101650.0
20140828:0100,21.23,81.3,287.2,41.01,253.75,408.05,1.1,108.0,101670.0
20140828:0200,21.91,78.65,244.75,36.19,213.1,1.35,1.45,107.0,101610.0
20140828:0300,22.15,78.7,319.65,94.22,236.65,-4.05,1.79,117.0,101590.0
20140828:0400,21.98,81.35,334.1,223.86,147.35,-5.0,2.07,129.0,101560.0
20140828:0500,22.32,76.1,188.0,48.46,152.25,-1.15,2.14,134.0,101540.0
20140828:0600,21.93,81.35,152.85,31.93,133.75,7.7,2.41,134.0,101520.0
20140828:0700,22.0,81.35,115.15,42.49,97.1,-11.6,2.48,133.0,101540.0
20140828:0800,21.61,86.95,24.85,20.91,20.05,-8.3,2.41,128.0,101550.0
20140828:0900,21.5,86.95,0.2,0.0,0.2,6.95,2.69,131.0,101580.0
20140828:1000,21.2,89.95,0.0,-0.0,0.0,-1.7,1.59,151.0,101610.0
20140828:1100,21.11,93.0,0.0,-0.0,0.0,-11.4,1.59,146.0,101660.0
20140828:1200,21.11,89.95,0.0,-0.0,0.0,0.15,1.72,150.0,101670.0
20140828:1300,20.91,92.95,0.0,-0.0,0.0,9.05,1.79,147.0,101640.0
20140828:1400,20.74,92.95,0.0,-0.0,0.0,-17.2,1.45,156.0,101660.0
20140828:1500,20.64,92.95,0.0,-0.0,0.0,28.6,1.31,156.0,101650.0
20140828:1600,20.65,92.95,0.0,-0.0,0.0,-11.6,1.1,150.0,101610.0
20140828:1700,20.62,89.9,0.0,-0.0,0.0,2.9,0.9,150.0,101600.0
20140828:1800,20.73,92.95,0.0,-0.0,0.0,-5.8,0.76,152.0,101610.0
20140828:1900,20.86,92.95,0.0,-0.0,0.0,4.45,0.76,154.0,101600.0
20140828:2000,20.82,92.95,0.0,-0.0,0.0,-14.7,1.1,148.0,101640.0
20140828:2100,20.68,89.9,129.8,210.93,91.5,14.5,0.97,152.0,101690.0
20140828:2200,21.91,84.1,248.35,254.29,151.7,-13.5,0.76,171.0,101650.0
20140828:2300,22.01,78.65,409.6,369.28,202.9,10.6,0.9,122.0,101670.0
20140829:0000,22.43,78.7,529.4,449.48,212.1,-11.0,1.52,93.0,101650.0
20140829:0100,22.34,78.7,513.6,344.76,233.25,381.95,2.14,94.0,101670.0
20140829:0200,22.66,73.6,433.6,224.13,238.2,7.9,2.69,99.0,101640.0
20140829:0300,22.78,71.15,527.3,321.34,245.2,1.5,3.17,101.0,101620.0
20140829:0400,23.21,68.85,439.85,301.48,189.35,7.15,3.24,106.0,101610.0
20140829:0500,23.99,66.65,458.1,378.95,179.9,-12.55,3.38,106.0,101600.0
20140829:0600,24.04,68.95,231.55,173.36,128.55,0.75,3.24,103.0,101560.0
20140829:0700,23.87,68.95,123.9,137.47,66.1,8.5,3.1,106.0,101560.0
20140829:0800,23.26,73.7,44.95,50.01,33.7,-2.7,2.41,106.0,101570.0
20140829:0900,23.01,76.15,0.2,0.0,0.2,-8.7,1.52,105.0,101610.0
20140829:1000,22.31,84.15,0.0,-0.0,0.0,-6.75,0.9,96.0,101620.0
20140829:1100,22.19,84.15,0.0,-0.0,0.0,5.4,0.9,82.0,101650.0
20140829:1200,22.42,84.15,0.0,-0.0,0.0,-1.5,0.97,91.0,101670.0
20140829:1300,22.21,84.15,0.0,-0.0,0.0,6.75,1.45,94.0,101660.0
20140829:1400,22.07,87.0,0.0,-0.0,0.0,-3.85,0.9,44.0,101670.0
20140829:1500,21.76,87.0,0.0,-0.0,0.0,7.7,0.9,26.0,101630.0
20140829:1600,21.76,89.95,0.0,-0.0,0.0,1.35,1.17,32.0,101600.0
20140829:1700,21.15,89.95,0.0,-0.0,0.0,-3.65,1.24,35.0,101580.0
20140829:1800,21.19,89.95,0.0,-0.0,0.0,0.95,1.31,35.0,101590.0
20140829:1900,20.17,92.95,0.0,-0.0,0.0,-0.95,1.17,55.0,101570.0
20140829:2000,20.58,96.1,0.0,-0.0,0.0,5.2,0.97,107.0,101580.0
20140829:2100,20.28,92.95,37.65,0.0,37.65,5.8,0.76,126.0,101570.0
20140829:2200,20.79,86.9,103.8,30.05,92.45,-7.5,0.41,346.0,101550.0
20140829:2300,20.53,92.95,230.25,107.56,170.3,-11.0,1.03,6.0,101520.0
20140830:0000,20.76,86.9,259.75,91.69,195.25,6.35,1.52,48.0,101540.0
20140830:0100,20.84,89.9,505.2,428.75,157.65,391.4,2.14,59.0,101500.0
20140830:0200,22.43,78.7,627.3,445.26,240.35,-8.3,3.52,61.0,101470.0
20140830:0300,22.77,71.15,629.75,532.34,164.05,-9.45,4.0,68.0,101460.0
20140830:0400,22.85,73.6,589.7,512.07,165.95,11.8,3.93,66.0,101460.0
20140830:0500,23.04,71.15,356.0,284.23,148.4,-7.5,3.72,62.0,101440.0
20140830:0600,23.09,73.6,373.6,421.75,124.75,10.8,3.52,58.0,101390.0
20140830:0700,23.21,71.25,159.7,211.28,71.8,-26.5,3.38,50.0,101380.0
20140830:0800,22.79,76.15,38.2,57.89,25.45,11.6,2.83,39.0,101400.0
20140830:0900,22.42,78.7,0.1,0.0,0.1,-6.35,2.76,28.0,101390.0
20140830:1000,21.77,84.1,0.0,-0.0,0.0,5.8,1.66,18.0,101420.0
20140830:1100,21.65,87.0,0.0,-0.0,0.0,-7.15,1.86,2.0,101410.0
20140830:1200,21.78,87.0,0.0,-0.0,0.0,23.4,1.79,355.0,101440.0
20140830:1300,21.4,89.95,0.0,-0.0,0.0,5.2,1.86,357.0,101420.0
20140830:1400,21.06,92.95,0.0,-0.0,0.0,9.05,1.86,4.0,101460.0
20140830:1500,20.69,92.95,0.0,-0.0,0.0,3.85,1.86,11.0,101440.0
20140830:1600,20.65,89.9,0.0,-0.0,0.0,-2.9,1.45,17.0,101410.0
20140830:1700,20.14,92.95,0.0,-0.0,0.0,-0.95,1.24,20.0,101430.0
20140830:1800,20.12,92.95,0.0,-0.0,0.0,-1.7,1.24,13.0,101440.0
20140830:1900,20.18,92.95,0.0,-0.0,0.0,-17.6,0.69,16.0,101450.0
20140830:2000,20.06,92.95,0.0,-0.0,0.0,4.25,0.9,37.0,101430.0
20140830:2100,20.07,92.95,114.65,247.4,71.0,-8.3,1.31,39.0,101460.0
20140830:2200,21.71,78.65,261.75,352.86,129.35,9.85,2.14,47.0,101480.0
20140830:2300,21.91,81.35,372.55,371.63,166.3,-7.9,2.34,44.0,101480.0
20140831:0000,21.93,78.65,551.6,551.41,165.05,2.7,2.14,43.0,101500.0
20140831:0100,22.19,76.1,487.55,308.73,238.1,376.9,2.21,43.0,101520.0
20140831:0200,22.16,76.1,679.75,530.93,219.85,11.95,2.55,53.0,101500.0
20140831:0300,22.82,76.15,624.0,500.29,187.9,-4.45,3.1,59.0,101510.0
20140831:0400,22.55,78.7,460.25,326.25,191.4,-5.8,3.45,60.0,101500.0
20140831:0500,22.64,76.15,376.4,277.67,174.65,1.7,3.79,57.0,101470.0
20140831:0600,23.1,76.15,321.05,276.76,158.9,13.15,3.66,60.0,101440.0
20140831:0700,22.9,71.15,148.0,157.57,83.15,-15.45,3.17,67.0,101480.0
20140831:0800,22.56,76.1,43.4,78.19,26.55,5.2,2.28,66.0,101500.0
20140831:0900,22.53,73.55,0.05,0.0,0.05,5.2,1.31,53.0,101550.0
20140831:1000,21.89,81.35,0.0,-0.0,0.0,-4.6,1.03,41.0,101600.0
20140831:1100,21.87,84.1,0.0,-0.0,0.0,-2.7,0.97,30.0,101660.0
20140831:1200,21.72,84.1,0.0,-0.0,0.0,-10.45,0.97,9.0,101680.0
20140831:1300,21.23,84.05,0.0,-0.0,0.0,8.1,0.76,339.0,101690.0
20140831:1400,20.88,86.9,0.0,-0.0,0.0,-7.9,0.9,330.0,101660.0
20140831:1500,20.47,89.85,0.0,-0.0,0.0,-7.35,1.31,352.0,101610.0
20140831:1600,18.46,98.57,0.0,-0.0,0.0,14.51,0.75,7.0,101600.0
20140831:1700,19.35,95.32,0.0,-0.0,0.0,16.26,0.82,356.0,101570.0
20140831:1800,20.24,92.08,0.0,-0.0,0.0,18.01,0.89,3.0,101570.0
20140831:1900,21.13,88.83,0.0,-0.0,0.0,19.76,0.96,44.0,101560.0
20140831:2000,22.03,85.58,0.0,-0.0,0.0,21.5,1.03,147.0,101610.0
20140831:2100,22.92,82.33,48.55,0.58,48.45,23.25,1.1,127.0,101620.0
20140831:2200,23.81,79.08,93.4,3.62,92.05,25.0,1.17,154.0,101630.0
20140831:2300,24.7,75.84,111.0,1.45,110.2,26.75,1.24,150.0,101660.0
20130901:0000,25.59,72.59,703.7,848.87,110.75,28.5,1.31,246.0,100920.0
20130901:0100,26.48,69.34,798.6,846.29,117.05,30.25,1.38,299.0,100940.0
20130901:0200,27.37,66.09,769.45,741.38,129.4,32.0,1.44,317.0,100950.0
20130901:0300,28.27,62.85,804.15,776.67,129.6,33.75,1.51,332.0,100930.0
20130901:0400,29.16,59.6,663.75,625.79,150.25,35.49,1.58,70.0,100920.0
20130901:0500,30.05,56.35,418.85,386.11,139.8,37.24,1.65,102.0,100940.0
20130901:0600,30.94,53.1,292.65,303.26,116.25,38.99,1.72,108.0,100960.0
20130901:0700,31.83,49.85,131.05,143.11,72.8,40.74,1.79,112.0,101030.0
20130901:0800,28.23,74.4,33.5,43.9,24.25,10.25,2.14,122.0,101130.0
20130901:0900,27.24,76.7,0.0,0.0,0.0,5.8,1.72,126.0,101190.0
20130901:1000,25.78,90.2,0.0,-0.0,0.0,-4.8,0.07,225.0,101420.0
20130901:1100,25.99,90.2,0.0,-0.0,0.0,-3.85,0.83,59.0,101400.0
20130901:1200,25.92,87.3,0.0,-0.0,0.0,0.75,0.28,84.0,101430.0
20130901:1300,26.0,90.2,0.0,-0.0,0.0,3.45,0.69,113.0,101430.0
20130901:1400,25.36,81.75,0.0,-0.0,0.0,1.7,0.69,83.0,101400.0
20130901:1500,24.95,84.4,0.0,-0.0,0.0,-2.5,0.9,41.0,101430.0
20130901:1600,24.49,87.2,0.0,-0.0,0.0,-7.7,1.52,45.0,101380.0
20130901:1700,23.9,90.1,0.0,-0.0,0.0,-0.55,1.86,41.0,101400.0
20130901:1800,23.7,93.05,0.0,-0.0,0.0,-5.6,2.21,40.0,101410.0
20130901:1900,23.36,96.2,0.0,-0.0,0.0,11.6,2.41,42.0,101390.0
20130901:2000,23.21,99.4,0.0,-0.0,0.0,-6.75,2.07,41.0,101460.0
20130901:2100,23.31,93.05,72.15,76.78,59.0,-0.35,1.72,47.0,101490.0
20130901:2200,24.03,90.1,150.8,97.63,114.65,0.95,2.62,52.0,101520.0
20130901:2300,24.27,84.35,267.0,168.6,174.25,-7.35,2.07,81.0,101460.0
20130902:0000,24.97,79.05,359.6,248.86,186.4,1.7,2.28,123.0,101420.0
20130902:0100,25.78,76.6,348.65,203.83,185.05,416.8,2.34,138.0,101360.0
20130902:0200,26.07,79.15,366.25,128.37,255.8,10.6,2.55,139.0,101320.0
20130902:0300,26.46,79.2,333.5,136.2,215.65,2.9,2.48,146.0,101260.0
20130902:0400,26.36,79.2,357.65,150.8,234.45,1.5,2.69,141.0,101230.0
20130902:0500,26.22,81.8,338.45,156.09,226.25,1.7,2.83,143.0,101190.0
20130902:0600,25.46,81.75,312.5,245.66,170.65,-1.35,2.62,147.0,101170.0
20130902:0700,25.36,81.75,149.6,84.73,115.5,-17.0,2.21,151.0,101160.0
20130902:0800,24.77,81.7,28.5,1.21,28.25,0.75,1.72,149.0,101220.0
20130902:0900,24.74,84.4,0.0,0.0,0.0,3.05,1.66,145.0,101210.0
20130902:1000,24.42,90.1,0.0,-0.0,0.0,-2.7,1.24,63.0,101350.0
20130902:1100,24.34,90.1,0.0,-0.0,0.0,0.95,1.03,96.0,101400.0
20130902:1200,24.0,93.1,0.0,-0.0,0.0,1.9,1.03,113.0,101400.0
20130902:1300,23.9,93.1,0.0,-0.0,0.0,-4.05,1.1,100.0,101400.0
20130902:1400,23.68,93.05,0.0,-0.0,0.0,-8.9,0.97,59.0,101350.0
20130902:1500,23.14,96.15,0.0,-0.0,0.0,-0.55,1.45,22.0,101350.0
20130902:1600,23.82,93.1,0.0,-0.0,0.0,10.6,2.21,18.0,101320.0
20130902:1700,23.09,99.4,0.0,-0.0,0.0,7.15,2.76,24.0,101320.0
20130902:1800,23.68,96.2,0.0,-0.0,0.0,5.4,2.76,28.0,101300.0
20130902:1900,24.02,93.1,0.0,-0.0,0.0,3.65,2.34,34.0,101340.0
20130902:2000,24.4,90.1,0.0,-0.0,0.0,-3.25,1.79,43.0,101360.0
20130902:2100,24.33,93.1,55.8,76.19,42.95,-0.95,1.38,64.0,101360.0
20130902:2200,23.98,87.15,118.6,92.99,84.4,-1.7,0.97,101.0,101430.0
20130902:2300,24.52,87.2,300.25,209.71,185.4,-0.75,2.28,156.0,101410.0
20130903:0000,25.57,90.2,507.75,481.26,174.05,0.0,2.69,165.0,101400.0
20130903:0100,26.42,84.55,718.65,675.91,178.0,410.2,3.38,169.0,101360.0
20130903:0200,27.76,76.8,691.45,548.46,221.2,-7.15,4.21,167.0,101300.0
20130903:0300,27.9,69.65,636.25,538.93,171.7,11.6,4.55,150.0,101270.0
20130903:0400,27.91,69.65,601.25,579.33,130.05,-4.6,5.1,151.0,101200.0
20130903:0500,27.49,74.3,461.45,475.72,121.4,3.45,4.76,153.0,101140.0
20130903:0600,27.1,79.3,365.9,485.71,87.55,-4.6,4.97,147.0,101100.0
20130903:0700,26.54,81.85,194.85,306.43,72.95,-5.8,5.03,149.0,101120.0
20130903:0800,26.29,79.2,40.15,102.02,19.65,1.35,5.1,157.0,101170.0
20130903:0900,25.67,84.45,0.0,-0.0,0.0,-1.15,4.83,168.0,101230.0
20130903:1000,24.95,90.15,0.0,-0.0,0.0,13.9,4.07,168.0,101300.0
20130903:1100,24.66,93.1,0.0,-0.0,0.0,-25.9,4.55,166.0,101310.0
20130903:1200,24.85,87.25,0.0,-0.0,0.0,33.25,4.69,166.0,101320.0
20130903:1300,24.51,90.1,0.0,-0.0,0.0,-17.6,4.48,169.0,101330.0
20130903:1400,24.18,90.1,0.0,-0.0,0.0,-1.9,4.21,172.0,101300.0
20130903:1500,23.81,90.1,0.0,-0.0,0.0,-3.45,4.0,172.0,101250.0
20130903:1600,23.78,90.1,0.0,-0.0,0.0,-5.2,4.0,167.0,101160.0
20130903:1700,23.35,90.05,0.0,-0.0,0.0,2.5,4.21,167.0,101140.0
20130903:1800,23.28,90.05,0.0,-0.0,0.0,-6.55,4.07,170.0,101120.0
20130903:1900,23.27,90.05,0.0,-0.0,0.0,8.1,3.93,174.0,101100.0
20130903:2000,22.89,90.05,0.0,-0.0,0.0,-23.2,3.66,172.0,101120.0
20130903:2100,22.91,90.05,109.65,211.68,74.5,-3.65,3.72,172.0,101120.0
20130903:2200,24.94,81.7,152.3,109.5,112.3,36.35,3.24,168.0,101100.0
20130903:2300,24.82,84.4,197.65,101.71,142.2,6.75,3.59,178.0,101130.0
20130904:0000,24.55,87.2,289.45,159.89,179.0,9.25,5.45,177.0,101110.0
20130904:0100,24.72,90.1,518.7,378.5,217.0,419.5,6.28,174.0,101020.0
20130904:0200,25.91,87.3,488.8,298.24,234.0,5.6,5.86,171.0,100970.0
20130904:0300,26.71,84.55,582.45,450.13,195.95,-9.45,6.34,171.0,100920.0
20130904:0400,26.33,81.85,490.85,400.35,166.7,-5.8,6.55,170.0,100880.0
20130904:0500,26.81,81.9,469.2,443.81,153.75,2.9,6.97,168.0,100840.0
20130904:0600,26.86,81.9,262.15,281.35,102.15,-1.5,6.76,166.0,100800.0
20130904:0700,26.83,81.9,140.6,169.16,74.1,7.7,6.83,176.0,100790.0
20130904:0800,26.32,87.35,37.05,84.18,20.55,-12.95,6.34,174.0,100830.0
20130904:0900,25.9,90.2,0.0,-0.0,0.0,3.05,6.41,170.0,100810.0
20130904:1000,25.37,93.15,0.0,-0.0,0.0,-7.5,4.76,174.0,100910.0
20130904:1100,25.41,93.15,0.0,-0.0,0.0,11.2,4.9,179.0,100970.0
20130904:1200,25.45,93.15,0.0,-0.0,0.0,9.85,4.97,181.0,100960.0
20130904:1300,25.3,90.2,0.0,-0.0,0.0,0.95,5.1,185.0,100990.0
20130904:1400,25.27,90.2,0.0,-0.0,0.0,-1.9,4.83,189.0,101000.0
20130904:1500,25.16,93.15,0.0,-0.0,0.0,-22.25,4.83,188.0,100990.0
20130904:1600,25.2,93.15,0.0,-0.0,0.0,2.3,4.83,190.0,100950.0
20130904:1700,24.64,90.1,0.0,-0.0,0.0,5.0,4.55,191.0,100970.0
20130904:1800,24.79,87.25,0.0,-0.0,0.0,11.4,4.48,196.0,101000.0
20130904:1900,25.0,90.15,0.0,-0.0,0.0,11.95,4.21,198.0,101010.0
20130904:2000,24.58,90.1,0.0,-0.0,0.0,-22.6,3.86,196.0,101070.0
20130904:2100,24.38,90.1,101.85,219.97,65.9,12.75,3.72,191.0,101120.0
20130904:2200,25.01,90.15,212.55,215.57,134.35,-8.1,3.1,190.0,101160.0
20130904:2300,25.55,87.3,259.95,147.89,179.7,5.2,2.69,185.0,101190.0
20130905:0000,25.98,87.3,324.85,136.02,231.25,11.0,1.72,163.0,101240.0
20130905:0100,25.72,93.15,308.1,91.34,235.55,429.95,2.55,173.0,101230.0
20130905:0200,26.33,87.35,197.05,40.06,162.95,0.75,2.97,166.0,101260.0
20130905:0300,25.43,96.25,166.3,17.36,151.45,3.25,3.17,177.0,101260.0
20130905:0400,25.23,96.2,102.05,8.93,94.85,-1.7,2.69,185.0,101220.0
20130905:0500,25.37,93.15,118.15,4.74,114.8,0.0,1.93,167.0,101190.0
20130905:0600,25.43,90.2,122.95,39.96,100.4,-3.05,1.38,154.0,101150.0
20130905:0700,24.9,93.15,81.9,74.8,52.85,1.7,0.55,251.0,101200.0
20130905:0800,24.17,100.0,7.25,1.83,6.9,-3.05,0.97,310.0,101230.0
20130905:0900,24.15,99.4,0.0,-0.0,0.0,4.05,2.21,345.0,101310.0
20130905:1000,23.19,99.4,0.0,-0.0,0.0,-6.35,3.31,341.0,101350.0
20130905:1100,23.29,93.05,0.0,-0.0,0.0,1.5,2.83,343.0,101400.0
20130905:1200,23.46,90.05,0.0,-0.0,0.0,-1.15,2.62,342.0,101470.0
20130905:1300,23.61,90.05,0.0,-0.0,0.0,-5.4,2.62,351.0,101470.0
20130905:1400,23.81,87.15,0.0,-0.0,0.0,-7.15,2.28,352.0,101490.0
20130905:1500,23.68,84.25,0.0,-0.0,0.0,-4.6,2.07,344.0,101510.0
20130905:1600,23.6,81.5,0.0,-0.0,0.0,-12.75,2.28,346.0,101500.0
20130905:1700,23.04,84.25,0.0,-0.0,0.0,0.15,2.69,359.0,101540.0
20130905:1800,22.88,84.25,0.0,-0.0,0.0,9.85,3.03,6.0,101580.0
20130905:1900,22.51,87.05,0.0,-0.0,0.0,0.75,3.24,10.0,101630.0
20130905:2000,22.25,87.05,0.0,-0.0,0.0,-10.45,3.31,10.0,101690.0
20130905:2100,22.08,87.05,116.45,327.43,63.8,0.15,3.45,8.0,101760.0
20130905:2200,22.94,76.15,221.1,346.87,96.15,-5.8,3.31,359.0,101840.0
20130905:2300,22.78,73.6,383.8,452.07,139.65,-1.35,3.17,1.0,101910.0
20130906:0000,22.9,68.75,395.15,290.4,196.1,-0.95,3.1,9.0,101880.0
20130906:0100,22.55,71.05,512.0,461.6,146.7,403.25,3.1,16.0,101870.0
20130906:0200,23.46,64.3,576.1,443.69,199.8,-1.7,3.03,31.0,101860.0
20130906:0300,23.7,64.3,579.7,381.32,254.9,-2.5,2.9,49.0,101840.0
20130906:0400,23.33,66.55,526.85,393.03,211.6,-5.4,2.76,57.0,101830.0
20130906:0500,23.42,66.55,353.45,265.62,166.85,-0.15,2.55,63.0,101750.0
20130906:0600,23.44,66.55,289.9,252.17,148.75,8.1,2.41,78.0,101750.0
20130906:0700,23.77,68.95,143.2,179.24,74.45,-8.9,2.34,99.0,101750.0
20130906:0800,23.07,76.15,31.35,75.28,17.35,-6.55,2.41,113.0,101800.0
20130906:0900,23.26,76.2,0.0,-0.0,0.0,2.5,2.62,124.0,101830.0
20130906:1000,22.6,76.1,0.0,-0.0,0.0,6.95,2.48,138.0,101920.0
20130906:1100,22.58,78.7,0.0,-0.0,0.0,3.65,2.0,136.0,101890.0
20130906:1200,22.85,76.15,0.0,-0.0,0.0,-2.1,1.66,134.0,101930.0
20130906:1300,22.65,78.7,0.0,-0.0,0.0,-2.3,1.31,121.0,101920.0
20130906:1400,22.54,76.1,0.0,-0.0,0.0,1.9,1.24,105.0,101900.0
20130906:1500,22.39,78.7,0.0,-0.0,0.0,3.65,1.24,96.0,101900.0
20130906:1600,22.42,76.1,0.0,-0.0,0.0,-2.5,1.45,101.0,101890.0
20130906:1700,22.48,78.7,0.0,-0.0,0.0,2.7,1.59,103.0,101890.0
20130906:1800,22.6,78.7,0.0,-0.0,0.0,7.9,1.59,101.0,101850.0
20130906:1900,22.58,76.1,0.0,-0.0,0.0,-3.85,1.66,96.0,101860.0
20130906:2000,22.42,78.7,0.0,-0.0,0.0,-5.2,1.66,89.0,101890.0
20130906:2100,22.29,78.7,70.6,177.99,42.45,4.05,1.66,90.0,101890.0
20130906:2200,22.74,76.15,119.8,82.9,90.15,-0.95,0.76,68.0,101980.0
20130906:2300,22.66,78.7,215.4,110.7,155.9,3.65,1.1,88.0,101940.0
20130907:0000,22.6,78.7,191.3,84.3,133.75,0.75,1.86,96.0,101920.0
20130907:0100,22.94,78.75,260.5,90.43,189.2,408.25,2.21,104.0,101910.0
20130907:0200,23.21,81.45,222.5,41.84,187.15,4.45,2.21,111.0,101910.0
20130907:0300,23.39,81.5,200.35,42.5,164.3,3.25,2.21,115.0,101870.0
20130907:0400,23.51,81.5,158.05,23.05,139.65,-0.75,2.48,129.0,101820.0
20130907:0500,23.58,81.5,138.3,30.43,117.05,2.7,2.34,135.0,101750.0
20130907:0600,23.44,84.25,126.8,76.82,84.15,0.0,1.86,116.0,101730.0
20130907:0700,23.12,84.25,43.75,29.05,32.75,-0.15,1.66,86.0,101720.0
20130907:0800,22.89,87.1,9.05,22.39,5.0,0.95,1.59,71.0,101770.0
20130907:0900,22.76,84.25,0.0,-0.0,0.0,-3.25,1.66,68.0,101780.0
20130907:1000,22.2,90.0,0.0,-0.0,0.0,0.55,1.52,85.0,101840.0
20130907:1100,22.3,90.0,0.0,-0.0,0.0,2.5,1.17,97.0,101850.0
20130907:1200,22.4,90.0,0.0,-0.0,0.0,1.35,1.1,96.0,101850.0
20130907:1300,22.39,90.0,0.0,-0.0,0.0,0.0,0.9,84.0,101780.0
20130907:1400,22.01,87.05,0.0,-0.0,0.0,0.15,0.62,109.0,101720.0
20130907:1500,21.99,87.05,0.0,-0.0,0.0,0.15,0.97,135.0,101650.0
20130907:1600,22.34,87.05,0.0,-0.0,0.0,-0.55,0.76,170.0,101590.0
20130907:1700,22.43,87.05,0.0,-0.0,0.0,-2.9,1.03,172.0,101520.0
20130907:1800,22.39,87.05,0.0,-0.0,0.0,2.3,0.55,150.0,101450.0
20130907:1900,22.47,90.0,0.0,-0.0,0.0,0.0,0.28,61.0,101430.0
20130907:2000,22.26,90.0,0.0,-0.0,0.0,0.95,0.97,39.0,101390.0
20130907:2100,22.03,90.0,29.65,2.57,29.25,0.95,1.86,15.0,101420.0
20130907:2200,21.84,93.05,43.1,4.22,41.6,0.75,4.14,345.0,101490.0
20130907:2300,21.34,93.0,73.55,10.47,67.95,0.55,3.79,350.0,101520.0
20130908:0000,20.98,93.0,86.9,1.32,86.0,-1.35,2.97,0.0,101480.0
20130908:0100,20.39,89.9,184.3,36.48,155.65,416.8,2.41,5.0,101440.0
20130908:0200,20.52,89.9,176.4,24.36,155.9,-5.4,2.97,355.0,101420.0
20130908:0300,20.43,86.9,178.15,13.61,166.65,-1.9,3.52,350.0,101380.0
20130908:0400,20.51,89.9,173.15,88.5,102.85,-3.65,4.14,347.0,101370.0
20130908:0500,20.7,86.95,123.65,28.46,103.9,-6.75,3.86,352.0,101350.0
20130908:0600,20.63,89.9,28.75,0.0,28.75,6.15,3.66,353.0,101350.0
20130908:0700,20.79,86.95,26.9,18.86,19.85,-1.35,3.38,350.0,101350.0
20130908:0800,20.91,86.95,6.4,9.39,4.75,-7.35,3.24,347.0,101380.0
20130908:0900,21.07,86.95,0.0,-0.0,0.0,0.55,2.83,346.0,101360.0
20130908:1000,20.78,86.95,0.0,-0.0,0.0,-2.7,1.45,286.0,101350.0
20130908:1100,20.75,86.95,0.0,-0.0,0.0,-11.95,1.59,319.0,101440.0
20130908:1200,20.62,92.95,0.0,-0.0,0.0,-23.4,2.21,322.0,101440.0
20130908:1300,20.62,92.95,0.0,-0.0,0.0,-2.1,2.55,310.0,101450.0
20130908:1400,20.33,89.9,0.0,-0.0,0.0,-4.45,2.83,306.0,101450.0
20130908:1500,20.05,92.95,0.0,-0.0,0.0,-8.3,2.76,304.0,101440.0
20130908:1600,20.29,86.9,0.0,-0.0,0.0,-9.85,2.34,299.0,101440.0
20130908:1700,19.47,89.85,0.0,-0.0,0.0,-2.3,2.07,298.0,101450.0
20130908:1800,19.01,92.9,0.0,-0.0,0.0,-11.8,2.0,296.0,101470.0
20130908:1900,18.95,92.9,0.0,-0.0,0.0,6.0,1.79,291.0,101500.0
20130908:2000,18.79,92.9,0.0,-0.0,0.0,1.15,1.45,291.0,101530.0
20130908:2100,18.75,92.9,179.7,758.3,63.8,-1.7,1.86,296.0,101560.0
20130908:2200,22.04,76.1,383.85,846.34,85.55,3.45,1.66,322.0,101560.0
20130908:2300,22.26,73.55,543.05,821.62,105.75,0.75,2.07,352.0,101620.0
20130909:0000,22.67,76.1,686.05,814.18,134.75,8.9,2.97,2.0,101630.0
20130909:0100,22.83,73.6,636.35,568.03,191.9,354.25,3.03,8.0,101620.0
20130909:0200,23.38,68.85,524.85,400.54,189.05,1.35,2.9,17.0,101590.0
20130909:0300,23.32,71.25,711.75,638.84,174.45,29.95,2.83,34.0,101580.0
20130909:0400,23.69,71.25,569.7,457.78,207.9,-19.5,2.9,54.0,101550.0
20130909:0500,23.74,68.95,503.75,543.45,128.95,7.15,2.28,71.0,101490.0
20130909:0600,23.86,64.4,317.65,391.17,104.1,-7.15,1.93,80.0,101460.0
20130909:0700,23.81,64.4,151.7,172.14,88.2,-6.35,1.72,96.0,101450.0
20130909:0800,22.87,68.75,29.55,38.39,23.0,3.25,1.52,114.0,101480.0
20130909:0900,22.93,68.75,0.0,-0.0,0.0,-0.95,1.59,130.0,101520.0
20130909:1000,22.04,73.55,0.0,-0.0,0.0,-6.15,1.79,160.0,101550.0
20130909:1100,22.07,73.55,0.0,-0.0,0.0,11.2,1.79,173.0,101600.0
20130909:1200,22.03,76.1,0.0,-0.0,0.0,-3.85,1.45,187.0,101610.0
20130909:1300,22.08,76.1,0.0,-0.0,0.0,-3.05,1.1,183.0,101600.0
20130909:1400,21.97,78.7,0.0,-0.0,0.0,-16.6,1.17,172.0,101620.0
20130909:1500,21.64,81.35,0.0,-0.0,0.0,6.35,1.24,164.0,101620.0
20130909:1600,21.61,81.35,0.0,-0.0,0.0,4.25,0.97,165.0,101610.0
20130909:1700,21.31,81.35,0.0,-0.0,0.0,2.5,1.03,167.0,101620.0
20130909:1800,21.27,81.35,0.0,-0.0,0.0,-6.35,1.52,155.0,101580.0
20130909:1900,21.26,81.35,0.0,-0.0,0.0,4.45,1.31,156.0,101580.0
20130909:2000,21.11,86.95,0.0,-0.0,0.0,0.95,1.1,151.0,101620.0
20130909:2100,20.79,84.05,95.7,116.54,78.2,-4.05,1.38,142.0,101650.0
20130909:2200,21.47,73.45,237.3,237.12,154.35,17.0,1.03,148.0,101620.0
20130909:2300,21.51,73.45,513.45,691.51,147.25,-0.15,1.38,149.0,101680.0
20130910:0000,22.33,73.55,666.6,802.49,125.5,-11.2,1.38,137.0,101680.0
20130910:0100,22.8,73.6,765.15,796.72,144.2,358.35,1.79,130.0,101650.0
20130910:0200,23.83,66.65,805.05,800.53,136.6,0.0,2.28,133.0,101630.0
20130910:0300,24.29,62.35,648.25,550.77,187.05,5.0,2.55,131.0,101590.0
20130910:0400,24.43,64.5,502.8,399.27,188.85,18.95,2.9,128.0,101570.0
20130910:0500,24.35,69.05,469.1,478.19,141.4,6.15,3.03,133.0,101540.0
20130910:0600,23.89,68.95,212.7,157.61,127.4,-11.95,3.38,120.0,101520.0
20130910:0700,23.61,71.25,109.55,105.25,71.25,12.95,3.52,122.0,101570.0
20130910:0800,23.36,73.7,20.55,34.16,14.9,-8.5,3.17,128.0,101590.0
20130910:0900,23.27,73.7,0.0,-0.0,0.0,4.6,2.41,138.0,101650.0
20130910:1000,22.86,84.25,0.0,-0.0,0.0,-18.55,1.31,128.0,101680.0
20130910:1100,23.07,84.25,0.0,-0.0,0.0,-9.85,1.52,154.0,101700.0
20130910:1200,23.0,81.45,0.0,-0.0,0.0,-6.15,1.38,170.0,101750.0
20130910:1300,22.79,78.75,0.0,-0.0,0.0,0.55,1.1,180.0,101710.0
20130910:1400,22.29,81.4,0.0,-0.0,0.0,1.5,0.97,190.0,101770.0
20130910:1500,22.03,81.4,0.0,-0.0,0.0,-0.15,0.97,188.0,101730.0
20130910:1600,22.01,81.4,0.0,-0.0,0.0,-3.65,1.66,171.0,101690.0
20130910:1700,21.9,81.4,0.0,-0.0,0.0,0.55,1.52,175.0,101730.0
20130910:1800,21.89,81.4,0.0,-0.0,0.0,-0.35,1.93,174.0,101700.0
20130910:1900,21.98,84.15,0.0,-0.0,0.0,11.0,1.86,177.0,101720.0
20130910:2000,21.81,84.15,0.0,-0.0,0.0,9.65,1.79,178.0,101760.0
20130910:2100,21.83,87.05,138.6,528.22,60.7,-10.45,2.34,175.0,101780.0
20130910:2200,22.29,81.4,275.5,447.61,120.1,23.0,1.1,140.0,101790.0
20130910:2300,22.45,81.4,394.1,404.47,181.0,-19.35,1.52,131.0,101820.0
20130911:0000,23.19,81.45,620.5,677.55,165.6,15.45,2.07,125.0,101810.0
20130911:0100,23.64,76.2,642.65,654.54,134.55,371.85,3.38,126.0,101770.0
20130911:0200,24.14,73.75,687.55,658.67,139.8,15.45,3.72,119.0,101740.0
20130911:0300,24.47,69.05,629.1,579.99,145.6,-16.8,3.52,116.0,101700.0
20130911:0400,24.59,71.4,598.35,579.0,145.45,2.7,3.79,110.0,101650.0
20130911:0500,24.39,71.4,523.75,578.46,129.9,1.9,4.41,106.0,101620.0
20130911:0600,24.49,71.4,296.9,361.16,103.15,-6.55,4.41,116.0,101580.0
20130911:0700,24.21,76.3,134.6,224.03,54.2,38.1,3.45,121.0,101580.0
20130911:0800,23.97,78.9,22.2,55.56,13.3,-6.55,2.55,141.0,101620.0
20130911:0900,23.86,81.55,0.0,-0.0,0.0,-9.65,3.17,162.0,101630.0
20130911:1000,24.0,84.35,0.0,-0.0,0.0,4.05,2.76,160.0,101720.0
20130911:1100,23.89,81.55,0.0,-0.0,0.0,-13.9,3.1,169.0,101720.0
20130911:1200,23.33,81.5,0.0,-0.0,0.0,-2.1,3.17,172.0,101750.0
20130911:1300,23.15,81.45,0.0,-0.0,0.0,-12.35,3.17,177.0,101740.0
20130911:1400,22.65,81.4,0.0,-0.0,0.0,4.05,3.03,181.0,101680.0
20130911:1500,22.38,81.4,0.0,-0.0,0.0,-0.55,2.97,184.0,101680.0
20130911:1600,22.5,84.15,0.0,-0.0,0.0,-6.55,2.76,192.0,101650.0
20130911:1700,22.28,81.4,0.0,-0.0,0.0,7.7,2.48,199.0,101650.0
20130911:1800,22.15,81.4,0.0,-0.0,0.0,1.35,2.41,200.0,101660.0
20130911:1900,22.1,81.4,0.0,-0.0,0.0,-1.5,2.41,202.0,101630.0
20130911:2000,21.99,84.15,0.0,-0.0,0.0,4.8,2.14,209.0,101670.0
20130911:2100,21.86,81.4,146.9,629.25,55.8,-7.5,1.93,225.0,101690.0
20130911:2200,23.14,76.15,292.55,578.51,93.25,2.7,1.17,218.0,101670.0
20130911:2300,23.82,71.35,502.05,718.81,125.3,9.05,0.9,226.0,101690.0
20130912:0000,24.87,69.15,616.55,632.79,193.55,1.5,0.28,212.0,101740.0
20130912:0100,25.63,71.6,654.15,638.79,160.3,389.7,0.55,85.0,101700.0
20130912:0200,26.25,69.4,607.45,474.31,214.65,2.1,0.48,50.0,101670.0
20130912:0300,25.98,74.1,403.4,270.47,178.95,10.6,0.83,27.0,101630.0
20130912:0400,25.26,79.1,353.05,193.81,202.25,11.0,1.03,21.0,101630.0
20130912:0500,25.49,81.75,348.7,278.32,160.45,4.25,1.38,35.0,101600.0
20130912:0600,25.49,81.75,331.95,434.67,100.85,-5.8,1.38,57.0,101550.0
20130912:0700,25.57,81.75,158.25,263.56,65.0,-12.35,1.1,66.0,101580.0
20130912:0800,25.28,81.75,24.5,62.28,14.85,-5.0,1.03,72.0,101600.0
20130912:0900,25.24,87.25,0.0,-0.0,0.0,6.35,1.03,90.0,101650.0
20130912:1000,24.39,90.1,0.0,-0.0,0.0,-1.35,0.34,21.0,101700.0
20130912:1100,24.13,93.1,0.0,-0.0,0.0,-3.05,0.69,6.0,101750.0
20130912:1200,24.01,93.1,0.0,-0.0,0.0,0.15,0.69,9.0,101780.0
20130912:1300,23.74,90.1,0.0,-0.0,0.0,-10.6,0.34,65.0,101790.0
20130912:1400,23.27,93.05,0.0,-0.0,0.0,4.45,0.48,137.0,101730.0
20130912:1500,23.77,93.1,0.0,-0.0,0.0,1.15,0.41,178.0,101750.0
20130912:1600,23.84,93.1,0.0,-0.0,0.0,-2.7,0.41,229.0,101760.0
20130912:1700,23.61,93.05,0.0,-0.0,0.0,0.75,0.48,249.0,101770.0
20130912:1800,23.4,93.05,0.0,-0.0,0.0,2.3,0.41,163.0,101740.0
20130912:1900,23.37,93.05,0.0,-0.0,0.0,11.6,0.76,157.0,101750.0
20130912:2000,23.32,93.05,0.0,-0.0,0.0,0.15,0.28,115.0,101770.0
20130912:2100,23.25,96.2,52.55,44.35,46.25,4.45,0.62,115.0,101820.0
20130912:2200,24.24,81.65,161.5,245.02,77.75,4.05,0.55,62.0,101830.0
20130912:2300,24.15,84.35,333.4,392.43,128.8,0.95,1.1,67.0,101830.0
20130913:0000,24.13,90.1,361.25,302.4,160.0,-5.0,1.31,86.0,101900.0
20130913:0100,24.17,93.1,638.05,593.06,181.45,413.85,1.66,100.0,101860.0
20130913:0200,25.08,87.25,682.65,627.84,164.9,-13.5,1.66,117.0,101820.0
20130913:0300,24.85,84.4,391.95,260.59,176.7,4.8,1.86,110.0,101720.0
20130913:0400,24.78,84.4,454.3,400.9,144.05,18.75,1.93,114.0,101650.0
20130913:0500,25.08,81.7,349.65,262.86,173.05,-22.6,2.07,122.0,101600.0
20130913:0600,25.44,79.1,174.85,153.47,94.0,14.5,2.34,129.0,101570.0
20130913:0700,25.05,81.7,101.55,124.45,58.15,4.25,2.48,136.0,101600.0
20130913:0800,24.78,81.7,14.85,34.08,9.75,-5.8,2.41,148.0,101620.0
20130913:0900,24.46,84.35,0.0,-0.0,0.0,-1.35,2.48,150.0,101630.0
20130913:1000,23.68,90.05,0.0,-0.0,0.0,-16.05,2.62,154.0,101680.0
20130913:1100,23.84,87.15,0.0,-0.0,0.0,-11.4,2.97,165.0,101700.0
20130913:1200,23.97,87.15,0.0,-0.0,0.0,0.0,3.24,177.0,101690.0
20130913:1300,23.81,84.35,0.0,-0.0,0.0,-0.35,3.45,184.0,101700.0
20130913:1400,23.8,87.15,0.0,-0.0,0.0,-5.4,3.45,190.0,101610.0
20130913:1500,23.58,87.1,0.0,-0.0,0.0,3.85,3.38,195.0,101580.0
20130913:1600,23.56,87.1,0.0,-0.0,0.0,-7.35,3.38,198.0,101560.0
20130913:1700,23.44,87.1,0.0,-0.0,0.0,-1.35,3.17,201.0,101560.0
20130913:1800,23.28,87.1,0.0,-0.0,0.0,-1.7,2.83,202.0,101510.0
20130913:1900,23.31,87.1,0.0,-0.0,0.0,-0.35,2.69,206.0,101480.0
20130913:2000,23.01,90.05,0.0,-0.0,0.0,9.25,2.55,208.0,101510.0
20130913:2100,22.92,90.05,155.45,630.49,67.6,-9.65,2.69,208.0,101530.0
20130913:2200,24.93,79.05,348.4,776.33,85.15,6.75,2.21,204.0,101540.0
20130913:2300,25.45,76.5,522.85,804.92,105.45,-1.5,2.55,201.0,101550.0
20130914:0000,26.09,76.6,638.05,738.72,148.65,9.05,2.83,193.0,101520.0
20130914:0100,26.35,76.65,747.45,794.36,138.45,389.1,3.03,187.0,101480.0
20130914:0200,27.4,69.6,762.9,709.11,180.65,5.6,3.24,176.0,101390.0
20130914:0300,28.16,67.4,721.95,640.24,195.6,5.8,3.45,164.0,101320.0
20130914:0400,28.36,65.3,594.9,480.02,225.45,1.9,3.66,155.0,101280.0
20130914:0500,28.02,69.65,380.15,228.77,227.5,6.0,3.93,151.0,101250.0
20130914:0600,27.47,74.3,262.6,163.14,177.45,0.0,3.86,153.0,101230.0
20130914:0700,26.91,76.7,118.55,88.62,88.1,-4.45,3.86,157.0,101250.0
20130914:0800,26.38,79.2,16.0,0.69,15.9,-0.15,3.79,166.0,101270.0
20130914:0900,26.21,81.8,0.0,-0.0,0.0,0.55,3.86,176.0,101320.0
20130914:1000,25.39,84.45,0.0,-0.0,0.0,-7.7,3.72,181.0,101370.0
20130914:1100,25.42,84.45,0.0,-0.0,0.0,0.15,3.86,184.0,101360.0
20130914:1200,25.54,84.45,0.0,-0.0,0.0,-0.15,3.72,189.0,101340.0
20130914:1300,25.33,81.75,0.0,-0.0,0.0,0.95,3.66,189.0,101310.0
20130914:1400,25.24,81.75,0.0,-0.0,0.0,-0.35,3.86,190.0,101280.0
20130914:1500,24.94,87.25,0.0,-0.0,0.0,-1.7,3.79,191.0,101230.0
20130914:1600,24.97,87.25,0.0,-0.0,0.0,-0.95,3.86,188.0,101160.0
20130914:1700,25.1,87.25,0.0,-0.0,0.0,3.65,4.14,187.0,101110.0
20130914:1800,24.86,87.25,0.0,-0.0,0.0,3.05,3.93,190.0,101070.0
20130914:1900,24.97,87.25,0.0,-0.0,0.0,-10.6,3.66,190.0,101050.0
20130914:2000,24.66,90.1,0.0,-0.0,0.0,2.7,3.66,185.0,101060.0
20130914:2100,24.77,87.25,56.7,7.32,55.7,8.1,3.93,185.0,101060.0
20130914:2200,24.88,90.15,76.1,0.0,76.1,6.35,2.97,203.0,101150.0
20130914:2300,24.76,90.15,161.1,41.2,139.85,4.6,2.69,184.0,101070.0
20130915:0000,25.05,90.15,171.5,28.28,152.85,1.15,3.03,182.0,101000.0
20130915:0100,23.96,96.2,125.8,21.16,109.65,421.25,2.28,211.0,100980.0
20130915:0200,23.83,93.1,149.8,3.98,146.55,-0.15,1.79,117.0,100890.0
20130915:0300,24.41,90.1,190.25,11.92,180.5,6.75,4.97,125.0,100750.0
20130915:0400,23.79,87.15,115.45,0.78,114.85,1.5,8.62,159.0,100610.0
20130915:0500,22.63,93.05,240.75,75.68,190.6,1.5,6.9,189.0,100630.0
20130915:0600,22.88,90.05,285.2,337.89,110.5,-4.8,4.69,195.0,100620.0
20130915:0700,23.67,87.1,138.8,244.21,56.15,-28.05,2.97,183.0,100610.0
20130915:0800,23.7,87.1,19.15,49.63,12.25,0.75,2.34,170.0,100670.0
20130915:0900,23.72,90.05,0.0,-0.0,0.0,-5.4,1.59,175.0,100710.0
20130915:1000,24.05,96.2,0.0,-0.0,0.0,18.55,2.62,196.0,100780.0
20130915:1100,23.99,96.2,0.0,-0.0,0.0,7.5,3.03,185.0,100780.0
20130915:1200,23.75,96.2,0.0,-0.0,0.0,-9.25,2.69,191.0,100660.0
20130915:1300,23.82,93.1,0.0,-0.0,0.0,10.25,2.41,199.0,100690.0
20130915:1400,23.75,93.1,0.0,-0.0,0.0,2.5,1.52,206.0,100610.0
20130915:1500,23.49,96.2,0.0,-0.0,0.0,2.3,2.14,181.0,100630.0
20130915:1600,23.33,96.2,0.0,-0.0,0.0,0.95,3.38,179.0,100580.0
20130915:1700,23.36,99.4,0.0,-0.0,0.0,-5.2,3.59,174.0,100510.0
20130915:1800,23.76,93.1,0.0,-0.0,0.0,7.15,3.93,161.0,100410.0
20130915:1900,24.23,96.2,0.0,-0.0,0.0,-0.95,5.24,158.0,100320.0
20130915:2000,23.92,96.2,0.0,-0.0,0.0,3.45,6.07,158.0,100240.0
20130915:2100,23.18,96.15,18.5,6.72,17.6,2.1,7.24,151.0,100080.0
20130915:2200,25.24,93.15,55.95,7.79,53.35,-0.15,7.66,154.0,99870.0
20130915:2300,25.14,93.15,76.45,30.42,60.85,-1.7,8.69,156.0,99790.0
20130916:0000,25.37,93.15,108.1,36.56,84.1,-0.35,10.83,157.0,99560.0
20130916:0100,25.08,96.2,104.85,7.3,99.3,428.95,12.14,164.0,99400.0
20130916:0200,24.79,93.15,113.05,0.0,113.05,2.9,13.1,162.0,99160.0
20130916:0300,24.19,96.2,79.25,1.23,78.25,1.5,12.76,169.0,98990.0
20130916:0400,24.44,90.1,110.4,1.18,109.5,-0.75,11.59,173.0,98920.0
20130916:0500,23.88,90.1,34.3,0.0,34.3,-4.45,11.17,182.0,98850.0
20130916:0600,23.13,90.05,62.3,1.56,61.5,-0.55,9.45,201.0,98930.0
20130916:0700,22.74,76.15,86.05,57.16,67.0,-9.45,7.24,232.0,99080.0
20130916:0800,23.54,68.85,13.5,11.97,11.9,-21.65,9.17,287.0,99430.0
20130916:0900,24.04,71.35,0.0,-0.0,0.0,-16.05,7.31,293.0,99800.0
20130916:1000,22.53,66.35,0.0,-0.0,0.0,-6.15,6.21,265.0,100210.0
20130916:1100,21.9,61.95,0.0,-0.0,0.0,-14.7,5.03,269.0,100430.0
20130916:1200,21.49,59.7,0.0,-0.0,0.0,-8.5,4.55,276.0,100640.0
20130916:1300,20.85,59.6,0.0,-0.0,0.0,-22.05,4.69,288.0,100800.0
20130916:1400,19.96,61.5,0.0,-0.0,0.0,-12.35,4.69,296.0,100910.0
20130916:1500,18.91,63.5,0.0,-0.0,0.0,-8.9,4.62,298.0,100990.0
20130916:1600,18.74,63.5,0.0,-0.0,0.0,-4.25,4.48,297.0,101010.0
20130916:1700,18.1,65.55,0.0,-0.0,0.0,-5.4,4.0,303.0,101080.0
20130916:1800,17.68,63.3,0.0,-0.0,0.0,-3.25,3.59,312.0,101160.0
20130916:1900,17.8,67.95,0.0,-0.0,0.0,-1.7,3.66,317.0,101260.0
20130916:2000,17.2,70.3,0.0,-0.0,0.0,1.5,3.38,318.0,101390.0
20130916:2100,17.08,72.7,177.2,935.41,54.6,-0.75,3.31,320.0,101490.0
20130916:2200,20.07,59.35,382.1,915.05,79.4,1.7,2.76,332.0,101550.0
20130916:2300,20.55,55.45,573.65,937.11,95.75,3.65,2.76,337.0,101610.0
20130917:0000,21.32,55.65,724.7,951.02,103.45,3.05,2.48,329.0,101620.0
20130917:0100,21.77,53.85,818.5,934.94,111.1,305.5,1.45,336.0,101650.0
20130917:0200,22.88,52.1,846.5,905.15,113.2,6.15,0.62,16.0,101700.0
20130917:0300,23.93,50.55,808.6,859.78,112.05,7.35,0.9,35.0,101700.0
20130917:0400,24.35,48.95,711.4,799.64,106.35,6.95,1.66,47.0,101700.0
20130917:0500,24.93,50.8,562.35,713.48,96.25,4.25,2.34,56.0,101680.0
20130917:0600,24.84,54.45,373.05,575.73,81.1,1.35,2.21,62.0,101670.0
20130917:0700,24.41,56.25,172.0,356.05,55.2,1.15,1.66,78.0,101740.0
20130917:0800,23.78,62.25,21.1,75.19,11.45,-0.55,1.66,106.0,101820.0
20130917:0900,24.22,60.15,0.0,-0.0,0.0,-1.9,1.72,132.0,101840.0
20130917:1000,21.39,73.45,0.0,-0.0,0.0,-1.9,1.79,170.0,101920.0
20130917:1100,21.43,73.45,0.0,-0.0,0.0,-0.95,1.45,189.0,101930.0
20130917:1200,21.7,76.0,0.0,-0.0,0.0,-1.35,1.59,206.0,101970.0
20130917:1300,21.41,76.0,0.0,-0.0,0.0,-1.7,1.24,222.0,101960.0
20130917:1400,20.47,78.5,0.0,-0.0,0.0,-1.35,0.97,248.0,101990.0
20130917:1500,19.94,83.95,0.0,-0.0,0.0,-1.9,1.1,260.0,101960.0
20130917:1600,20.16,86.85,0.0,-0.0,0.0,-2.5,1.17,270.0,101960.0
20130917:1700,19.48,89.85,0.0,-0.0,0.0,-4.25,1.31,274.0,101970.0
20130917:1800,19.3,92.9,0.0,-0.0,0.0,3.45,1.1,281.0,101960.0
20130917:1900,18.92,92.9,0.0,-0.0,0.0,-0.15,1.17,302.0,102020.0
20130917:2000,18.22,92.85,0.0,-0.0,0.0,-1.7,1.66,315.0,102040.0
20130917:2100,18.06,92.85,164.0,855.55,54.25,0.95,2.0,313.0,102110.0
20130917:2200,21.26,73.45,368.4,891.35,76.05,-0.15,2.0,321.0,102140.0
20130917:2300,20.78,66.15,552.7,906.43,93.1,-1.35,1.79,347.0,102150.0
20130918:0000,21.13,63.9,700.1,916.66,104.2,4.8,1.86,4.0,102150.0
20130918:0100,21.86,59.8,795.95,911.72,109.25,323.1,2.0,14.0,102100.0
20130918:0200,22.89,55.9,829.65,892.18,110.2,1.5,1.86,22.0,102100.0
20130918:0300,23.73,52.35,796.6,853.65,108.5,1.15,1.66,37.0,102020.0
20130918:0400,23.98,52.35,700.25,794.51,102.6,1.5,1.52,67.0,101960.0
20130918:0500,24.33,50.7,548.3,692.4,99.25,2.3,1.66,91.0,101910.0
20130918:0600,24.47,52.5,365.9,570.44,79.5,3.65,1.93,104.0,101880.0
20130918:0700,24.36,54.35,166.3,348.19,53.9,1.7,2.14,113.0,101890.0
20130918:0800,23.88,60.15,19.1,70.75,10.4,-2.1,2.0,127.0,101890.0
20130918:0900,24.02,64.4,0.0,-0.0,0.0,-1.7,2.07,148.0,101940.0
20130918:1000,21.92,73.55,0.0,-0.0,0.0,-0.75,2.28,176.0,102000.0
20130918:1100,22.35,76.1,0.0,-0.0,0.0,-0.15,1.66,194.0,102050.0
20130918:1200,22.34,73.55,0.0,-0.0,0.0,0.15,0.9,210.0,102040.0
20130918:1300,22.06,71.05,0.0,-0.0,0.0,-0.35,0.62,217.0,102040.0
20130918:1400,21.85,73.55,0.0,-0.0,0.0,-0.75,0.76,245.0,102020.0
20130918:1500,21.86,76.1,0.0,-0.0,0.0,-2.5,0.83,296.0,102030.0
20130918:1600,21.61,81.35,0.0,-0.0,0.0,-3.25,0.9,307.0,102020.0
20130918:1700,20.76,81.3,0.0,-0.0,0.0,-1.9,0.83,307.0,101980.0
20130918:1800,20.38,84.05,0.0,-0.0,0.0,-0.95,1.17,309.0,102000.0
20130918:1900,20.15,86.85,0.0,-0.0,0.0,-0.95,1.31,305.0,101990.0
20130918:2000,19.65,89.85,0.0,-0.0,0.0,-1.35,1.45,306.0,102030.0
20130918:2100,19.53,86.85,164.55,881.83,53.9,-2.5,1.93,310.0,102030.0
20130918:2200,21.56,73.45,367.0,884.98,79.25,1.7,1.72,309.0,102110.0
20130918:2300,21.32,66.25,531.0,820.51,117.4,7.15,1.86,340.0,102100.0
20130919:0000,21.27,68.6,690.25,900.72,107.6,1.9,2.55,5.0,102100.0
20130919:0100,21.36,71.0,779.1,881.53,118.2,331.6,3.1,19.0,102110.0
20130919:0200,22.66,68.7,804.9,848.92,123.55,3.05,3.1,28.0,102090.0
20130919:0300,22.83,68.75,732.6,694.44,175.7,4.05,2.97,41.0,102070.0
20130919:0400,22.9,68.75,654.3,691.87,136.95,12.75,2.83,53.0,102000.0
20130919:0500,23.02,68.75,470.9,516.34,138.5,-9.65,2.83,64.0,101960.0
20130919:0600,23.0,71.15,344.8,514.96,88.85,8.5,2.69,73.0,101940.0
20130919:0700,22.82,71.15,147.4,282.15,57.8,3.65,2.62,81.0,101990.0
20130919:0800,22.35,73.55,15.4,50.6,9.45,-12.75,1.86,102.0,101990.0
20130919:0900,22.17,71.05,0.0,-0.0,0.0,8.7,2.07,133.0,102020.0
20130919:1000,21.02,81.3,0.0,-0.0,0.0,3.65,2.41,162.0,102070.0
20130919:1100,20.93,81.3,0.0,-0.0,0.0,-5.6,2.48,179.0,102120.0
20130919:1200,21.29,78.65,0.0,-0.0,0.0,-15.05,2.55,190.0,102100.0
20130919:1300,21.06,81.3,0.0,-0.0,0.0,5.0,2.76,194.0,102070.0
20130919:1400,20.15,83.95,0.0,-0.0,0.0,-1.35,2.97,198.0,102040.0
20130919:1500,19.63,83.9,0.0,-0.0,0.0,-0.55,3.1,201.0,102010.0
20130919:1600,19.75,81.15,0.0,-0.0,0.0,-11.0,3.31,200.0,101960.0
20130919:1700,18.97,83.85,0.0,-0.0,0.0,1.35,3.59,200.0,101930.0
20130919:1800,18.55,83.8,0.0,-0.0,0.0,-8.1,3.59,203.0,101890.0
20130919:1900,18.62,81.0,0.0,-0.0,0.0,-3.85,3.38,207.0,101890.0
20130919:2000,18.39,81.0,0.0,-0.0,0.0,-0.15,3.03,210.0,101910.0
20130919:2100,18.2,81.0,155.6,783.48,59.5,2.1,2.9,212.0,101920.0
20130919:2200,21.03,66.15,361.55,881.84,77.35,11.0,2.07,222.0,101910.0
20130919:2300,21.67,64.0,546.9,903.25,94.3,-8.3,2.14,222.0,101900.0
20130920:0000,22.1,64.1,690.8,909.69,105.3,5.6,2.34,215.0,101930.0
20130920:0100,23.14,66.45,784.05,901.91,111.05,331.25,2.28,204.0,101840.0
20130920:0200,25.1,60.35,815.2,879.98,112.3,5.95,1.93,191.0,101800.0
20130920:0300,26.31,54.8,782.6,842.98,110.1,5.6,2.21,173.0,101760.0
20130920:0400,26.93,53.1,687.4,784.86,104.05,3.05,2.9,165.0,101680.0
20130920:0500,27.48,51.45,538.95,696.78,93.75,2.7,3.38,159.0,101640.0
20130920:0600,27.15,56.85,349.45,549.95,78.9,1.9,3.52,160.0,101620.0
20130920:0700,26.25,62.8,153.9,326.14,52.05,4.25,3.45,163.0,101610.0
20130920:0800,25.4,71.6,15.3,57.93,8.8,-1.7,3.79,174.0,101590.0
20130920:0900,25.22,73.95,0.0,-0.0,0.0,-4.25,4.21,187.0,101580.0
20130920:1000,23.73,76.3,0.0,-0.0,0.0,-3.85,4.14,197.0,101610.0
20130920:1100,23.6,78.85,0.0,-0.0,0.0,-0.95,4.21,205.0,101650.0
20130920:1200,23.57,76.2,0.0,-0.0,0.0,0.55,3.86,211.0,101660.0
20130920:1300,23.43,76.2,0.0,-0.0,0.0,0.15,3.52,218.0,101650.0
20130920:1400,23.02,76.15,0.0,-0.0,0.0,0.55,2.97,221.0,101660.0
20130920:1500,22.0,76.1,0.0,-0.0,0.0,-1.35,2.83,221.0,101650.0
20130920:1600,22.1,76.1,0.0,-0.0,0.0,-2.1,2.69,224.0,101640.0
20130920:1700,21.14,78.55,0.0,-0.0,0.0,-2.5,2.62,227.0,101610.0
20130920:1800,20.52,81.2,0.0,-0.0,0.0,-2.5,2.55,232.0,101610.0
20130920:1900,20.2,81.2,0.0,-0.0,0.0,-2.5,2.48,236.0,101620.0
20130920:2000,20.21,84.05,0.0,-0.0,0.0,6.35,2.41,238.0,101660.0
20130920:2100,19.63,89.85,119.5,241.19,90.6,-2.5,2.41,238.0,101670.0
20130920:2200,21.91,76.1,279.6,345.97,169.1,-0.75,2.14,229.0,101700.0
20130920:2300,22.27,73.55,506.7,794.9,110.8,0.55,1.86,225.0,101670.0
20130921:0000,23.5,68.85,663.75,809.81,145.2,-3.65,1.38,228.0,101660.0
20130921:0100,24.95,60.35,767.25,850.9,135.35,340.15,0.83,226.0,101600.0
20130921:0200,26.87,51.3,810.1,872.7,116.4,6.75,0.21,144.0,101570.0
20130921:0300,28.11,43.4,776.2,834.98,113.6,-1.15,0.83,115.0,101510.0
20130921:0400,28.3,42.05,684.35,788.74,101.7,1.7,1.45,119.0,101460.0
20130921:0500,28.49,46.65,535.85,701.0,91.35,1.9,2.0,120.0,101420.0
20130921:0600,28.26,51.55,345.7,550.37,77.75,1.9,2.34,124.0,101400.0
20130921:0700,27.55,60.9,149.35,320.68,50.9,5.4,2.28,131.0,101420.0
20130921:0800,26.73,71.75,13.65,51.96,8.1,0.0,2.48,142.0,101440.0
20130921:0900,26.35,79.2,0.0,-0.0,0.0,-1.9,2.83,161.0,101450.0
20130921:1000,25.03,87.25,0.0,-0.0,0.0,-2.3,2.97,172.0,101520.0
20130921:1100,24.93,84.4,0.0,-0.0,0.0,-1.9,2.9,189.0,101570.0
20130921:1200,24.68,81.65,0.0,-0.0,0.0,-1.35,2.55,201.0,101580.0
20130921:1300,24.63,81.65,0.0,-0.0,0.0,-1.35,2.07,209.0,101580.0
20130921:1400,24.51,78.95,0.0,-0.0,0.0,-1.5,1.93,215.0,101560.0
20130921:1500,23.85,84.35,0.0,-0.0,0.0,-0.55,1.72,224.0,101550.0
20130921:1600,23.76,87.15,0.0,-0.0,0.0,-6.15,1.52,238.0,101520.0
20130921:1700,22.71,93.05,0.0,-0.0,0.0,-4.25,1.31,249.0,101530.0
20130921:1800,22.39,90.0,0.0,-0.0,0.0,-3.45,1.31,253.0,101510.0
20130921:1900,22.07,90.0,0.0,-0.0,0.0,-1.9,1.52,254.0,101540.0
20130921:2000,21.61,89.95,0.0,-0.0,0.0,1.7,1.66,262.0,101560.0
20130921:2100,21.24,89.95,120.7,324.44,82.75,4.6,1.79,266.0,101580.0
20130921:2200,23.4,81.5,262.35,301.13,167.05,8.1,1.72,281.0,101670.0
20130921:2300,23.81,71.35,440.35,491.03,197.3,7.35,1.59,311.0,101670.0
20130922:0000,24.04,64.4,594.8,593.87,216.5,4.6,2.34,352.0,101780.0
20130922:0100,24.23,69.05,674.3,622.78,214.05,364.5,3.59,18.0,101760.0
20130922:0200,23.78,71.35,582.1,398.63,266.8,5.6,4.41,28.0,101800.0
20130922:0300,22.81,73.6,498.85,245.28,305.25,12.75,4.69,37.0,101780.0
20130922:0400,21.5,81.35,271.25,107.68,192.2,-0.35,4.62,44.0,101800.0
20130922:0500,21.3,81.35,198.8,81.53,147.5,9.05,4.07,46.0,101820.0
20130922:0600,21.61,81.35,121.25,31.55,106.05,-5.6,3.66,49.0,101850.0
20130922:0700,21.15,84.05,29.25,0.66,29.05,-3.05,3.79,52.0,101890.0
20130922:0800,20.56,84.05,2.65,0.0,2.65,15.25,3.93,51.0,101950.0
20130922:0900,20.53,81.2,0.0,-0.0,0.0,0.15,4.21,52.0,101980.0
20130922:1000,20.01,81.15,0.0,-0.0,0.0,1.15,4.28,49.0,102050.0
20130922:1100,20.19,78.5,0.0,-0.0,0.0,-4.45,4.97,54.0,102110.0
20130922:1200,20.27,75.85,0.0,-0.0,0.0,-4.45,5.03,56.0,102160.0
20130922:1300,20.0,75.75,0.0,-0.0,0.0,-0.15,4.62,57.0,102230.0
20130922:1400,19.6,78.35,0.0,-0.0,0.0,-4.05,4.34,52.0,102230.0
20130922:1500,19.36,78.35,0.0,-0.0,0.0,-2.7,4.34,47.0,102260.0
20130922:1600,19.4,78.35,0.0,-0.0,0.0,-2.9,4.14,44.0,102240.0
20130922:1700,18.92,78.3,0.0,-0.0,0.0,-10.6,4.07,42.0,102210.0
20130922:1800,18.8,75.65,0.0,-0.0,0.0,-5.95,4.0,40.0,102190.0
20130922:1900,18.99,78.3,0.0,-0.0,0.0,-0.95,3.93,41.0,102220.0
20130922:2000,18.63,78.25,0.0,-0.0,0.0,-4.25,3.93,48.0,102210.0
20130922:2100,18.86,75.65,73.1,157.76,55.1,-8.7,4.0,54.0,102280.0
20130922:2200,20.17,65.95,185.8,231.88,113.1,15.65,4.28,52.0,102270.0
20130922:2300,19.96,65.95,294.25,301.29,146.05,8.1,4.55,54.0,102330.0
20130923:0000,19.99,68.3,474.6,459.33,183.55,-6.95,4.62,60.0,102320.0
20130923:0100,20.34,68.4,390.1,271.43,190.5,357.95,4.9,69.0,102300.0
20130923:0200,20.59,66.05,460.5,272.05,246.4,11.95,4.97,76.0,102250.0
20130923:0300,20.78,63.9,462.95,340.32,195.8,3.65,4.97,80.0,102210.0
20130923:0400,20.87,61.7,429.85,355.11,170.8,3.85,4.69,85.0,102180.0
20130923:0500,20.67,63.8,333.75,191.65,214.1,-11.6,4.62,90.0,102140.0
20130923:0600,20.89,63.9,228.65,236.47,115.95,10.25,4.0,86.0,102100.0
20130923:0700,20.73,61.7,110.45,197.54,51.9,-29.6,3.72,83.0,102100.0
20130923:0800,20.28,66.05,9.2,26.04,6.7,1.5,3.45,88.0,102080.0
20130923:0900,19.99,70.7,0.0,-0.0,0.0,-8.7,3.17,98.0,102090.0
20130923:1000,19.44,78.35,0.0,-0.0,0.0,13.7,2.41,114.0,102140.0
20130923:1100,19.63,78.35,0.0,-0.0,0.0,-6.55,1.86,113.0,102110.0
20130923:1200,19.55,75.7,0.0,-0.0,0.0,8.5,1.52,125.0,102100.0
20130923:1300,19.56,75.7,0.0,-0.0,0.0,-1.7,0.97,144.0,102070.0
20130923:1400,19.27,75.7,0.0,-0.0,0.0,2.5,0.76,154.0,102000.0
20130923:1500,19.07,78.3,0.0,-0.0,0.0,21.25,0.76,157.0,101980.0
20130923:1600,19.14,81.05,0.0,-0.0,0.0,-7.35,1.59,160.0,101900.0
20130923:1700,18.8,81.05,0.0,-0.0,0.0,-33.25,1.86,162.0,101860.0
20130923:1800,18.1,86.7,0.0,-0.0,0.0,0.35,1.45,166.0,101850.0
20130923:1900,18.17,86.7,0.0,-0.0,0.0,3.85,1.03,170.0,101840.0
20130923:2000,18.16,86.7,0.0,-0.0,0.0,1.35,1.17,167.0,101830.0
20130923:2100,18.28,83.8,130.8,691.93,53.85,-3.65,1.45,183.0,101830.0
20130923:2200,19.88,78.45,316.9,746.72,85.0,10.6,1.66,211.0,101760.0
20130923:2300,20.47,73.3,503.65,819.95,102.9,-2.5,1.79,212.0,101760.0
20130924:0000,21.35,71.0,593.6,735.36,130.15,4.8,1.79,184.0,101740.0
20130924:0100,21.9,71.05,642.15,594.66,207.05,357.35,2.55,156.0,101670.0
20130924:0200,23.25,66.55,500.3,271.27,287.9,17.95,3.79,150.0,101580.0
20130924:0300,23.23,71.25,483.45,287.71,258.85,29.0,3.66,139.0,101530.0
20130924:0400,23.73,71.35,540.25,581.22,118.95,-6.75,3.72,144.0,101470.0
20130924:0500,24.05,73.75,434.45,524.23,109.75,-27.85,4.21,158.0,101400.0
20130924:0600,24.42,71.4,187.5,170.33,107.2,12.55,3.72,156.0,101360.0
20130924:0700,24.0,73.75,103.4,216.78,40.3,20.3,3.66,162.0,101350.0
20130924:0800,23.41,78.85,7.55,22.07,5.55,-20.9,3.38,168.0,101370.0
20130924:0900,23.06,81.45,0.0,-0.0,0.0,-10.8,3.38,175.0,101400.0
20130924:1000,22.25,87.05,0.0,-0.0,0.0,-6.0,3.1,186.0,101430.0
20130924:1100,22.26,84.15,0.0,-0.0,0.0,4.6,3.38,190.0,101420.0
20130924:1200,22.09,84.15,0.0,-0.0,0.0,-11.8,3.45,195.0,101460.0
20130924:1300,21.92,84.15,0.0,-0.0,0.0,4.6,3.31,200.0,101370.0
20130924:1400,21.79,84.15,0.0,-0.0,0.0,-11.2,3.31,201.0,101310.0
20130924:1500,21.81,87.05,0.0,-0.0,0.0,0.95,3.17,200.0,101280.0
20130924:1600,21.88,87.05,0.0,-0.0,0.0,8.1,3.1,193.0,101200.0
20130924:1700,21.65,89.95,0.0,-0.0,0.0,15.85,2.9,189.0,101150.0
20130924:1800,21.3,87.0,0.0,-0.0,0.0,8.3,2.34,194.0,101090.0
20130924:1900,21.19,89.95,0.0,-0.0,0.0,-17.6,2.14,198.0,101100.0
20130924:2000,21.22,87.0,0.0,-0.0,0.0,10.05,2.07,194.0,101020.0
20130924:2100,21.18,89.95,102.8,464.89,52.45,-1.9,2.0,197.0,101000.0
20130924:2200,22.5,84.15,272.55,582.01,93.55,10.8,1.1,193.0,100970.0
20130924:2300,22.93,81.45,367.95,566.23,93.0,-7.9,2.21,168.0,100950.0
20130925:0000,23.47,81.5,524.9,591.19,154.35,1.7,2.9,158.0,100850.0
20130925:0100,24.06,81.55,656.75,735.71,121.2,387.55,3.24,159.0,100760.0
20130925:0200,25.16,76.45,469.35,436.44,129.4,3.45,3.24,157.0,100710.0
20130925:0300,25.18,76.45,453.95,326.63,200.4,22.05,3.1,154.0,100600.0
20130925:0400,24.86,76.45,487.75,445.94,166.6,3.05,3.1,148.0,100480.0
20130925:0500,25.08,81.7,344.95,368.39,118.6,-12.15,3.31,145.0,100390.0
20130925:0600,24.39,87.2,117.4,93.83,73.65,-1.5,3.38,150.0,100350.0
20130925:0700,24.13,90.1,59.4,63.34,41.3,14.5,2.76,160.0,100350.0
20130925:0800,23.62,90.05,2.15,2.35,1.95,-5.8,2.28,185.0,100350.0
20130925:0900,23.56,93.05,0.0,-0.0,0.0,4.45,1.03,208.0,100290.0
20130925:1000,23.11,99.4,0.0,-0.0,0.0,2.9,0.55,208.0,100380.0
20130925:1100,23.29,99.4,0.0,-0.0,0.0,1.35,0.55,213.0,100310.0
20130925:1200,23.74,96.2,0.0,-0.0,0.0,-1.5,1.59,215.0,100340.0
20130925:1300,23.5,96.2,0.0,-0.0,0.0,-1.35,1.1,236.0,100300.0
20130925:1400,23.3,93.05,0.0,-0.0,0.0,-2.9,0.62,234.0,100270.0
20130925:1500,22.38,93.05,0.0,-0.0,0.0,-6.15,0.69,240.0,100270.0
20130925:1600,22.45,96.15,0.0,-0.0,0.0,-2.5,0.9,307.0,100190.0
20130925:1700,22.29,93.05,0.0,-0.0,0.0,1.5,1.79,344.0,100240.0
20130925:1800,22.48,87.05,0.0,-0.0,0.0,0.0,3.31,12.0,100280.0
20130925:1900,22.14,90.0,0.0,-0.0,0.0,3.65,5.45,358.0,100400.0
20130925:2000,21.5,84.1,0.0,-0.0,0.0,-1.9,5.59,352.0,100460.0
20130925:2100,20.92,81.3,11.45,0.0,11.45,-3.85,5.24,351.0,100520.0
20130925:2200,19.08,81.05,32.8,0.33,32.7,-5.8,4.41,356.0,100540.0
20130925:2300,18.74,81.05,70.3,3.73,68.5,-3.85,4.28,360.0,100660.0
20130926:0000,18.96,86.8,132.45,1.2,131.7,-1.9,4.76,8.0,100700.0
20130926:0100,18.25,89.75,176.45,30.73,154.2,390.65,6.0,9.0,100700.0
20130926:0200,18.03,86.7,285.95,155.52,165.45,-2.3,7.03,12.0,100700.0
20130926:0300,17.78,80.9,265.6,77.09,206.1,-6.75,7.31,15.0,100720.0
20130926:0400,17.57,86.65,122.55,0.0,122.55,1.15,7.31,16.0,100770.0
20130926:0500,17.55,83.7,126.65,69.9,84.05,5.0,7.59,14.0,100760.0
20130926:0600,18.14,75.45,200.6,291.39,66.25,-6.55,7.79,12.0,100800.0
20130926:0700,18.67,68.05,92.0,156.54,48.1,-35.4,7.38,12.0,100850.0
20130926:0800,18.37,65.65,6.9,23.79,5.0,-17.6,6.76,12.0,100910.0
20130926:0900,18.98,61.3,0.0,-0.0,0.0,-1.35,6.34,5.0,100940.0
20130926:1000,18.27,65.65,0.0,-0.0,0.0,-14.9,6.0,356.0,101010.0
20130926:1100,18.54,65.65,0.0,-0.0,0.0,-8.3,6.55,345.0,101070.0
20130926:1200,18.39,63.4,0.0,-0.0,0.0,2.7,6.69,339.0,101090.0
20130926:1300,17.88,65.55,0.0,-0.0,0.0,3.85,5.86,337.0,101150.0
20130926:1400,17.59,67.85,0.0,-0.0,0.0,-6.75,5.93,335.0,101190.0
20130926:1500,16.66,65.35,0.0,-0.0,0.0,3.05,6.14,338.0,101260.0
20130926:1600,16.73,63.05,0.0,-0.0,0.0,-9.85,6.14,339.0,101320.0
20130926:1700,16.03,65.15,0.0,-0.0,0.0,8.7,5.72,336.0,101410.0
20130926:1800,15.46,67.45,0.0,-0.0,0.0,-6.75,5.24,335.0,101450.0
20130926:1900,15.47,69.9,0.0,-0.0,0.0,-5.2,4.83,334.0,101540.0
20130926:2000,15.22,69.9,0.0,-0.0,0.0,-1.9,4.69,334.0,101590.0
20130926:2100,15.12,67.35,145.05,941.1,48.65,-3.45,4.55,333.0,101680.0
20130926:2200,17.44,52.75,349.15,897.09,78.7,-0.75,3.86,342.0,101730.0
20130926:2300,17.36,50.85,534.65,920.72,93.5,1.5,4.41,356.0,101820.0
20130927:0000,17.75,52.9,696.4,968.32,96.25,1.15,4.62,359.0,101870.0
20130927:0100,17.91,52.9,771.35,915.05,112.2,289.05,4.48,2.0,101890.0
20130927:0200,18.32,49.3,795.7,865.45,128.7,9.65,4.28,7.0,101890.0
20130927:0300,18.59,51.15,710.8,702.04,172.05,3.65,3.72,18.0,101920.0
20130927:0400,18.71,49.45,576.7,591.6,156.25,14.7,3.31,36.0,101890.0
20130927:0500,18.56,53.0,375.1,354.13,161.05,11.8,3.38,56.0,101900.0
20130927:0600,18.61,53.0,280.35,383.0,105.75,17.6,3.52,73.0,101930.0
20130927:0700,18.59,53.0,115.55,240.81,49.3,-17.95,3.38,83.0,101980.0
20130927:0800,18.09,56.85,6.3,25.51,4.4,-8.9,2.9,90.0,102030.0
20130927:0900,17.99,56.85,0.0,-0.0,0.0,-22.6,2.34,96.0,102100.0
20130927:1000,16.59,67.65,0.0,-0.0,0.0,7.9,0.97,109.0,102170.0
20130927:1100,16.7,65.35,0.0,-0.0,0.0,-6.55,0.83,133.0,102230.0
20130927:1200,16.97,63.05,0.0,-0.0,0.0,4.6,1.1,160.0,102260.0
20130927:1300,16.95,63.05,0.0,-0.0,0.0,-5.2,0.9,183.0,102240.0
20130927:1400,16.71,67.75,0.0,-0.0,0.0,-2.5,1.17,205.0,102250.0
20130927:1500,16.29,75.25,0.0,-0.0,0.0,-0.35,1.24,227.0,102260.0
20130927:1600,16.11,80.65,0.0,-0.0,0.0,-0.95,1.1,241.0,102290.0
20130927:1700,15.4,83.5,0.0,-0.0,0.0,2.3,0.62,239.0,102260.0
20130927:1800,15.41,83.5,0.0,-0.0,0.0,-2.9,0.83,220.0,102270.0
20130927:1900,15.66,83.55,0.0,-0.0,0.0,-1.15,1.1,219.0,102290.0
20130927:2000,15.52,86.5,0.0,-0.0,0.0,0.0,1.31,214.0,102340.0
20130927:2100,15.31,83.5,141.8,930.94,49.2,-0.55,0.83,205.0,102350.0
20130927:2200,17.35,70.3,338.55,875.52,77.3,1.7,1.31,200.0,102360.0
20130927:2300,17.26,58.8,522.8,900.05,94.5,3.85,1.45,161.0,102390.0
20130928:0000,17.83,58.9,668.35,917.69,102.85,6.95,1.93,137.0,102390.0
20130928:0100,18.4,61.2,758.95,909.64,107.2,303.75,2.48,130.0,102390.0
20130928:0200,19.43,57.2,783.0,871.33,115.1,6.95,2.83,137.0,102340.0
20130928:0300,20.2,53.5,741.25,812.92,121.05,4.8,3.17,142.0,102320.0
20130928:0400,20.37,55.45,512.8,475.33,177.25,1.5,3.59,132.0,102270.0
20130928:0500,20.35,57.45,494.65,665.8,95.55,16.6,3.93,126.0,102240.0
20130928:0600,20.13,61.5,304.75,501.81,78.6,-20.1,4.41,128.0,102210.0
20130928:0700,19.74,59.35,115.3,261.49,44.75,5.4,4.34,132.0,102260.0
20130928:0800,19.13,68.1,4.9,17.36,3.7,0.35,3.79,135.0,102280.0
20130928:0900,19.41,68.2,0.0,-0.0,0.0,4.8,3.24,144.0,102300.0
20130928:1000,18.3,75.55,0.0,-0.0,0.0,-10.05,2.28,158.0,102380.0
20130928:1100,18.53,75.55,0.0,-0.0,0.0,-1.9,2.07,161.0,102380.0
20130928:1200,18.66,75.55,0.0,-0.0,0.0,3.65,2.34,161.0,102400.0
20130928:1300,18.61,75.55,0.0,-0.0,0.0,5.2,2.55,163.0,102350.0
20130928:1400,18.5,75.55,0.0,-0.0,0.0,-1.15,2.69,164.0,102340.0
20130928:1500,18.07,78.15,0.0,-0.0,0.0,22.8,2.83,166.0,102320.0
20130928:1600,18.02,78.15,0.0,-0.0,0.0,2.3,2.55,171.0,102320.0
20130928:1700,17.72,78.15,0.0,-0.0,0.0,21.25,2.34,172.0,102300.0
20130928:1800,17.62,80.85,0.0,-0.0,0.0,-11.0,2.14,171.0,102250.0
20130928:1900,17.83,78.15,0.0,-0.0,0.0,-24.75,2.0,173.0,102280.0
20130928:2000,17.89,80.9,0.0,-0.0,0.0,9.25,1.79,173.0,102280.0
20130928:2100,18.16,80.9,119.4,687.67,53.05,-6.95,1.79,171.0,102330.0
20130928:2200,19.33,70.65,281.35,633.29,94.35,11.2,1.1,176.0,102330.0
20130928:2300,19.26,68.2,395.45,494.65,161.7,3.05,1.45,131.0,102330.0
20130929:0000,19.8,65.95,464.8,374.54,235.35,7.5,1.79,129.0,102320.0
20130929:0100,20.31,66.05,461.65,274.0,266.4,369.55,2.0,115.0,102250.0
20130929:0200,21.03,66.15,446.75,237.43,265.75,13.7,2.41,109.0,102230.0
20130929:0300,21.36,64.0,498.5,371.43,216.8,5.0,2.62,107.0,102170.0
20130929:0400,21.39,64.0,421.2,290.31,217.65,-16.8,2.97,104.0,102140.0
20130929:0500,21.49,68.6,302.2,238.73,160.3,0.55,3.72,101.0,102090.0
20130929:0600,21.39,68.6,223.7,226.06,123.0,2.9,3.72,102.0,102090.0
20130929:0700,21.15,68.5,91.6,161.44,48.9,-22.6,3.31,103.0,102120.0
20130929:0800,20.5,73.3,3.05,6.27,2.65,-1.15,2.76,104.0,102150.0
20130929:0900,20.35,73.3,0.0,-0.0,0.0,5.95,2.28,109.0,102200.0
20130929:1000,19.35,78.35,0.0,-0.0,0.0,2.9,1.17,128.0,102270.0
20130929:1100,19.54,78.35,0.0,-0.0,0.0,11.6,0.76,134.0,102270.0
20130929:1200,19.95,78.45,0.0,-0.0,0.0,4.25,0.76,127.0,102250.0
20130929:1300,19.41,78.35,0.0,-0.0,0.0,-15.05,1.03,105.0,102190.0
20130929:1400,19.11,81.05,0.0,-0.0,0.0,-5.8,1.03,104.0,102200.0
20130929:1500,18.14,83.75,0.0,-0.0,0.0,-10.05,0.76,96.0,102150.0
20130929:1600,18.45,83.8,0.0,-0.0,0.0,-3.85,0.69,339.0,102120.0
20130929:1700,17.76,86.7,0.0,-0.0,0.0,-1.7,1.45,356.0,102130.0
20130929:1800,17.71,86.7,0.0,-0.0,0.0,-10.25,1.52,43.0,102070.0
20130929:1900,17.56,83.7,0.0,-0.0,0.0,2.1,1.66,74.0,102080.0
20130929:2000,17.55,83.7,0.0,-0.0,0.0,14.9,1.31,63.0,102080.0
20130929:2100,18.0,80.9,104.15,564.82,51.35,-3.05,1.03,10.0,102120.0
20130929:2200,19.11,78.3,247.15,493.42,103.0,-3.05,0.83,319.0,102120.0
20130929:2300,19.55,70.65,369.05,537.5,116.85,-0.15,1.1,25.0,102130.0
20130930:0000,19.88,68.3,513.55,589.26,154.7,7.9,1.93,56.0,102100.0
20130930:0100,20.5,68.4,542.05,535.59,162.5,346.7,2.28,53.0,102070.0
20130930:0200,21.14,66.15,671.45,611.81,207.65,3.45,2.41,60.0,102090.0
20130930:0300,21.34,64.0,539.5,343.63,280.45,9.25,2.83,56.0,102010.0
20130930:0400,21.26,64.0,221.9,15.87,210.85,15.25,3.24,40.0,102010.0
20130930:0500,20.69,73.3,106.15,0.0,106.15,26.3,3.45,20.0,101960.0
20130930:0600,20.12,78.45,53.3,0.0,53.3,-2.1,3.59,2.0,101960.0
20130930:0700,20.19,78.45,18.4,6.94,16.6,3.25,3.86,352.0,101950.0
20130930:0800,20.01,81.15,0.7,0.0,0.7,-3.65,4.07,350.0,101930.0
20130930:0900,20.4,81.2,0.0,-0.0,0.0,4.25,4.0,350.0,101910.0
20130930:1000,19.84,83.95,0.0,-0.0,0.0,-0.75,4.21,332.0,101950.0
20130930:1100,20.13,86.85,0.0,-0.0,0.0,1.9,4.41,343.0,101940.0
20130930:1200,20.49,86.9,0.0,-0.0,0.0,0.35,4.48,349.0,101930.0
20130930:1300,20.33,86.9,0.0,-0.0,0.0,1.15,4.28,349.0,101910.0
20130930:1400,20.15,89.85,0.0,-0.0,0.0,1.9,4.0,348.0,101870.0
20130930:1500,20.24,89.9,0.0,-0.0,0.0,0.95,3.66,349.0,101800.0
20130930:1600,20.35,91.82,0.0,-0.0,0.0,17.09,3.43,345.0,101730.0
20130930:1700,20.13,91.68,0.0,-0.0,0.0,17.4,3.37,337.0,101680.0
20130930:1800,19.9,91.54,0.0,-0.0,0.0,17.7,3.31,327.0,101650.0
20130930:1900,19.68,91.4,0.0,-0.0,0.0,18.01,3.25,330.0,101640.0
20130930:2000,19.46,91.26,0.0,-0.0,0.0,18.32,3.19,324.0,101610.0
20130930:2100,19.23,91.12,18.6,0.0,18.6,18.63,3.13,324.0,101590.0
20130930:2200,19.01,90.99,80.1,27.17,72.25,18.93,3.07,290.0,101570.0
20130930:2300,18.78,90.85,126.4,20.29,116.95,19.24,3.0,300.0,101560.0
20081001:0000,18.56,90.71,39.1,0.0,39.1,19.55,2.94,353.0,101060.0
20081001:0100,18.33,90.57,77.3,0.14,77.2,19.85,2.88,348.0,101040.0
20081001:0200,18.11,90.43,53.0,0.0,53.0,20.16,2.82,341.0,101040.0
20081001:0300,17.88,90.29,103.05,0.0,103.05,20.47,2.76,347.0,100950.0
20081001:0400,17.66,90.16,143.7,11.65,135.7,20.78,2.7,344.0,100890.0
20081001:0500,17.43,90.02,282.0,309.89,102.5,21.08,2.64,347.0,100850.0
20081001:0600,17.21,89.88,286.2,474.36,82.3,21.39,2.58,356.0,100820.0
20081001:0700,16.99,89.74,101.35,248.77,39.5,21.7,2.51,12.0,100830.0
20081001:0800,18.22,83.75,2.25,0.0,2.25,3.65,1.52,19.0,100870.0
20081001:0900,18.33,83.75,0.0,-0.0,0.0,-0.95,1.52,349.0,100940.0
20081001:1000,17.99,80.9,0.0,-0.0,0.0,-4.6,2.21,326.0,101020.0
20081001:1100,18.29,75.45,0.0,-0.0,0.0,-4.8,3.1,327.0,101080.0
20081001:1200,18.2,75.45,0.0,-0.0,0.0,-5.4,3.03,324.0,101140.0
20081001:1300,17.9,78.1,0.0,-0.0,0.0,-3.85,2.97,323.0,101170.0
20081001:1400,17.06,78.1,0.0,-0.0,0.0,-5.6,3.17,323.0,101200.0
20081001:1500,16.25,77.95,0.0,-0.0,0.0,-2.7,3.38,323.0,101200.0
20081001:1600,15.97,77.95,0.0,-0.0,0.0,-1.7,3.66,323.0,101260.0
20081001:1700,15.15,77.8,0.0,-0.0,0.0,-0.95,4.0,326.0,101250.0
20081001:1800,15.16,80.6,0.0,-0.0,0.0,-0.35,4.28,330.0,101290.0
20081001:1900,15.0,80.6,0.0,-0.0,0.0,-0.15,4.21,333.0,101320.0
20081001:2000,14.9,83.45,0.0,-0.0,0.0,8.5,4.14,337.0,101410.0
20081001:2100,15.43,80.6,108.0,624.81,55.3,4.05,4.21,340.0,101470.0
20081001:2200,16.69,67.75,262.5,597.76,93.6,7.15,3.59,342.0,101550.0
20081001:2300,16.52,60.85,364.25,495.45,136.85,7.9,4.62,343.0,101600.0
20081002:0000,16.72,60.85,475.3,538.18,153.55,22.25,4.62,345.0,101640.0
20081002:0100,16.91,60.85,601.4,578.78,198.2,328.15,4.21,346.0,101620.0
20081002:0200,17.71,54.7,737.8,767.96,165.55,-12.55,4.0,346.0,101600.0
20081002:0300,18.52,51.15,633.3,649.59,152.55,-7.15,4.0,353.0,101560.0
20081002:0400,18.28,49.15,562.45,617.08,141.75,-9.05,4.21,356.0,101550.0
20081002:0500,18.41,52.9,487.4,698.84,86.15,12.15,4.21,6.0,101540.0
20081002:0600,18.2,54.85,284.2,476.29,81.95,-15.45,4.0,32.0,101560.0
20081002:0700,17.53,58.8,101.75,258.67,38.8,2.7,3.52,55.0,101600.0
20081002:0800,17.04,60.95,1.9,0.0,1.9,0.0,3.03,74.0,101660.0
20081002:0900,17.7,65.45,0.0,-0.0,0.0,-4.05,1.86,83.0,101750.0
20081002:1000,16.26,72.65,0.0,-0.0,0.0,16.05,1.52,69.0,101850.0
20081002:1100,16.2,75.25,0.0,-0.0,0.0,-14.5,1.59,56.0,101860.0
20081002:1200,16.04,77.95,0.0,-0.0,0.0,8.1,1.86,63.0,101900.0
20081002:1300,16.24,77.95,0.0,-0.0,0.0,-8.1,2.07,60.0,101900.0
20081002:1400,15.78,80.65,0.0,-0.0,0.0,0.75,1.93,54.0,101900.0
20081002:1500,15.41,83.5,0.0,-0.0,0.0,3.45,1.66,43.0,101920.0
20081002:1600,15.54,83.55,0.0,-0.0,0.0,7.7,1.1,52.0,101940.0
20081002:1700,14.48,89.5,0.0,-0.0,0.0,-2.1,0.62,114.0,101940.0
20081002:1800,13.9,95.95,0.0,-0.0,0.0,-1.5,0.34,200.0,101920.0
20081002:1900,13.94,89.5,0.0,-0.0,0.0,11.95,0.83,185.0,101940.0
20081002:2000,13.51,89.45,0.0,-0.0,0.0,-14.7,1.17,182.0,101940.0
20081002:2100,13.47,89.45,103.7,752.53,42.55,10.8,1.31,188.0,101970.0
20081002:2200,16.33,75.25,301.15,776.23,84.35,-1.15,0.97,216.0,102020.0
20081002:2300,16.33,65.25,475.8,824.15,100.4,-2.7,1.03,167.0,102020.0
20081003:0000,16.64,65.35,635.3,885.85,109.05,2.9,1.59,147.0,102030.0
20081003:0100,17.57,63.2,543.4,528.47,177.4,308.8,2.34,163.0,101980.0
20081003:0200,18.94,59.05,469.2,463.7,125.7,31.5,2.76,169.0,101870.0
20081003:0300,19.12,57.1,713.8,820.81,110.15,-9.65,2.97,148.0,101800.0
20081003:0400,19.69,57.2,613.5,752.43,104.2,-16.6,3.45,144.0,101730.0
20081003:0500,20.22,57.3,464.65,656.22,91.2,1.7,3.72,146.0,101670.0
20081003:0600,19.92,63.6,281.6,503.52,70.4,0.95,4.07,148.0,101680.0
20081003:0700,19.52,63.6,94.95,240.63,37.65,-2.7,4.07,147.0,101690.0
20081003:0800,18.78,68.05,1.6,0.0,1.6,-0.55,4.21,155.0,101690.0
20081003:0900,18.84,68.05,0.0,-0.0,0.0,1.15,4.21,166.0,101720.0
20081003:1000,17.12,75.4,0.0,-0.0,0.0,-3.85,3.79,172.0,101750.0
20081003:1100,17.05,72.8,0.0,-0.0,0.0,0.0,4.0,175.0,101750.0
20081003:1200,16.92,75.3,0.0,-0.0,0.0,-4.05,4.28,183.0,101750.0
20081003:1300,16.64,75.3,0.0,-0.0,0.0,-1.15,4.34,192.0,101710.0
20081003:1400,16.71,75.3,0.0,-0.0,0.0,-0.75,4.28,201.0,101640.0
20081003:1500,17.03,75.4,0.0,-0.0,0.0,-1.15,4.0,208.0,101630.0
20081003:1600,16.82,78.0,0.0,-0.0,0.0,-1.5,3.59,213.0,101580.0
20081003:1700,16.07,80.75,0.0,-0.0,0.0,-0.95,3.1,217.0,101560.0
20081003:1800,15.32,80.6,0.0,-0.0,0.0,-1.15,2.83,222.0,101510.0
20081003:1900,15.04,83.5,0.0,-0.0,0.0,4.6,2.62,226.0,101530.0
20081003:2000,14.4,86.4,0.0,-0.0,0.0,19.35,2.62,230.0,101520.0
20081003:2100,14.93,83.5,112.25,883.54,43.2,8.1,2.55,235.0,101530.0
20081003:2200,16.1,80.75,278.75,694.52,87.05,-21.05,2.14,239.0,101510.0
20081003:2300,16.16,77.95,432.5,667.17,130.95,24.75,1.93,237.0,101540.0
20081004:0000,16.79,78.0,642.7,935.37,90.6,-13.15,1.66,230.0,101540.0
20081004:0100,18.03,75.45,733.15,917.12,101.75,309.55,1.38,211.0,101510.0
20081004:0200,19.57,70.65,753.5,878.95,106.25,7.9,0.69,176.0,101450.0
20081004:0300,20.88,61.6,689.5,799.78,105.05,8.7,0.21,141.0,101400.0
20081004:0400,23.0,45.25,484.7,554.41,112.15,6.35,1.31,115.0,101360.0
20081004:0500,22.92,54.0,333.95,425.16,94.15,9.05,2.76,134.0,101310.0
20081004:0600,22.63,59.95,170.55,134.33,114.9,3.45,3.24,139.0,101300.0
20081004:0700,21.51,71.0,73.7,174.32,33.1,20.5,2.41,138.0,101330.0
20081004:0800,21.47,75.95,0.7,0.0,0.7,-7.7,1.86,143.0,101410.0
20081004:0900,21.79,78.65,0.0,-0.0,0.0,-6.55,1.45,154.0,101470.0
20081004:1000,19.94,81.1,0.0,-0.0,0.0,-14.3,1.52,200.0,101490.0
20081004:1100,20.17,78.45,0.0,-0.0,0.0,7.5,0.83,272.0,101490.0
20081004:1200,19.9,83.9,0.0,-0.0,0.0,-15.25,1.1,295.0,101570.0
20081004:1300,18.71,89.75,0.0,-0.0,0.0,3.85,1.45,310.0,101590.0
20081004:1400,17.78,96.05,0.0,-0.0,0.0,1.35,1.72,322.0,101600.0
20081004:1500,17.14,92.85,0.0,-0.0,0.0,-4.05,1.52,325.0,101610.0
20081004:1600,17.41,92.85,0.0,-0.0,0.0,-1.35,1.31,328.0,101630.0
20081004:1700,16.92,92.8,0.0,-0.0,0.0,-4.05,1.79,335.0,101650.0
20081004:1800,17.18,89.7,0.0,-0.0,0.0,-1.15,1.31,343.0,101670.0
20081004:1900,17.56,92.85,0.0,-0.0,0.0,-0.95,1.38,347.0,101700.0
20081004:2000,17.2,89.7,0.0,-0.0,0.0,1.7,1.38,347.0,101760.0
20081004:2100,17.32,89.7,85.95,314.57,62.35,-1.35,1.79,350.0,101780.0
20081004:2200,18.51,81.0,235.5,357.34,138.05,6.0,2.55,346.0,101810.0
20081004:2300,17.72,83.7,345.6,405.51,163.75,13.35,2.62,13.0,101860.0
20081005:0000,17.14,83.7,471.65,554.74,146.35,5.0,2.9,21.0,101880.0
20081005:0100,17.11,83.7,455.25,329.01,230.1,355.6,2.76,30.0,101850.0
20081005:0200,17.83,83.7,316.05,97.55,244.65,4.8,2.83,30.0,101810.0
20081005:0300,18.11,80.9,316.9,52.68,278.65,15.65,3.17,34.0,101800.0
20081005:0400,18.36,80.9,193.6,10.64,186.5,5.0,2.83,34.0,101760.0
20081005:0500,18.2,83.75,110.75,2.95,109.1,0.0,2.69,32.0,101710.0
20081005:0600,18.12,83.75,59.35,0.24,59.25,-3.05,2.28,33.0,101750.0
20081005:0700,18.42,80.9,21.65,0.0,21.65,3.65,1.79,34.0,101740.0
20081005:0800,18.57,83.8,0.3,0.0,0.3,-2.5,1.52,22.0,101760.0
20081005:0900,18.81,86.75,0.0,-0.0,0.0,-5.2,1.31,7.0,101730.0
20081005:1000,18.01,89.75,0.0,-0.0,0.0,-0.55,1.38,338.0,101810.0
20081005:1100,17.93,92.85,0.0,-0.0,0.0,6.15,1.31,340.0,101780.0
20081005:1200,18.08,89.75,0.0,-0.0,0.0,-0.75,1.1,313.0,101820.0
20081005:1300,17.74,89.7,0.0,-0.0,0.0,-1.35,0.83,303.0,101790.0
20081005:1400,17.27,89.7,0.0,-0.0,0.0,-1.9,0.62,300.0,101700.0
20081005:1500,16.86,92.8,0.0,-0.0,0.0,-0.75,0.76,325.0,101620.0
20081005:1600,16.88,92.8,0.0,-0.0,0.0,-3.45,0.97,316.0,101620.0
20081005:1700,15.82,92.75,0.0,-0.0,0.0,5.2,1.24,304.0,101600.0
20081005:1800,16.43,92.8,0.0,-0.0,0.0,3.65,1.24,333.0,101520.0
20081005:1900,16.25,92.8,0.0,-0.0,0.0,-4.25,1.38,3.0,101490.0
20081005:2000,16.21,92.8,0.0,-0.0,0.0,3.25,1.79,10.0,101430.0
20081005:2100,16.55,89.65,14.8,0.0,14.8,-2.5,1.66,14.0,101380.0
20081005:2200,16.42,92.8,14.6,0.56,14.45,2.5,2.14,358.0,101340.0
20081005:2300,16.19,89.65,30.45,0.11,30.4,11.0,2.48,48.0,101350.0
20081006:0000,16.25,89.65,33.2,3.95,30.9,0.55,1.93,58.0,101300.0
20081006:0100,16.19,92.8,107.65,5.66,103.8,392.6,1.93,109.0,101220.0
20081006:0200,16.89,89.65,207.85,25.77,189.1,-1.35,2.07,137.0,101130.0
20081006:0300,17.21,86.65,80.8,6.03,76.45,-3.05,1.72,125.0,101030.0
20081006:0400,16.55,89.65,136.5,30.51,116.3,0.15,1.31,33.0,100870.0
20081006:0500,16.63,89.65,92.05,14.89,83.8,-7.7,2.48,19.0,100760.0
20081006:0600,17.21,89.7,37.4,11.64,32.7,6.95,3.93,347.0,100740.0
20081006:0700,17.32,89.7,22.15,14.15,19.0,8.7,4.9,336.0,100720.0
20081006:0800,17.53,92.85,0.25,0.0,0.25,-5.6,4.97,332.0,100730.0
20081006:0900,17.75,92.85,0.0,-0.0,0.0,-1.7,4.62,326.0,100730.0
20081006:1000,17.18,86.65,0.0,-0.0,0.0,-12.75,4.48,329.0,100870.0
20081006:1100,16.93,89.65,0.0,-0.0,0.0,-21.05,3.93,326.0,100940.0
20081006:1200,17.02,86.65,0.0,-0.0,0.0,-3.85,3.31,326.0,100970.0
20081006:1300,16.84,86.6,0.0,-0.0,0.0,-18.35,3.1,325.0,100990.0
20081006:1400,16.68,86.6,0.0,-0.0,0.0,-3.85,2.48,314.0,101000.0
20081006:1500,15.52,92.75,0.0,-0.0,0.0,-3.65,1.66,303.0,101050.0
20081006:1600,15.06,92.75,0.0,-0.0,0.0,5.8,1.24,300.0,101090.0
20081006:1700,14.42,96.0,0.0,-0.0,0.0,-7.7,1.03,293.0,101110.0
20081006:1800,14.03,92.7,0.0,-0.0,0.0,-1.15,1.38,284.0,101150.0
20081006:1900,14.11,96.0,0.0,-0.0,0.0,23.0,1.59,279.0,101190.0
20081006:2000,14.2,96.0,0.0,-0.0,0.0,10.45,1.59,272.0,101270.0
20081006:2100,14.76,96.0,77.8,293.28,57.65,6.55,1.24,264.0,101350.0
20081006:2200,19.13,83.85,181.0,241.35,116.8,6.55,0.97,288.0,101450.0
20081006:2300,19.7,83.9,256.65,198.3,169.15,9.25,0.9,311.0,101530.0
20081007:0000,19.81,83.9,469.7,532.83,161.4,-2.3,1.45,338.0,101590.0
20081007:0100,20.52,75.85,583.25,638.21,151.85,367.25,2.41,358.0,101560.0
20081007:0200,21.04,70.9,507.8,487.52,155.3,-10.25,3.03,13.0,101560.0
20081007:0300,20.74,75.85,481.0,439.89,165.75,0.55,2.83,18.0,101580.0
20081007:0400,20.59,78.5,372.2,305.14,171.65,12.75,2.41,36.0,101610.0
20081007:0500,19.91,86.85,275.6,284.34,119.55,7.35,1.86,66.0,101590.0
20081007:0600,20.07,81.15,117.3,38.61,101.9,0.0,1.45,84.0,101620.0
20081007:0700,20.12,81.15,32.45,20.24,28.05,-5.4,1.24,88.0,101690.0
20081007:0800,19.93,83.9,0.25,0.0,0.25,-1.7,1.17,96.0,101710.0
20081007:0900,19.92,83.9,0.0,-0.0,0.0,-2.9,0.97,92.0,101780.0
20081007:1000,18.95,89.75,0.0,-0.0,0.0,-8.7,0.9,84.0,101830.0
20081007:1100,19.22,86.8,0.0,-0.0,0.0,8.7,1.03,100.0,101900.0
20081007:1200,19.17,83.85,0.0,-0.0,0.0,8.3,1.17,116.0,101920.0
20081007:1300,19.26,83.85,0.0,-0.0,0.0,3.65,0.97,129.0,101930.0
20081007:1400,18.95,86.75,0.0,-0.0,0.0,7.35,0.9,157.0,101890.0
20081007:1500,18.45,89.75,0.0,-0.0,0.0,-1.35,0.9,157.0,101930.0
20081007:1600,18.37,89.75,0.0,-0.0,0.0,-0.35,1.17,126.0,101880.0
20081007:1700,18.0,86.7,0.0,-0.0,0.0,-5.6,1.17,126.0,101910.0
20081007:1800,17.87,89.7,0.0,-0.0,0.0,3.25,0.48,189.0,101930.0
20081007:1900,17.66,89.7,0.0,-0.0,0.0,-4.05,0.14,328.0,101970.0
20081007:2000,17.62,89.7,0.0,-0.0,0.0,-1.35,0.48,35.0,102000.0
20081007:2100,17.58,92.85,11.8,0.0,11.8,-6.95,0.62,55.0,102050.0
20081007:2200,17.76,92.85,20.15,0.0,20.15,3.45,0.69,139.0,102070.0
20081007:2300,17.9,92.85,55.75,1.14,55.25,-1.35,0.97,119.0,102100.0
20081008:0000,17.99,83.75,53.4,0.0,53.4,0.15,1.66,120.0,102160.0
20081008:0100,17.84,89.7,75.15,24.71,58.55,374.0,1.59,126.0,102160.0
20081008:0200,18.48,83.8,113.45,0.0,113.45,0.15,2.21,120.0,102170.0
20081008:0300,18.28,89.75,279.8,56.82,239.35,14.5,2.55,119.0,102090.0
20081008:0400,19.04,86.8,175.6,87.0,118.85,-9.65,3.45,119.0,102080.0
20081008:0500,18.93,89.75,196.65,119.35,131.75,9.25,3.79,120.0,102090.0
20081008:0600,18.92,89.75,126.9,112.27,82.7,-23.4,3.59,127.0,102160.0
20081008:0700,19.0,83.85,29.5,30.38,23.05,-3.65,2.83,126.0,102220.0
20081008:0800,18.53,86.75,0.1,0.0,0.1,17.2,1.93,125.0,102280.0
20081008:0900,18.74,86.75,0.0,-0.0,0.0,-14.5,1.72,114.0,102350.0
20081008:1000,18.91,86.75,0.0,-0.0,0.0,-11.0,1.24,148.0,102400.0
20081008:1100,18.9,86.75,0.0,-0.0,0.0,-22.25,1.31,136.0,102460.0
20081008:1200,18.85,89.75,0.0,-0.0,0.0,11.6,1.59,131.0,102470.0
20081008:1300,18.41,89.75,0.0,-0.0,0.0,7.35,1.79,134.0,102510.0
20081008:1400,18.44,89.75,0.0,-0.0,0.0,1.9,1.45,137.0,102510.0
20081008:1500,18.25,86.7,0.0,-0.0,0.0,-0.95,1.86,128.0,102530.0
20081008:1600,18.39,86.7,0.0,-0.0,0.0,17.2,2.07,125.0,102510.0
20081008:1700,18.01,86.7,0.0,-0.0,0.0,-8.5,1.17,118.0,102510.0
20081008:1800,18.26,86.7,0.0,-0.0,0.0,0.55,0.97,104.0,102490.0
20081008:1900,18.29,89.75,0.0,-0.0,0.0,-5.0,1.24,88.0,102520.0
20081008:2000,18.11,89.75,0.0,-0.0,0.0,-13.7,1.1,59.0,102550.0
20081008:2100,18.25,92.85,63.9,459.85,35.25,7.7,0.9,27.0,102560.0
20081008:2200,18.96,89.75,194.65,413.01,87.6,6.0,1.24,15.0,102520.0
20081008:2300,18.94,83.8,329.8,460.77,129.85,10.6,1.66,62.0,102580.0
20081009:0000,19.09,81.05,425.0,470.4,156.55,-12.35,1.72,84.0,102590.0
20081009:0100,19.33,86.8,465.3,427.2,180.15,359.9,1.45,87.0,102550.0
20081009:0200,20.18,83.95,530.15,519.09,159.5,-3.25,1.1,84.0,102540.0
20081009:0300,20.48,83.95,408.25,380.17,139.4,-1.35,1.24,80.0,102440.0
20081009:0400,20.46,86.85,285.0,186.36,164.35,19.5,1.52,76.0,102380.0
20081009:0500,20.41,83.95,224.35,202.7,115.15,-8.5,1.59,70.0,102360.0
20081009:0600,20.73,81.2,201.6,334.78,71.5,9.45,1.59,64.0,102320.0
20081009:0700,20.78,78.5,60.25,132.44,32.8,-5.8,1.45,58.0,102340.0
20081009:0800,20.52,84.05,0.05,0.0,0.05,-14.7,0.97,55.0,102320.0
20081009:0900,20.61,86.9,0.0,-0.0,0.0,2.3,1.03,60.0,102360.0
20081009:1000,19.13,96.1,0.0,-0.0,0.0,-18.15,0.55,63.0,102350.0
20081009:1100,19.15,96.1,0.0,-0.0,0.0,3.65,0.14,292.0,102370.0
20081009:1200,19.45,96.1,0.0,-0.0,0.0,18.95,0.62,280.0,102340.0
20081009:1300,19.06,92.9,0.0,-0.0,0.0,14.7,0.62,283.0,102340.0
20081009:1400,18.67,92.85,0.0,-0.0,0.0,1.15,0.62,287.0,102310.0
20081009:1500,18.27,96.05,0.0,-0.0,0.0,8.1,0.97,285.0,102320.0
20081009:1600,18.31,92.85,0.0,-0.0,0.0,-2.3,0.69,282.0,102260.0
20081009:1700,17.62,96.05,0.0,-0.0,0.0,-0.75,0.9,288.0,102230.0
20081009:1800,17.25,92.85,0.0,-0.0,0.0,-5.8,0.83,285.0,102190.0
20081009:1900,16.98,89.7,0.0,-0.0,0.0,-9.45,0.62,280.0,102210.0
20081009:2000,16.95,86.65,0.0,-0.0,0.0,-1.15,1.03,284.0,102200.0
20081009:2100,17.04,89.7,67.7,417.3,43.05,-2.1,1.17,269.0,102190.0
20081009:2200,18.22,83.75,190.7,373.22,95.25,4.8,1.17,283.0,102190.0
20081009:2300,17.98,80.9,415.25,679.37,122.95,-5.4,1.1,274.0,102200.0
20081010:0000,19.43,75.65,505.35,494.54,225.1,-20.5,0.55,254.0,102200.0
20081010:0100,19.82,75.7,455.25,436.74,165.6,362.4,0.55,157.0,102120.0
20081010:0200,20.73,70.8,499.05,322.69,270.1,17.8,1.38,136.0,102050.0
20081010:0300,21.33,68.5,563.3,472.36,231.5,-4.45,2.14,132.0,101930.0
20081010:0400,21.62,71.0,488.85,503.45,165.4,-4.45,2.62,132.0,101860.0
20081010:0500,21.98,76.0,319.7,332.86,142.05,-2.9,3.03,133.0,101820.0
20081010:0600,21.45,81.3,146.05,189.28,73.45,-0.15,3.1,138.0,101800.0
20081010:0700,21.2,81.3,39.9,73.68,25.0,9.65,2.83,144.0,101760.0
20081010:0800,20.42,86.85,0.0,0.0,0.0,-11.6,2.34,152.0,101740.0
20081010:0900,20.29,89.85,0.0,-0.0,0.0,5.95,2.48,164.0,101730.0
20081010:1000,19.97,89.85,0.0,-0.0,0.0,-1.9,2.69,177.0,101700.0
20081010:1100,20.06,86.85,0.0,-0.0,0.0,-8.1,2.76,192.0,101680.0
20081010:1200,19.95,89.85,0.0,-0.0,0.0,0.55,3.03,196.0,101600.0
20081010:1300,19.79,86.85,0.0,-0.0,0.0,-1.15,3.38,199.0,101500.0
20081010:1400,19.51,86.85,0.0,-0.0,0.0,6.35,3.72,202.0,101420.0
20081010:1500,19.33,89.8,0.0,-0.0,0.0,-4.45,3.45,211.0,101310.0
20081010:1600,19.61,86.85,0.0,-0.0,0.0,-1.35,2.97,213.0,101240.0
20081010:1700,19.52,86.85,0.0,-0.0,0.0,3.25,2.83,215.0,101130.0
20081010:1800,19.58,86.85,0.0,-0.0,0.0,1.15,2.34,222.0,101040.0
20081010:1900,19.93,86.85,0.0,-0.0,0.0,20.1,2.0,227.0,101000.0
20081010:2000,19.46,86.8,0.0,-0.0,0.0,-8.1,1.86,239.0,100980.0
20081010:2100,19.33,86.8,41.85,159.45,32.95,-2.7,1.79,252.0,101000.0
20081010:2200,19.43,83.85,188.75,270.14,120.6,4.25,1.52,249.0,101040.0
20081010:2300,19.89,75.7,160.7,66.94,132.15,-18.15,1.52,257.0,101070.0
20081011:0000,19.81,73.15,304.95,229.63,175.75,14.9,1.79,260.0,101040.0
20081011:0100,20.04,70.7,303.7,79.83,251.1,370.5,2.34,260.0,100990.0
20081011:0200,20.26,70.7,379.45,113.41,299.5,2.7,3.17,270.0,100940.0
20081011:0300,21.26,66.15,298.65,124.84,211.55,-5.2,3.45,276.0,100870.0
20081011:0400,21.22,68.5,400.8,403.41,143.6,5.0,4.69,300.0,100840.0
20081011:0500,21.26,59.6,296.35,363.44,104.2,-15.05,3.93,306.0,100820.0
20081011:0600,21.01,57.55,240.3,450.31,69.85,-15.05,4.0,303.0,100880.0
20081011:0700,20.35,55.3,67.35,206.09,26.7,-26.9,4.55,301.0,100980.0
20081011:0800,19.31,53.15,0.0,-0.0,0.0,-8.9,4.83,299.0,101050.0
20081011:0900,18.16,52.9,0.0,-0.0,0.0,-10.25,5.24,296.0,101140.0
20081011:1000,16.76,52.65,0.0,-0.0,0.0,-3.05,4.97,289.0,101180.0
20081011:1100,16.67,56.6,0.0,-0.0,0.0,1.9,5.79,285.0,101190.0
20081011:1200,16.79,58.7,0.0,-0.0,0.0,11.2,6.34,290.0,101280.0
20081011:1300,16.36,60.75,0.0,-0.0,0.0,-16.6,6.62,299.0,101340.0
20081011:1400,15.64,62.85,0.0,-0.0,0.0,-14.3,6.83,307.0,101380.0
20081011:1500,14.99,58.35,0.0,-0.0,0.0,2.7,6.9,312.0,101450.0
20081011:1600,14.55,56.15,0.0,-0.0,0.0,-8.9,6.28,312.0,101440.0
20081011:1700,14.32,58.1,0.0,-0.0,0.0,0.15,5.59,312.0,101450.0
20081011:1800,13.94,58.1,0.0,-0.0,0.0,3.85,4.83,312.0,101490.0
20081011:1900,13.61,64.75,0.0,-0.0,0.0,-2.5,4.14,307.0,101530.0
20081011:2000,13.71,67.15,0.0,-0.0,0.0,-0.75,3.66,302.0,101570.0
20081011:2100,14.02,62.55,104.15,1207.51,40.7,0.15,2.97,293.0,101610.0
20081011:2200,15.95,54.45,296.65,911.24,69.95,1.9,3.24,285.0,101720.0
20081011:2300,16.02,50.6,477.35,923.91,86.75,3.05,3.1,295.0,101730.0
20081012:0000,16.64,50.75,617.8,932.06,97.15,3.65,3.79,308.0,101730.0
20081012:0100,17.74,47.3,703.95,919.13,102.3,283.6,3.79,311.0,101720.0
20081012:0200,18.63,44.2,708.3,825.03,130.45,4.05,3.66,311.0,101690.0
20081012:0300,19.6,42.85,652.7,712.21,159.2,20.1,3.45,309.0,101670.0
20081012:0400,19.76,42.85,492.35,424.25,223.95,-7.9,3.31,308.0,101630.0
20081012:0500,19.78,44.45,321.95,246.42,192.9,13.35,3.1,310.0,101590.0
20081012:0600,19.71,47.8,181.25,152.2,124.4,8.1,2.55,315.0,101610.0
20081012:0700,19.4,57.1,43.7,31.72,37.6,-8.7,1.38,321.0,101660.0
20081012:0800,18.77,65.65,0.0,-0.0,0.0,7.7,1.17,326.0,101730.0
20081012:0900,18.89,68.05,0.0,-0.0,0.0,1.7,0.83,325.0,101770.0
20081012:1000,17.02,72.8,0.0,-0.0,0.0,3.45,0.41,277.0,101810.0
20081012:1100,16.28,80.75,0.0,-0.0,0.0,-14.3,0.48,261.0,101830.0
20081012:1200,16.18,83.6,0.0,-0.0,0.0,-1.15,0.83,256.0,101870.0
20081012:1300,16.18,83.6,0.0,-0.0,0.0,-2.7,1.03,256.0,101860.0
20081012:1400,15.22,86.5,0.0,-0.0,0.0,-2.1,1.38,258.0,101810.0
20081012:1500,15.16,83.5,0.0,-0.0,0.0,2.1,1.52,255.0,101830.0
20081012:1600,15.33,83.5,0.0,-0.0,0.0,11.8,1.31,262.0,101810.0
20081012:1700,14.52,83.45,0.0,-0.0,0.0,-4.25,1.24,267.0,101790.0
20081012:1800,14.14,86.4,0.0,-0.0,0.0,0.15,1.31,272.0,101780.0
20081012:1900,14.06,86.4,0.0,-0.0,0.0,-6.95,1.45,279.0,101770.0
20081012:2000,13.81,89.45,0.0,-0.0,0.0,-12.95,1.45,283.0,101800.0
20081012:2100,13.7,89.45,98.2,1157.26,41.2,-7.15,1.31,277.0,101850.0
20081012:2200,15.48,80.65,288.95,906.59,66.6,-2.1,1.31,283.0,101870.0
20081012:2300,15.5,67.55,466.2,914.11,83.2,4.25,1.1,316.0,101920.0
20081013:0000,15.94,65.25,595.7,893.02,100.5,4.05,0.34,342.0,101940.0
20081013:0100,16.81,67.75,634.85,738.49,154.65,303.35,0.62,35.0,101850.0
20081013:0200,18.62,61.2,681.9,805.38,121.5,24.35,0.97,45.0,101810.0
20081013:0300,19.57,59.25,659.1,798.16,109.85,-14.5,1.24,56.0,101780.0
20081013:0400,20.05,59.35,547.2,710.63,101.1,0.95,1.66,61.0,101740.0
20081013:0500,20.23,63.7,408.5,616.11,88.9,4.05,2.14,73.0,101740.0
20081013:0600,20.13,63.7,235.15,464.53,63.95,-2.5,2.28,81.0,101770.0
20081013:0700,19.96,65.85,58.2,180.62,24.35,-8.9,1.86,88.0,101820.0
20081013:0800,18.98,73.05,0.0,-0.0,0.0,-0.95,1.03,98.0,101870.0
20081013:0900,18.44,80.9,0.0,-0.0,0.0,-2.7,0.9,120.0,101950.0
20081013:1000,16.65,86.6,0.0,-0.0,0.0,-0.95,1.24,148.0,101990.0
20081013:1100,16.7,86.6,0.0,-0.0,0.0,-0.75,1.03,175.0,102050.0
20081013:1200,17.0,83.7,0.0,-0.0,0.0,0.0,1.52,186.0,102100.0
20081013:1300,16.69,83.65,0.0,-0.0,0.0,0.35,1.79,193.0,102120.0
20081013:1400,16.63,83.65,0.0,-0.0,0.0,0.0,2.07,203.0,102150.0
20081013:1500,16.41,83.6,0.0,-0.0,0.0,0.35,2.14,208.0,102140.0
20081013:1600,16.3,83.6,0.0,-0.0,0.0,3.65,2.14,215.0,102150.0
20081013:1700,15.56,83.55,0.0,-0.0,0.0,-2.1,1.93,222.0,102140.0
20081013:1800,15.56,80.65,0.0,-0.0,0.0,-4.6,1.86,226.0,102150.0
20081013:1900,15.71,83.55,0.0,-0.0,0.0,4.6,1.79,227.0,102170.0
20081013:2000,15.5,83.55,0.0,-0.0,0.0,4.8,1.79,225.0,102200.0
20081013:2100,15.92,86.5,79.85,613.8,51.65,14.1,2.0,223.0,102250.0
20081013:2200,16.58,78.0,275.5,840.66,72.3,-7.7,1.93,228.0,102260.0
20081013:2300,16.61,72.7,451.45,885.4,83.85,-5.0,2.07,214.0,102280.0
20081014:0000,17.04,72.8,477.9,446.3,232.25,2.5,2.76,198.0,102290.0
20081014:0100,17.44,70.3,324.1,91.89,264.75,338.0,3.17,185.0,102260.0
20081014:0200,18.36,70.35,251.15,42.32,221.9,30.75,4.14,188.0,102170.0
20081014:0300,18.44,75.45,253.55,20.34,239.65,16.25,3.72,187.0,102120.0
20081014:0400,18.03,72.9,260.0,51.38,228.0,-3.45,3.52,174.0,102070.0
20081014:0500,17.93,80.85,153.05,12.75,146.5,-13.9,3.59,171.0,102010.0
20081014:0600,17.65,78.1,81.55,11.41,77.4,-4.8,3.72,175.0,101980.0
20081014:0700,17.8,75.4,18.75,3.01,18.2,-1.9,4.0,178.0,101980.0
20081014:0800,17.64,80.85,0.0,-0.0,0.0,1.35,3.93,183.0,102000.0
20081014:0900,17.4,80.85,0.0,-0.0,0.0,2.3,3.59,192.0,102050.0
20081014:1000,17.15,80.85,0.0,-0.0,0.0,4.45,3.17,201.0,102030.0
20081014:1100,17.09,80.85,0.0,-0.0,0.0,-5.2,3.03,202.0,102020.0
20081014:1200,17.02,83.7,0.0,-0.0,0.0,4.25,3.03,211.0,102030.0
20081014:1300,17.26,83.7,0.0,-0.0,0.0,-0.75,2.76,222.0,102020.0
20081014:1400,16.89,86.6,0.0,-0.0,0.0,-1.5,2.07,226.0,102000.0
20081014:1500,16.81,86.6,0.0,-0.0,0.0,-9.25,1.72,229.0,101970.0
20081014:1600,16.78,86.6,0.0,-0.0,0.0,-9.45,1.79,226.0,101970.0
20081014:1700,16.2,89.65,0.0,-0.0,0.0,4.6,1.52,230.0,101900.0
20081014:1800,15.95,89.65,0.0,-0.0,0.0,-5.8,1.17,260.0,101890.0
20081014:1900,15.68,92.75,0.0,-0.0,0.0,30.35,1.31,290.0,101830.0
20081014:2000,15.42,92.75,0.0,-0.0,0.0,1.7,1.59,308.0,101890.0
20081014:2100,15.36,92.75,32.5,34.03,31.05,-15.65,2.07,311.0,101910.0
20081014:2200,17.52,83.7,103.15,136.89,70.55,8.5,2.0,284.0,101910.0
20081014:2300,16.99,80.85,248.05,308.74,121.05,-6.95,1.72,292.0,101990.0
20081015:0000,16.53,83.65,408.15,482.25,144.7,-8.5,1.72,309.0,101980.0
20081015:0100,16.43,86.55,462.75,509.81,135.7,350.95,1.72,338.0,101970.0
20081015:0200,17.56,80.85,641.85,783.59,103.8,-2.1,2.14,356.0,101960.0
20081015:0300,18.53,72.95,572.8,648.23,132.9,-16.6,2.41,10.0,101870.0
20081015:0400,18.99,75.65,365.5,444.59,90.75,6.35,2.28,24.0,101840.0
20081015:0500,19.23,75.65,301.35,375.34,110.35,-4.05,2.14,19.0,101830.0
20081015:0600,19.36,78.3,191.2,377.17,55.9,3.25,2.41,25.0,101850.0
20081015:0700,18.9,78.25,42.55,131.36,19.2,4.05,2.76,34.0,101890.0
20081015:0800,18.48,78.25,0.0,-0.0,0.0,-4.25,3.45,26.0,102000.0
20081015:0900,18.39,80.9,0.0,-0.0,0.0,-10.05,3.31,23.0,102090.0
20081015:1000,17.53,83.7,0.0,-0.0,0.0,3.25,1.72,15.0,102130.0
20081015:1100,17.52,83.7,0.0,-0.0,0.0,-2.9,1.17,336.0,102190.0
20081015:1200,17.11,83.7,0.0,-0.0,0.0,-16.25,1.17,283.0,102210.0
20081015:1300,17.28,83.7,0.0,-0.0,0.0,-1.5,1.59,271.0,102220.0
20081015:1400,16.41,89.65,0.0,-0.0,0.0,-7.15,1.45,266.0,102250.0
20081015:1500,16.13,89.65,0.0,-0.0,0.0,-2.7,1.24,268.0,102260.0
20081015:1600,15.9,92.75,0.0,-0.0,0.0,-2.9,1.38,275.0,102280.0
20081015:1700,14.81,92.7,0.0,-0.0,0.0,-6.15,1.66,279.0,102270.0
20081015:1800,14.07,92.7,0.0,-0.0,0.0,-1.35,1.93,284.0,102270.0
20081015:1900,13.83,92.65,0.0,-0.0,0.0,16.8,2.48,283.0,102300.0
20081015:2000,13.18,92.65,0.0,-0.0,0.0,13.7,2.62,279.0,102370.0
20081015:2100,12.92,89.4,40.45,0.0,40.45,-7.9,2.55,274.0,102430.0
20081015:2200,14.67,83.45,246.1,691.11,84.0,-0.95,2.34,271.0,102430.0
20081015:2300,15.49,77.85,397.0,609.71,148.55,10.25,1.86,273.0,102540.0
20081016:0000,15.75,75.15,595.9,930.09,91.65,5.8,1.45,287.0,102560.0
20081016:0100,16.89,67.75,681.3,914.5,98.65,297.35,1.31,335.0,102540.0
20081016:0200,18.84,56.95,702.7,881.98,101.15,-1.7,1.79,11.0,102520.0
20081016:0300,19.75,51.4,651.2,820.94,98.0,2.9,2.07,28.0,102470.0
20081016:0400,20.01,51.5,508.3,628.82,122.75,1.7,2.21,43.0,102450.0
20081016:0500,19.84,57.2,331.1,473.92,92.25,29.0,2.07,58.0,102440.0
20081016:0600,19.8,59.25,167.35,277.64,69.1,-12.55,2.0,77.0,102430.0
20081016:0700,19.37,61.3,45.6,134.09,22.4,17.2,1.59,91.0,102470.0
20081016:0800,19.21,68.1,0.0,-0.0,0.0,-25.5,1.38,105.0,102520.0
20081016:0900,19.08,73.05,0.0,-0.0,0.0,-4.25,1.1,130.0,102580.0
20081016:1000,17.24,83.7,0.0,-0.0,0.0,1.9,1.1,187.0,102590.0
20081016:1100,17.48,86.65,0.0,-0.0,0.0,3.85,1.38,209.0,102640.0
20081016:1200,17.33,83.7,0.0,-0.0,0.0,-5.6,1.59,224.0,102670.0
20081016:1300,17.36,83.7,0.0,-0.0,0.0,-0.55,1.59,234.0,102670.0
20081016:1400,16.47,86.6,0.0,-0.0,0.0,4.8,1.52,244.0,102690.0
20081016:1500,16.02,89.65,0.0,-0.0,0.0,-3.05,1.45,253.0,102660.0
20081016:1600,15.82,92.75,0.0,-0.0,0.0,-5.0,1.38,258.0,102690.0
20081016:1700,15.38,92.75,0.0,-0.0,0.0,-1.15,1.31,257.0,102680.0
20081016:1800,15.2,92.75,0.0,-0.0,0.0,14.1,1.17,254.0,102680.0
20081016:1900,14.39,92.7,0.0,-0.0,0.0,0.15,0.83,252.0,102690.0
20081016:2000,13.69,92.65,0.0,-0.0,0.0,18.75,0.69,255.0,102720.0
20081016:2100,13.77,89.45,54.2,0.0,54.2,9.25,0.83,259.0,102720.0
20081016:2200,15.28,80.6,195.45,278.43,131.15,0.15,1.17,273.0,102740.0
20081016:2300,15.39,83.5,396.95,597.98,155.6,-11.4,0.9,286.0,102800.0
20081017:0000,16.43,67.65,544.45,724.83,154.5,-20.1,0.41,22.0,102800.0
20081017:0100,16.64,67.75,606.6,675.1,179.45,316.5,1.17,81.0,102760.0
20081017:0200,18.57,65.65,617.1,606.47,206.25,5.6,1.66,95.0,102750.0
20081017:0300,19.66,63.6,564.55,537.88,204.65,0.75,1.93,107.0,102680.0
20081017:0400,20.12,61.5,327.5,287.53,152.6,12.75,2.34,101.0,102630.0
20081017:0500,19.93,65.85,194.7,167.69,111.0,8.7,2.76,101.0,102590.0
20081017:0600,19.8,68.2,110.5,154.7,56.5,8.7,2.9,105.0,102580.0
20081017:0700,19.76,68.2,30.4,65.94,19.3,-12.35,2.34,110.0,102630.0
20081017:0800,19.27,75.65,0.0,-0.0,0.0,-1.9,1.66,133.0,102670.0
20081017:0900,19.31,75.65,0.0,-0.0,0.0,7.15,1.45,143.0,102700.0
20081017:1000,18.97,75.65,0.0,-0.0,0.0,9.05,1.45,169.0,102710.0
20081017:1100,18.8,78.25,0.0,-0.0,0.0,-16.45,1.31,178.0,102750.0
20081017:1200,19.2,75.65,0.0,-0.0,0.0,4.6,1.72,184.0,102770.0
20081017:1300,18.68,78.25,0.0,-0.0,0.0,-17.6,1.79,180.0,102780.0
20081017:1400,18.3,78.15,0.0,-0.0,0.0,-1.35,1.66,201.0,102710.0
20081017:1500,18.04,78.15,0.0,-0.0,0.0,-17.2,1.38,243.0,102710.0
20081017:1600,18.12,80.9,0.0,-0.0,0.0,-4.05,1.17,256.0,102690.0
20081017:1700,17.07,80.85,0.0,-0.0,0.0,-1.7,1.17,262.0,102690.0
20081017:1800,17.01,80.85,0.0,-0.0,0.0,4.8,0.69,271.0,102640.0
20081017:1900,17.04,80.85,0.0,-0.0,0.0,17.4,0.97,277.0,102680.0
20081017:2000,16.24,86.55,0.0,-0.0,0.0,8.7,1.45,286.0,102690.0
20081017:2100,15.99,89.65,42.35,0.0,42.35,5.6,1.86,288.0,102750.0
20081017:2200,15.25,86.5,191.55,341.18,114.0,10.45,2.34,299.0,102780.0
20081017:2300,15.0,86.5,411.35,694.63,133.7,-2.1,2.28,308.0,102860.0
20081018:0000,15.12,86.5,582.15,919.62,91.25,-1.5,2.48,331.0,102840.0
20081018:0100,15.59,83.55,642.8,842.58,113.4,304.9,2.28,351.0,102810.0
20081018:0200,17.28,78.1,647.45,784.59,119.55,9.45,2.34,10.0,102800.0
20081018:0300,18.37,80.9,614.3,724.98,132.65,2.3,2.41,28.0,102730.0
20081018:0400,18.86,78.25,528.85,700.53,106.1,17.6,2.55,35.0,102680.0
20081018:0500,19.08,75.65,345.1,500.6,97.65,-20.7,2.55,44.0,102660.0
20081018:0600,19.36,75.65,208.75,430.43,60.55,19.35,2.41,45.0,102670.0
20081018:0700,19.5,73.15,43.4,145.7,19.55,-20.7,2.0,41.0,102680.0
20081018:0800,19.26,81.05,0.0,-0.0,0.0,-3.05,1.38,34.0,102720.0
20081018:0900,18.63,86.75,0.0,-0.0,0.0,-3.65,1.31,22.0,102770.0
20081018:1000,17.46,86.65,0.0,-0.0,0.0,-1.7,1.52,0.0,102800.0
20081018:1100,17.65,86.65,0.0,-0.0,0.0,-1.35,1.59,351.0,102830.0
20081018:1200,17.59,89.7,0.0,-0.0,0.0,10.6,1.93,343.0,102850.0
20081018:1300,16.97,86.65,0.0,-0.0,0.0,14.3,1.24,315.0,102850.0
20081018:1400,16.01,89.65,0.0,-0.0,0.0,11.0,1.17,301.0,102820.0
20081018:1500,16.13,89.65,0.0,-0.0,0.0,-6.95,1.45,296.0,102800.0
20081018:1600,16.51,89.65,0.0,-0.0,0.0,10.45,1.72,299.0,102790.0
20081018:1700,15.83,92.75,0.0,-0.0,0.0,6.55,1.66,297.0,102780.0
20081018:1800,15.58,92.75,0.0,-0.0,0.0,12.35,1.72,304.0,102770.0
20081018:1900,15.69,92.75,0.0,-0.0,0.0,-15.25,2.14,309.0,102770.0
20081018:2000,15.25,96.0,0.0,-0.0,0.0,10.45,2.41,318.0,102780.0
20081018:2100,15.42,96.0,33.35,0.0,33.35,12.35,2.55,324.0,102780.0
20081018:2200,16.06,83.6,148.3,160.07,112.5,-1.15,2.83,330.0,102770.0
20081018:2300,15.88,83.55,218.45,246.6,120.85,0.35,3.03,339.0,102730.0
20081019:0000,16.3,83.6,423.25,504.9,155.85,-7.35,3.24,356.0,102720.0
20081019:0100,17.08,80.85,443.75,531.43,112.2,348.45,2.97,26.0,102650.0
20081019:0200,18.93,75.55,524.6,517.86,178.55,7.35,3.03,50.0,102630.0
20081019:0300,19.75,68.2,410.55,403.48,144.4,-10.8,3.24,57.0,102530.0
20081019:0400,20.08,68.3,420.9,484.49,130.85,8.5,3.31,61.0,102460.0
20081019:0500,20.24,68.3,224.45,206.43,123.4,-20.1,3.31,67.0,102380.0
20081019:0600,19.96,70.65,108.55,97.47,75.45,11.8,3.1,66.0,102380.0
20081019:0700,20.09,68.3,25.8,64.1,15.6,17.95,2.55,51.0,102330.0
20081019:0800,19.37,75.65,0.0,-0.0,0.0,-4.6,2.28,41.0,102320.0
20081019:0900,19.58,73.15,0.0,-0.0,0.0,-13.5,2.34,36.0,102310.0
20081019:1000,18.11,80.9,0.0,-0.0,0.0,-11.4,1.93,11.0,102330.0
20081019:1100,18.48,78.25,0.0,-0.0,0.0,5.8,2.14,15.0,102250.0
20081019:1200,18.83,78.25,0.0,-0.0,0.0,6.55,2.07,15.0,102250.0
20081019:1300,18.63,75.55,0.0,-0.0,0.0,3.25,2.28,12.0,102190.0
20081019:1400,18.08,78.15,0.0,-0.0,0.0,7.5,2.28,17.0,102120.0
20081019:1500,17.57,80.85,0.0,-0.0,0.0,-29.8,2.14,27.0,102060.0
20081019:1600,17.51,80.85,0.0,-0.0,0.0,14.9,2.34,28.0,102000.0
20081019:1700,16.8,83.65,0.0,-0.0,0.0,5.8,2.28,30.0,101950.0
20081019:1800,16.72,86.6,0.0,-0.0,0.0,0.15,2.55,27.0,101920.0
20081019:1900,16.92,86.6,0.0,-0.0,0.0,22.6,2.76,35.0,101880.0
20081019:2000,16.59,86.6,0.0,-0.0,0.0,-19.15,3.03,32.0,101840.0
20081019:2100,16.79,86.6,30.85,0.0,30.85,-3.65,3.03,26.0,101820.0
20081019:2200,17.84,80.85,171.4,407.55,81.75,5.0,2.28,344.0,101800.0
20081019:2300,17.73,75.4,269.55,471.74,84.7,-14.1,3.1,351.0,101830.0
20081020:0000,16.97,80.85,385.45,491.72,127.1,15.45,4.28,2.0,101830.0
20081020:0100,16.85,86.6,550.85,661.07,141.35,341.9,4.9,7.0,101780.0
20081020:0200,17.97,80.9,443.45,443.77,148.95,3.25,5.24,15.0,101710.0
20081020:0300,18.1,80.9,405.25,421.35,129.3,6.55,5.38,22.0,101640.0
20081020:0400,18.16,80.9,399.4,471.79,119.2,-7.35,5.38,32.0,101550.0
20081020:0500,17.93,83.7,235.8,308.19,86.4,-8.3,4.83,36.0,101560.0
20081020:0600,17.72,83.7,95.65,116.89,56.5,4.6,4.34,31.0,101580.0
20081020:0700,17.82,78.1,23.85,43.01,17.2,15.45,3.52,27.0,101600.0
20081020:0800,18.0,78.15,0.0,-0.0,0.0,-7.7,2.48,19.0,101630.0
20081020:0900,18.11,78.15,0.0,-0.0,0.0,-19.35,2.07,4.0,101670.0
20081020:1000,16.58,83.65,0.0,-0.0,0.0,3.25,1.93,346.0,101700.0
20081020:1100,16.79,86.6,0.0,-0.0,0.0,2.5,2.14,350.0,101710.0
20081020:1200,16.84,83.65,0.0,-0.0,0.0,-12.95,2.07,351.0,101740.0
20081020:1300,16.73,83.65,0.0,-0.0,0.0,0.55,1.86,343.0,101720.0
20081020:1400,15.78,86.5,0.0,-0.0,0.0,-0.95,1.59,335.0,101710.0
20081020:1500,15.79,89.6,0.0,-0.0,0.0,4.6,1.66,327.0,101740.0
20081020:1600,16.05,86.55,0.0,-0.0,0.0,-9.45,1.93,314.0,101760.0
20081020:1700,15.37,92.75,0.0,-0.0,0.0,-13.35,1.86,293.0,101800.0
20081020:1800,14.44,92.7,0.0,-0.0,0.0,10.25,1.38,282.0,101810.0
20081020:1900,13.91,95.95,0.0,-0.0,0.0,-4.05,1.24,276.0,101810.0
20081020:2000,12.95,92.65,0.0,-0.0,0.0,-3.25,1.45,271.0,101890.0
20081020:2100,12.95,92.65,30.95,0.0,30.95,-3.85,1.79,267.0,101930.0
20081020:2200,15.67,80.65,245.05,811.46,69.55,13.5,1.93,270.0,101970.0
20081020:2300,15.87,77.85,409.55,808.22,96.05,-16.05,1.59,274.0,102020.0
20081021:0000,16.44,75.25,545.35,848.75,103.0,6.95,1.45,311.0,102080.0
20081021:0100,17.22,67.85,615.4,796.81,125.35,304.35,1.93,352.0,102070.0
20081021:0200,18.94,61.2,669.35,862.49,100.95,1.35,2.14,10.0,102030.0
20081021:0300,19.81,55.2,601.2,718.08,134.3,1.15,2.14,19.0,101970.0
20081021:0400,19.91,57.2,485.65,606.79,128.15,11.95,2.14,31.0,101930.0
20081021:0500,19.97,61.4,185.0,150.5,112.75,13.5,2.0,61.0,101940.0
20081021:0600,19.65,68.2,118.15,135.63,73.35,30.75,1.59,87.0,102000.0
20081021:0700,19.6,68.2,28.7,82.25,16.35,-9.25,1.52,115.0,102050.0
20081021:0800,19.24,73.05,0.0,-0.0,0.0,-24.75,1.59,141.0,102050.0
20081021:0900,19.31,75.65,0.0,-0.0,0.0,-3.05,1.72,162.0,102140.0
20081021:1000,17.79,83.7,0.0,-0.0,0.0,-10.45,1.24,191.0,102180.0
20081021:1100,17.49,83.7,0.0,-0.0,0.0,-6.0,1.79,220.0,102220.0
20081021:1200,17.51,83.7,0.0,-0.0,0.0,-0.95,1.31,240.0,102230.0
20081021:1300,17.09,83.7,0.0,-0.0,0.0,-0.95,1.03,258.0,102260.0
20081021:1400,16.46,86.6,0.0,-0.0,0.0,7.15,0.9,267.0,102280.0
20081021:1500,15.8,92.75,0.0,-0.0,0.0,0.75,1.17,296.0,102270.0
20081021:1600,15.7,92.75,0.0,-0.0,0.0,-2.3,0.9,310.0,102310.0
20081021:1700,15.03,89.55,0.0,-0.0,0.0,-1.15,1.52,318.0,102310.0
20081021:1800,14.6,89.5,0.0,-0.0,0.0,15.65,1.86,322.0,102310.0
20081021:1900,14.88,92.7,0.0,-0.0,0.0,24.95,1.79,331.0,102340.0
20081021:2000,14.46,89.5,0.0,-0.0,0.0,0.0,1.66,339.0,102370.0
20081021:2100,14.91,92.7,35.05,0.0,35.05,-0.15,1.38,330.0,102440.0
20081021:2200,14.97,83.5,168.65,312.37,102.25,7.5,2.28,311.0,102440.0
20081021:2300,14.52,80.55,303.15,369.09,161.45,-15.05,1.86,329.0,102500.0
20081022:0000,14.73,83.45,413.85,501.31,154.7,-15.45,1.72,355.0,102510.0
20081022:0100,15.25,83.5,433.2,346.15,221.85,344.8,1.79,13.0,102480.0
20081022:0200,16.66,78.0,408.3,301.02,211.3,20.5,1.93,23.0,102470.0
20081022:0300,17.68,75.4,360.65,242.44,204.15,0.55,2.48,33.0,102400.0
20081022:0400,17.47,78.1,261.85,137.48,181.5,-0.75,3.17,41.0,102400.0
20081022:0500,17.32,80.85,197.85,82.77,158.5,4.25,3.17,50.0,102380.0
20081022:0600,17.3,78.1,144.65,176.51,87.15,-12.15,2.62,58.0,102420.0
20081022:0700,17.39,72.8,28.75,81.63,16.85,-24.75,1.79,62.0,102440.0
20081022:0800,17.75,78.1,0.0,-0.0,0.0,-13.15,0.83,62.0,102470.0
20081022:0900,18.56,72.95,0.0,-0.0,0.0,-6.55,1.03,53.0,102520.0
20081022:1000,16.32,72.65,0.0,-0.0,0.0,10.6,0.69,27.0,102530.0
20081022:1100,16.5,70.2,0.0,-0.0,0.0,10.45,0.69,29.0,102570.0
20081022:1200,16.36,72.65,0.0,-0.0,0.0,-2.1,1.03,23.0,102600.0
20081022:1300,15.91,75.15,0.0,-0.0,0.0,17.0,0.9,20.0,102600.0
20081022:1400,15.51,75.15,0.0,-0.0,0.0,9.25,1.03,22.0,102590.0
20081022:1500,15.96,77.95,0.0,-0.0,0.0,-3.05,0.9,17.0,102570.0
20081022:1600,16.07,80.75,0.0,-0.0,0.0,-6.35,0.83,18.0,102550.0
20081022:1700,16.3,80.75,0.0,-0.0,0.0,2.7,0.76,17.0,102550.0
20081022:1800,16.25,80.75,0.0,-0.0,0.0,-2.3,0.83,358.0,102540.0
20081022:1900,16.2,83.6,0.0,-0.0,0.0,8.1,0.76,321.0,102580.0
20081022:2000,16.17,83.6,0.0,-0.0,0.0,-7.5,0.62,38.0,102570.0
20081022:2100,16.43,86.55,21.85,0.0,21.85,13.35,0.62,108.0,102590.0
20081022:2200,16.5,83.65,75.4,2.87,74.8,1.7,0.28,354.0,102630.0
20081022:2300,16.31,86.55,211.35,100.68,173.1,1.5,0.41,49.0,102710.0
20081023:0000,16.84,80.8,285.9,188.8,189.1,-3.45,0.55,70.0,102740.0
20081023:0100,16.99,78.1,442.5,363.78,222.0,358.7,2.07,109.0,102680.0
20081023:0200,17.88,75.4,442.1,388.48,189.65,1.15,3.24,116.0,102640.0
20081023:0300,18.35,72.9,325.15,231.25,176.95,-14.1,3.31,122.0,102600.0
20081023:0400,18.16,72.9,256.4,235.95,119.6,19.5,3.31,128.0,102540.0
20081023:0500,18.6,75.55,253.1,379.27,74.55,-10.6,3.86,134.0,102520.0
20081023:0600,18.91,75.55,104.4,119.99,65.85,-7.15,3.52,140.0,102530.0
20081023:0700,18.83,72.95,20.75,58.32,12.5,15.25,3.86,145.0,102520.0
20081023:0800,18.49,72.95,0.0,-0.0,0.0,-9.65,4.0,150.0,102540.0
20081023:0900,18.45,75.45,0.0,-0.0,0.0,-16.25,4.14,156.0,102550.0
20081023:1000,18.35,78.15,0.0,-0.0,0.0,-2.7,4.34,150.0,102500.0
20081023:1100,18.49,72.95,0.0,-0.0,0.0,7.5,4.07,151.0,102510.0
20081023:1200,18.8,72.95,0.0,-0.0,0.0,7.35,4.55,154.0,102450.0
20081023:1300,18.87,72.95,0.0,-0.0,0.0,11.0,4.9,158.0,102340.0
20081023:1400,18.45,78.15,0.0,-0.0,0.0,17.4,5.03,164.0,102320.0
20081023:1500,18.34,80.9,0.0,-0.0,0.0,5.2,4.62,167.0,102290.0
20081023:1600,17.96,86.65,0.0,-0.0,0.0,4.6,4.28,163.0,102260.0
20081023:1700,17.34,89.7,0.0,-0.0,0.0,-7.15,4.48,152.0,102210.0
20081023:1800,17.53,92.85,0.0,-0.0,0.0,-4.25,4.48,146.0,102110.0
20081023:1900,17.81,92.85,0.0,-0.0,0.0,14.5,4.83,150.0,102080.0
20081023:2000,18.48,89.75,0.0,-0.0,0.0,2.7,5.72,160.0,102040.0
20081023:2100,18.37,89.75,17.05,0.0,17.05,0.0,5.86,168.0,101980.0
20081023:2200,18.39,96.05,39.7,3.17,39.05,-12.75,5.45,161.0,101940.0
20081023:2300,18.19,96.05,53.85,0.0,53.85,6.0,6.34,161.0,101950.0
20081024:0000,18.59,92.85,32.8,0.0,32.8,10.6,6.07,166.0,101900.0
20081024:0100,18.73,92.85,39.5,1.75,38.45,403.05,5.59,169.0,101860.0
20081024:0200,19.12,89.8,35.0,0.0,35.0,-0.15,4.76,162.0,101760.0
20081024:0300,19.59,89.85,46.1,1.18,45.35,0.0,4.62,166.0,101610.0
20081024:0400,19.6,89.85,16.7,0.0,16.7,-0.15,4.9,184.0,101520.0
20081024:0500,19.52,89.85,10.65,0.0,10.65,1.5,4.69,191.0,101490.0
20081024:0600,19.56,89.85,9.2,0.0,9.2,-0.15,5.24,182.0,101440.0
20081024:0700,19.43,92.9,3.0,0.73,2.9,4.6,5.17,178.0,101420.0
20081024:0800,19.74,92.9,0.0,-0.0,0.0,0.0,4.62,180.0,101380.0
20081024:0900,19.95,96.1,0.0,-0.0,0.0,0.55,4.14,187.0,101370.0
20081024:1000,20.38,92.95,0.0,-0.0,0.0,0.15,1.93,218.0,101410.0
20081024:1100,20.25,92.95,0.0,-0.0,0.0,-2.3,1.66,242.0,101360.0
20081024:1200,20.09,92.95,0.0,-0.0,0.0,-7.9,1.79,281.0,101320.0
20081024:1300,19.71,92.9,0.0,-0.0,0.0,-21.45,2.48,276.0,101370.0
20081024:1400,19.31,86.8,0.0,-0.0,0.0,-9.25,2.41,263.0,101360.0
20081024:1500,18.43,86.7,0.0,-0.0,0.0,-11.2,2.55,266.0,101360.0
20081024:1600,18.38,80.9,0.0,-0.0,0.0,-14.9,2.76,276.0,101390.0
20081024:1700,18.4,75.45,0.0,-0.0,0.0,5.2,2.76,288.0,101420.0
20081024:1800,18.22,75.45,0.0,-0.0,0.0,-1.15,3.31,305.0,101450.0
20081024:1900,18.2,75.45,0.0,-0.0,0.0,28.05,3.59,309.0,101540.0
20081024:2000,17.56,75.4,0.0,-0.0,0.0,-24.75,4.0,313.0,101630.0
20081024:2100,17.05,72.8,24.05,0.0,24.05,-5.8,4.07,317.0,101710.0
20081024:2200,17.99,70.35,157.45,491.19,58.55,-14.3,3.52,328.0,101660.0
20081024:2300,17.88,75.4,315.85,574.74,102.1,-2.7,3.45,334.0,101780.0
20081025:0000,18.19,70.35,449.55,620.18,136.85,-8.7,3.17,345.0,101810.0
20081025:0100,18.32,70.35,508.85,629.2,133.05,326.8,3.24,334.0,101830.0
20081025:0200,18.76,63.4,496.75,559.53,138.25,10.25,2.9,334.0,101810.0
20081025:0300,19.32,61.3,445.9,510.45,123.5,-6.15,2.21,356.0,101770.0
20081025:0400,19.83,59.25,378.3,423.64,136.6,2.7,1.52,2.0,101720.0
20081025:0500,20.21,57.3,197.6,156.17,125.5,-5.2,1.66,49.0,101750.0
20081025:0600,19.61,63.6,45.1,5.44,43.4,18.35,2.0,80.0,101740.0
20081025:0700,19.34,65.75,11.1,2.63,10.75,31.15,2.69,92.0,101760.0
20081025:0800,19.13,70.55,0.0,-0.0,0.0,-11.8,2.28,107.0,101780.0
20081025:0900,19.22,73.05,0.0,-0.0,0.0,1.5,2.28,125.0,101840.0
20081025:1000,17.33,78.1,0.0,-0.0,0.0,3.05,1.59,136.0,101870.0
20081025:1100,17.55,78.1,0.0,-0.0,0.0,3.25,1.45,147.0,101900.0
20081025:1200,17.43,78.1,0.0,-0.0,0.0,1.9,1.86,151.0,101800.0
20081025:1300,17.49,78.1,0.0,-0.0,0.0,4.45,2.14,158.0,101750.0
20081025:1400,17.14,78.1,0.0,-0.0,0.0,0.0,2.28,177.0,101720.0
20081025:1500,16.7,83.65,0.0,-0.0,0.0,2.7,2.55,186.0,101620.0
20081025:1600,16.66,83.65,0.0,-0.0,0.0,-6.95,2.41,197.0,101570.0
20081025:1700,16.79,86.6,0.0,-0.0,0.0,-2.7,2.28,208.0,101530.0
20081025:1800,16.91,86.6,0.0,-0.0,0.0,-5.4,2.21,220.0,101440.0
20081025:1900,17.1,83.7,0.0,-0.0,0.0,5.6,2.14,220.0,101410.0
20081025:2000,16.98,83.7,0.0,-0.0,0.0,0.35,1.86,228.0,101360.0
20081025:2100,17.09,83.7,18.6,0.0,18.6,-14.7,1.52,239.0,101340.0
20081025:2200,17.3,83.7,74.95,2.78,74.4,5.2,1.59,235.0,101240.0
20081025:2300,17.33,80.85,127.6,5.84,125.45,-0.15,1.59,242.0,101290.0
20081026:0000,17.61,80.85,184.15,13.3,177.5,0.95,1.52,231.0,101240.0
20081026:0100,17.82,80.85,223.2,17.54,212.8,362.2,1.86,228.0,101180.0
20081026:0200,18.35,80.9,326.4,83.39,273.35,-0.35,2.07,229.0,101130.0
20081026:0300,19.34,68.1,299.35,68.98,256.1,-0.55,2.0,221.0,100990.0
20081026:0400,19.6,63.6,262.8,64.31,226.4,-1.5,1.79,219.0,100860.0
20081026:0500,20.43,59.35,195.45,103.02,148.35,-2.9,1.59,220.0,100850.0
20081026:0600,20.67,55.45,73.05,4.06,71.8,-2.9,1.24,217.0,100840.0
20081026:0700,20.81,48.05,12.75,0.0,12.75,-1.15,1.1,248.0,100840.0
20081026:0800,20.01,51.5,0.0,-0.0,0.0,-4.25,1.86,265.0,100870.0
20081026:0900,19.53,55.2,0.0,-0.0,0.0,-10.25,1.93,275.0,100920.0
20081026:1000,18.44,61.05,0.0,-0.0,0.0,2.7,1.45,289.0,100940.0
20081026:1100,18.08,58.9,0.0,-0.0,0.0,-0.75,1.66,277.0,100900.0
20081026:1200,17.71,63.2,0.0,-0.0,0.0,3.85,1.38,296.0,100870.0
20081026:1300,17.2,63.2,0.0,-0.0,0.0,-6.95,2.55,303.0,100940.0
20081026:1400,17.65,63.2,0.0,-0.0,0.0,6.35,3.1,287.0,100910.0
20081026:1500,17.25,58.8,0.0,-0.0,0.0,10.25,2.62,254.0,100890.0
20081026:1600,17.15,58.8,0.0,-0.0,0.0,-14.9,2.0,265.0,100910.0
20081026:1700,16.2,60.75,0.0,-0.0,0.0,-14.9,2.48,313.0,100930.0
20081026:1800,15.99,60.75,0.0,-0.0,0.0,-5.8,3.31,331.0,101000.0
20081026:1900,15.9,62.85,0.0,-0.0,0.0,-9.25,3.03,337.0,101050.0
20081026:2000,15.12,62.75,0.0,-0.0,0.0,8.9,2.41,333.0,101080.0
20081026:2100,14.94,60.5,24.55,0.0,24.55,-16.25,2.07,330.0,101130.0
20081026:2200,15.49,67.55,223.05,824.02,63.35,-11.4,2.0,14.0,101150.0
20081026:2300,15.02,67.45,399.7,866.71,84.35,-3.05,2.14,19.0,101280.0
20081027:0000,15.14,69.9,495.75,794.24,102.05,-1.5,1.52,26.0,101270.0
20081027:0100,15.22,69.9,549.3,666.54,157.1,289.25,0.83,60.0,101230.0
20081027:0200,16.45,60.85,570.7,675.14,144.25,16.05,0.28,286.0,101180.0
20081027:0300,17.09,54.7,472.1,472.73,177.85,-6.0,1.45,307.0,101120.0
20081027:0400,17.05,52.75,409.75,483.31,138.4,24.35,2.41,297.0,101050.0
20081027:0500,17.11,52.75,291.55,433.31,95.35,4.05,1.72,298.0,101030.0
20081027:0600,17.48,52.75,139.45,270.48,57.25,-14.7,1.03,305.0,101040.0
20081027:0700,17.06,54.7,17.95,60.04,10.45,4.8,0.41,352.0,101050.0
20081027:0800,16.8,65.35,0.0,-0.0,0.0,-19.35,0.41,4.0,101090.0
20081027:0900,15.51,70.0,0.0,-0.0,0.0,27.85,0.62,215.0,101150.0
20081027:1000,15.64,62.85,0.0,-0.0,0.0,-5.0,0.83,223.0,101160.0
20081027:1100,15.71,67.55,0.0,-0.0,0.0,-10.05,1.24,216.0,101120.0
20081027:1200,15.61,70.0,0.0,-0.0,0.0,1.9,1.31,244.0,101120.0
20081027:1300,15.58,67.55,0.0,-0.0,0.0,6.35,1.03,248.0,101110.0
20081027:1400,14.97,67.45,0.0,-0.0,0.0,-14.3,1.1,252.0,101060.0
20081027:1500,14.42,72.3,0.0,-0.0,0.0,-7.5,1.03,270.0,101070.0
20081027:1600,14.36,69.75,0.0,-0.0,0.0,6.15,0.83,275.0,101050.0
20081027:1700,14.04,72.3,0.0,-0.0,0.0,-10.25,1.1,270.0,101000.0
20081027:1800,13.63,72.2,0.0,-0.0,0.0,-7.7,0.9,270.0,101020.0
20081027:1900,13.61,72.2,0.0,-0.0,0.0,2.7,0.9,274.0,101030.0
20081027:2000,13.4,72.1,0.0,-0.0,0.0,-8.1,0.9,277.0,101110.0
20081027:2100,13.36,74.75,0.0,-0.0,0.0,-2.3,1.1,280.0,101120.0
20081027:2200,14.35,74.95,226.55,856.75,63.75,5.0,1.59,291.0,101180.0
20081027:2300,14.13,64.85,401.25,877.55,85.5,-1.7,1.24,301.0,101230.0
20081028:0000,14.47,64.95,509.6,833.07,100.2,3.05,1.59,333.0,101250.0
20081028:0100,15.02,65.05,554.55,663.1,167.3,293.1,1.79,345.0,101200.0
20081028:0200,15.79,58.45,322.05,190.71,202.45,16.8,1.79,344.0,101180.0
20081028:0300,16.2,58.6,396.75,361.78,173.2,39.85,2.34,328.0,101130.0
20081028:0400,15.78,62.85,338.55,397.42,117.2,-26.9,2.41,325.0,101100.0
20081028:0500,16.05,62.95,246.65,342.86,92.9,9.45,1.79,330.0,101030.0
20081028:0600,16.07,60.75,142.1,315.28,47.6,-8.3,1.1,329.0,101060.0
20081028:0700,16.19,58.6,18.65,67.78,10.45,-17.2,0.83,306.0,101060.0
20081028:0800,16.28,60.75,0.0,-0.0,0.0,1.9,0.69,271.0,101100.0
20081028:0900,15.84,62.85,0.0,-0.0,0.0,13.5,0.9,228.0,101160.0
20081028:1000,15.26,67.45,0.0,-0.0,0.0,-15.65,1.24,206.0,101130.0
20081028:1100,14.98,72.45,0.0,-0.0,0.0,-5.95,1.52,209.0,101070.0
20081028:1200,15.25,77.8,0.0,-0.0,0.0,-6.55,2.28,215.0,101120.0
20081028:1300,14.39,80.45,0.0,-0.0,0.0,-0.75,2.97,215.0,101070.0
20081028:1400,13.98,77.65,0.0,-0.0,0.0,13.35,3.72,212.0,101020.0
20081028:1500,13.45,77.6,0.0,-0.0,0.0,-9.45,4.14,210.0,100940.0
20081028:1600,13.31,83.25,0.0,-0.0,0.0,1.9,4.21,214.0,100910.0
20081028:1700,12.89,86.25,0.0,-0.0,0.0,-4.45,4.0,217.0,100860.0
20081028:1800,13.23,80.35,0.0,-0.0,0.0,10.6,3.86,220.0,100820.0
20081028:1900,13.26,83.25,0.0,-0.0,0.0,10.6,3.72,221.0,100810.0
20081028:2000,13.55,80.4,0.0,-0.0,0.0,-5.8,3.31,223.0,100800.0
20081028:2100,13.89,80.4,0.0,-0.0,0.0,-0.35,2.97,230.0,100820.0
20081028:2200,15.66,70.0,136.6,200.83,99.2,-6.35,2.62,229.0,100790.0
20081028:2300,15.69,62.85,307.55,411.65,161.1,12.15,2.97,246.0,100870.0
20081029:0000,16.05,56.5,388.95,367.52,209.9,-3.85,4.34,275.0,100930.0
20081029:0100,15.91,60.65,231.45,115.6,164.45,309.95,4.07,302.0,100900.0
20081029:0200,15.77,58.45,428.75,373.48,196.2,25.7,4.41,326.0,100850.0
20081029:0300,16.21,54.45,471.5,562.42,126.5,-14.1,4.48,336.0,100820.0
20081029:0400,16.09,52.5,351.9,441.87,107.75,2.1,4.48,336.0,100770.0
20081029:0500,14.6,64.95,210.35,292.02,80.65,-10.6,5.1,341.0,100790.0
20081029:0600,13.44,69.65,50.15,41.44,37.9,6.95,7.03,345.0,100920.0
20081029:0700,12.86,66.95,7.65,10.67,6.4,24.55,7.31,336.0,101110.0
20081029:0800,12.62,59.95,0.0,-0.0,0.0,-5.6,6.48,319.0,101230.0
20081029:0900,12.15,59.85,0.0,-0.0,0.0,-17.8,5.52,309.0,101310.0
20081029:1000,11.23,64.25,0.0,-0.0,0.0,-30.95,3.93,314.0,101320.0
20081029:1100,11.4,62.0,0.0,-0.0,0.0,-14.5,3.79,310.0,101400.0
20081029:1200,11.26,64.25,0.0,-0.0,0.0,-5.8,3.72,305.0,101450.0
20081029:1300,10.9,64.25,0.0,-0.0,0.0,-9.45,3.66,306.0,101520.0
20081029:1400,10.23,71.6,0.0,-0.0,0.0,-7.15,3.79,308.0,101570.0
20081029:1500,9.67,71.5,0.0,-0.0,0.0,2.1,3.72,308.0,101620.0
20081029:1600,9.42,74.2,0.0,-0.0,0.0,-5.2,3.52,312.0,101670.0
20081029:1700,9.08,74.15,0.0,-0.0,0.0,8.9,3.1,314.0,101710.0
20081029:1800,8.66,76.85,0.0,-0.0,0.0,-5.4,2.34,309.0,101700.0
20081029:1900,8.97,74.15,0.0,-0.0,0.0,-1.15,1.52,284.0,101770.0
20081029:2000,8.92,74.15,0.0,-0.0,0.0,-2.1,1.31,256.0,101800.0
20081029:2100,9.13,74.15,0.0,-0.0,0.0,5.2,1.59,245.0,101860.0
20081029:2200,10.21,69.0,222.15,841.97,68.55,6.75,1.86,236.0,101910.0
20081029:2300,10.5,61.75,382.8,822.96,93.35,-1.9,1.52,244.0,101950.0
20081030:0000,10.99,59.6,531.15,893.8,99.5,0.0,1.52,254.0,102010.0
20081030:0100,11.69,55.4,623.5,903.41,103.85,263.7,2.14,278.0,101970.0
20081030:0200,13.72,48.15,473.6,454.87,192.4,6.55,3.31,282.0,101950.0
20081030:0300,14.71,44.9,345.1,303.71,160.15,20.9,3.1,287.0,101860.0
20081030:0400,15.17,43.4,333.15,346.89,143.0,31.7,2.55,300.0,101820.0
20081030:0500,15.71,38.85,265.55,328.71,120.95,-13.15,2.41,315.0,101830.0
20081030:0600,15.87,38.85,110.15,175.59,58.95,-13.35,2.07,334.0,101850.0
20081030:0700,15.55,43.5,16.4,63.54,9.2,2.9,1.59,354.0,101910.0
20081030:0800,15.01,50.35,0.0,-0.0,0.0,-16.45,0.97,336.0,101970.0
20081030:0900,14.56,56.15,0.0,-0.0,0.0,-11.8,1.38,309.0,102070.0
20081030:1000,12.5,69.45,0.0,-0.0,0.0,6.75,1.1,310.0,102110.0
20081030:1100,12.57,74.7,0.0,-0.0,0.0,-2.9,1.52,323.0,102110.0
20081030:1200,12.19,80.2,0.0,-0.0,0.0,-0.55,1.38,332.0,102140.0
20081030:1300,11.28,83.05,0.0,-0.0,0.0,-1.15,1.17,330.0,102170.0
20081030:1400,11.01,86.1,0.0,-0.0,0.0,-0.75,1.03,329.0,102180.0
20081030:1500,11.17,86.1,0.0,-0.0,0.0,-2.7,1.03,328.0,102190.0
20081030:1600,11.04,89.3,0.0,-0.0,0.0,-1.15,1.17,326.0,102170.0
20081030:1700,10.93,89.3,0.0,-0.0,0.0,1.35,1.31,316.0,102210.0
20081030:1800,10.99,89.3,0.0,-0.0,0.0,-1.15,1.17,310.0,102170.0
20081030:1900,11.09,89.3,0.0,-0.0,0.0,7.5,0.83,297.0,102150.0
20081030:2000,10.27,92.5,0.0,-0.0,0.0,18.55,0.48,268.0,102160.0
20081030:2100,10.49,89.25,0.0,-0.0,0.0,-10.25,0.83,234.0,102150.0
20081030:2200,11.19,77.2,170.0,635.97,56.4,-5.4,1.93,236.0,102170.0
20081030:2300,11.4,74.55,278.75,536.72,92.15,21.05,2.0,221.0,102140.0
20081031:0000,11.92,69.35,341.4,493.42,105.2,-0.55,2.76,201.0,102100.0
20081031:0100,12.36,69.35,426.4,472.03,156.95,310.15,3.66,193.0,102030.0
20081031:0200,13.4,67.05,479.6,507.52,168.1,-0.55,4.14,194.0,101920.0
20081031:0300,14.39,60.3,320.3,250.02,169.15,0.0,4.28,199.0,101830.0
20081031:0400,14.45,58.25,339.4,373.19,136.45,10.05,5.31,209.0,101720.0
20081031:0500,14.8,60.4,229.7,335.3,83.6,2.9,5.24,204.0,101620.0
20081031:0600,14.96,60.5,89.9,40.16,78.35,13.15,4.76,197.0,101610.0
20081031:0700,14.88,60.4,11.45,11.4,10.2,0.15,4.07,192.0,101560.0
20081031:0800,14.5,64.95,0.0,-0.0,0.0,-14.5,3.52,191.0,101540.0
20081031:0900,14.04,67.25,0.0,-0.0,0.0,-14.9,2.9,199.0,101500.0
20081031:1000,13.27,77.5,0.0,-0.0,0.0,-3.05,2.48,229.0,101360.0
20081031:1100,12.94,77.5,0.0,-0.0,0.0,-6.35,2.21,239.0,101340.0
20081031:1200,12.89,80.3,0.0,-0.0,0.0,-11.8,1.86,243.0,101260.0
20081031:1300,12.37,83.15,0.0,-0.0,0.0,-3.85,2.07,240.0,101200.0
20081031:1400,11.95,83.15,0.0,-0.0,0.0,-3.05,2.14,239.0,101120.0
20081031:1500,11.19,86.1,0.0,-0.0,0.0,-0.55,2.41,241.0,101070.0
20081031:1600,10.72,92.88,0.0,-0.0,0.0,17.51,2.64,251.0,101030.0
20081031:1700,11.13,89.4,0.0,-0.0,0.0,17.6,2.82,263.0,101000.0
20081031:1800,11.54,85.91,0.0,-0.0,0.0,17.68,3.0,277.0,100960.0
20081031:1900,11.94,82.42,0.0,-0.0,0.0,17.76,3.18,288.0,100990.0
20081031:2000,12.35,78.94,0.0,-0.0,0.0,17.84,3.36,297.0,101060.0
20081031:2100,12.76,75.45,0.0,-0.0,0.0,17.93,3.54,299.0,101100.0
20081031:2200,13.17,71.96,167.1,466.48,85.55,18.01,3.71,309.0,101160.0
20081031:2300,13.58,68.47,346.8,719.39,99.6,18.09,3.89,319.0,101230.0
20081101:0000,13.98,64.99,466.9,703.63,133.05,18.18,4.07,327.0,101280.0
20081101:0100,14.39,61.5,541.9,681.92,155.6,18.26,4.25,326.0,101280.0
20081101:0200,14.8,58.01,567.1,681.29,151.95,18.34,4.43,328.0,101290.0
20081101:0300,15.21,54.53,548.8,707.54,124.15,18.42,4.61,334.0,101270.0
20081101:0400,15.62,51.04,480.4,717.91,93.05,18.51,4.79,337.0,101240.0
20081101:0500,16.02,47.55,332.4,592.88,76.5,18.59,4.97,336.0,101270.0
20081101:0600,16.43,44.07,153.4,356.84,52.15,18.67,5.15,336.0,101350.0
20081101:0700,16.84,40.58,16.75,67.93,9.55,18.76,5.32,335.0,101400.0
20081101:0800,15.08,58.35,0.0,-0.0,0.0,0.0,2.97,333.0,101470.0
20081101:0900,15.42,60.5,0.0,-0.0,0.0,-4.6,3.03,331.0,101520.0
20081101:1000,12.94,67.05,0.0,-0.0,0.0,-5.8,2.34,326.0,101590.0
20081101:1100,12.52,72.05,0.0,-0.0,0.0,-4.6,1.72,315.0,101590.0
20081101:1200,12.03,74.6,0.0,-0.0,0.0,-2.5,1.24,312.0,101610.0
20081101:1300,11.65,77.3,0.0,-0.0,0.0,-2.3,1.31,304.0,101580.0
20081101:1400,10.4,86.05,0.0,-0.0,0.0,-3.25,1.59,278.0,101580.0
20081101:1500,10.08,92.5,0.0,-0.0,0.0,-2.9,1.52,254.0,101540.0
20081101:1600,10.4,89.25,0.0,-0.0,0.0,1.15,1.17,242.0,101540.0
20081101:1700,9.85,92.45,0.0,-0.0,0.0,-0.35,1.24,241.0,101520.0
20081101:1800,9.79,92.45,0.0,-0.0,0.0,3.25,1.45,237.0,101490.0
20081101:1900,10.04,89.2,0.0,-0.0,0.0,15.05,1.93,237.0,101480.0
20081101:2000,9.62,92.45,0.0,-0.0,0.0,11.2,2.28,239.0,101450.0
20081101:2100,9.75,89.15,0.0,-0.0,0.0,-0.95,2.48,243.0,101440.0
20081101:2200,10.01,82.95,183.0,688.85,65.2,2.9,2.48,250.0,101440.0
20081101:2300,10.08,79.95,366.25,824.7,86.2,2.9,2.41,248.0,101470.0
20081102:0000,11.25,74.45,484.7,817.33,100.35,-2.3,2.48,230.0,101400.0
20081102:0100,12.97,69.55,561.45,760.38,134.0,294.45,3.24,200.0,101280.0
20081102:0200,15.58,58.45,614.6,853.98,97.95,-8.1,3.52,199.0,101230.0
20081102:0300,17.43,47.3,578.3,817.33,91.3,4.25,3.31,202.0,101100.0
20081102:0400,17.97,45.7,415.25,621.67,82.45,0.0,3.52,237.0,101040.0
20081102:0500,18.9,45.85,286.95,492.65,76.3,17.0,2.97,259.0,101070.0
20081102:0600,18.82,47.55,146.95,345.26,50.3,-6.75,2.07,253.0,101070.0
20081102:0700,18.57,47.55,14.95,59.54,8.85,-2.7,2.21,256.0,101140.0
20081102:0800,18.03,58.9,0.0,-0.0,0.0,-0.15,1.93,247.0,101200.0
20081102:0900,16.57,63.05,0.0,-0.0,0.0,-2.3,1.79,237.0,101270.0
20081102:1000,15.47,65.15,0.0,-0.0,0.0,0.95,2.07,235.0,101270.0
20081102:1100,15.19,65.05,0.0,-0.0,0.0,-1.15,2.0,233.0,101270.0
20081102:1200,15.05,65.05,0.0,-0.0,0.0,-2.1,1.93,245.0,101340.0
20081102:1300,14.8,64.95,0.0,-0.0,0.0,3.85,1.79,256.0,101330.0
20081102:1400,14.71,67.35,0.0,-0.0,0.0,5.0,1.38,250.0,101310.0
20081102:1500,14.67,72.4,0.0,-0.0,0.0,2.1,1.52,241.0,101280.0
20081102:1600,14.05,77.65,0.0,-0.0,0.0,0.15,1.79,236.0,101290.0
20081102:1700,14.05,80.45,0.0,-0.0,0.0,-1.9,1.93,232.0,101290.0
20081102:1800,14.01,80.45,0.0,-0.0,0.0,-2.1,2.14,230.0,101230.0
20081102:1900,14.01,77.65,0.0,-0.0,0.0,2.1,2.14,228.0,101230.0
20081102:2000,14.18,74.95,0.0,-0.0,0.0,7.9,2.34,220.0,101180.0
20081102:2100,14.7,72.4,0.0,-0.0,0.0,6.35,3.03,213.0,101180.0
20081102:2200,15.11,67.45,102.35,37.68,96.05,0.55,3.86,207.0,101130.0
20081102:2300,15.24,65.05,172.8,25.48,164.25,9.65,4.21,205.0,101140.0
20081103:0000,15.45,65.15,161.95,2.79,160.65,-0.55,3.93,206.0,101050.0
20081103:0100,15.22,69.9,189.05,4.21,186.7,332.8,3.79,202.0,101050.0
20081103:0200,16.16,70.1,205.1,11.99,197.9,2.5,3.52,198.0,100940.0
20081103:0300,16.61,65.35,239.1,33.05,219.55,0.55,3.52,209.0,100870.0
20081103:0400,17.08,63.2,194.6,21.56,183.15,0.35,3.45,227.0,100760.0
20081103:0500,17.39,58.8,124.15,14.28,118.1,-0.15,3.59,239.0,100740.0
20081103:0600,17.49,56.75,66.8,15.93,62.4,-3.65,3.86,252.0,100780.0
20081103:0700,17.58,58.8,8.7,11.62,7.55,1.7,3.52,260.0,100770.0
20081103:0800,16.87,60.85,0.0,-0.0,0.0,-20.1,3.31,259.0,100820.0
20081103:0900,16.81,60.85,0.0,-0.0,0.0,5.95,3.66,260.0,100880.0
20081103:1000,15.76,60.65,0.0,-0.0,0.0,-1.9,4.14,264.0,100890.0
20081103:1100,15.81,58.45,0.0,-0.0,0.0,-0.75,5.17,270.0,100880.0
20081103:1200,15.95,56.5,0.0,-0.0,0.0,-0.75,5.66,273.0,100920.0
20081103:1300,15.64,58.45,0.0,-0.0,0.0,-6.75,5.66,268.0,100960.0
20081103:1400,14.93,60.4,0.0,-0.0,0.0,-9.25,5.59,269.0,100930.0
20081103:1500,14.47,58.25,0.0,-0.0,0.0,-10.6,5.24,272.0,100930.0
20081103:1600,14.45,60.4,0.0,-0.0,0.0,-7.15,4.83,269.0,101000.0
20081103:1700,13.6,62.45,0.0,-0.0,0.0,-1.35,3.66,285.0,101000.0
20081103:1800,13.55,64.75,0.0,-0.0,0.0,0.75,3.31,320.0,101030.0
20081103:1900,13.45,67.15,0.0,-0.0,0.0,2.7,3.45,329.0,101120.0
20081103:2000,13.05,67.05,0.0,-0.0,0.0,10.05,3.52,319.0,101230.0
20081103:2100,12.69,66.95,0.0,-0.0,0.0,-15.05,3.66,307.0,101340.0
20081103:2200,13.05,62.3,188.35,759.19,64.3,-3.45,2.69,279.0,101380.0
20081103:2300,12.66,59.95,353.45,756.4,102.7,-0.75,4.07,275.0,101480.0
20081104:0000,12.39,57.65,426.65,501.67,194.95,1.7,5.31,284.0,101560.0
20081104:0100,12.61,55.65,579.2,818.6,126.05,295.8,5.45,291.0,101580.0
20081104:0200,13.37,49.85,621.55,886.29,93.0,-20.3,5.52,293.0,101540.0
20081104:0300,14.13,43.1,574.15,817.61,93.95,-14.5,5.93,294.0,101510.0
20081104:0400,14.23,38.45,471.45,726.28,88.65,0.15,6.48,292.0,101540.0
20081104:0500,14.34,37.0,322.7,592.19,74.15,-1.15,6.34,291.0,101580.0
20081104:0600,14.17,37.0,142.35,332.59,51.7,-2.5,5.93,292.0,101700.0
20081104:0700,13.56,39.8,13.35,54.9,8.1,4.6,5.17,295.0,101800.0
20081104:0800,12.82,44.35,0.0,-0.0,0.0,-4.45,4.9,299.0,101900.0
20081104:0900,12.2,51.5,0.0,-0.0,0.0,-2.3,4.55,302.0,101990.0
20081104:1000,11.64,51.35,0.0,-0.0,0.0,-2.9,3.24,287.0,102050.0
20081104:1100,11.22,53.25,0.0,-0.0,0.0,-3.05,3.45,287.0,102080.0
20081104:1200,11.22,55.3,0.0,-0.0,0.0,-2.1,3.66,289.0,102150.0
20081104:1300,10.88,57.3,0.0,-0.0,0.0,-1.15,3.59,288.0,102200.0
20081104:1400,9.82,63.9,0.0,-0.0,0.0,-0.35,3.38,286.0,102190.0
20081104:1500,9.47,61.55,0.0,-0.0,0.0,0.0,3.1,283.0,102180.0
20081104:1600,9.33,61.45,0.0,-0.0,0.0,0.0,2.83,275.0,102220.0
20081104:1700,9.41,59.25,0.0,-0.0,0.0,0.55,2.62,273.0,102230.0
20081104:1800,9.13,61.45,0.0,-0.0,0.0,0.35,2.34,272.0,102160.0
20081104:1900,8.79,66.15,0.0,-0.0,0.0,0.35,1.79,266.0,102200.0
20081104:2000,8.36,73.95,0.0,-0.0,0.0,0.75,1.52,259.0,102230.0
20081104:2100,8.53,74.05,0.0,-0.0,0.0,0.55,1.38,256.0,102250.0
20081104:2200,10.76,64.1,202.75,898.83,59.3,1.9,1.66,267.0,102260.0
20081104:2300,11.02,61.85,373.85,903.42,78.0,3.45,1.31,245.0,102360.0
20081105:0000,11.98,55.5,506.25,911.87,88.9,4.45,0.97,245.0,102390.0
20081105:0100,12.76,53.6,581.75,882.38,97.05,262.7,0.55,278.0,102360.0
20081105:0200,14.32,48.25,592.8,827.05,103.1,5.8,0.14,163.0,102310.0
20081105:0300,15.44,41.9,545.35,765.25,99.1,3.65,1.59,163.0,102180.0
20081105:0400,16.01,40.5,434.3,646.13,96.35,3.05,2.83,171.0,102090.0
20081105:0500,16.28,43.65,264.85,457.82,74.45,6.0,3.66,178.0,102070.0
20081105:0600,16.06,47.0,135.55,323.62,48.5,1.15,3.93,180.0,102050.0
20081105:0700,15.62,52.4,11.75,48.18,7.3,-2.3,4.07,181.0,102080.0
20081105:0800,14.51,62.65,0.0,-0.0,0.0,0.55,4.69,191.0,102110.0
20081105:0900,13.56,67.15,0.0,-0.0,0.0,0.55,5.17,201.0,102140.0
20081105:1000,12.84,69.45,0.0,-0.0,0.0,3.25,5.31,207.0,102110.0
20081105:1100,12.78,69.45,0.0,-0.0,0.0,-10.45,5.1,214.0,102110.0
20081105:1200,12.87,72.05,0.0,-0.0,0.0,0.55,4.55,218.0,102080.0
20081105:1300,12.66,72.05,0.0,-0.0,0.0,-1.9,4.07,221.0,102100.0
20081105:1400,12.16,74.6,0.0,-0.0,0.0,0.35,3.93,222.0,102090.0
20081105:1500,12.27,77.35,0.0,-0.0,0.0,-0.35,4.07,220.0,102030.0
20081105:1600,12.28,80.2,0.0,-0.0,0.0,-1.15,4.14,219.0,102050.0
20081105:1700,11.87,83.1,0.0,-0.0,0.0,-1.9,4.07,221.0,102010.0
20081105:1800,11.86,83.1,0.0,-0.0,0.0,-3.05,3.59,226.0,102000.0
20081105:1900,11.59,83.1,0.0,-0.0,0.0,8.9,3.31,229.0,101990.0
20081105:2000,11.41,83.1,0.0,-0.0,0.0,6.75,3.31,232.0,102010.0
20081105:2100,11.27,86.1,0.0,-0.0,0.0,11.8,3.45,236.0,102040.0
20081105:2200,11.87,86.15,172.9,655.64,70.75,6.0,3.24,241.0,101970.0
20081105:2300,11.98,74.6,343.45,748.46,101.35,-17.95,3.03,244.0,102040.0
20081106:0000,12.86,69.45,498.15,896.84,91.4,1.35,2.69,242.0,102010.0
20081106:0100,14.24,64.85,580.85,889.4,96.05,278.4,2.07,233.0,101970.0
20081106:0200,16.3,58.6,598.65,849.66,99.15,6.75,1.72,210.0,101880.0
20081106:0300,17.99,52.9,547.8,765.02,104.85,5.6,1.72,184.0,101760.0
20081106:0400,19.05,51.25,424.6,585.77,120.55,5.2,2.14,164.0,101640.0
20081106:0500,19.4,59.15,289.35,485.52,89.25,4.45,2.76,156.0,101560.0
20081106:0600,19.06,61.3,129.35,281.35,54.65,0.35,2.9,162.0,101550.0
20081106:0700,18.63,61.2,10.65,31.96,7.8,-1.9,2.97,176.0,101550.0
20081106:0800,17.05,67.85,0.0,-0.0,0.0,-5.0,3.1,196.0,101540.0
20081106:0900,16.28,72.65,0.0,-0.0,0.0,-1.35,2.62,210.0,101580.0
20081106:1000,13.65,77.6,0.0,-0.0,0.0,1.5,2.07,226.0,101600.0
20081106:1100,13.64,77.6,0.0,-0.0,0.0,17.2,2.0,241.0,101580.0
20081106:1200,13.7,80.4,0.0,-0.0,0.0,21.65,1.79,250.0,101610.0
20081106:1300,13.72,80.4,0.0,-0.0,0.0,-6.95,1.66,250.0,101520.0
20081106:1400,13.56,80.4,0.0,-0.0,0.0,8.7,2.0,248.0,101560.0
20081106:1500,13.94,80.45,0.0,-0.0,0.0,-5.2,1.93,246.0,101510.0
20081106:1600,14.04,80.45,0.0,-0.0,0.0,0.95,1.86,248.0,101430.0
20081106:1700,13.11,80.35,0.0,-0.0,0.0,-5.8,1.93,247.0,101400.0
20081106:1800,13.36,80.35,0.0,-0.0,0.0,-1.9,2.0,239.0,101350.0
20081106:1900,13.4,77.5,0.0,-0.0,0.0,4.05,2.28,234.0,101300.0
20081106:2000,13.8,77.6,0.0,-0.0,0.0,0.35,2.41,236.0,101280.0
20081106:2100,14.16,72.3,0.0,-0.0,0.0,16.45,2.55,236.0,101240.0
20081106:2200,14.3,64.85,59.55,28.94,55.15,1.9,3.24,220.0,101140.0
20081106:2300,14.55,60.4,97.7,2.82,96.8,1.35,3.31,217.0,101080.0
20081107:0000,14.66,60.4,170.6,6.23,167.8,-1.35,2.62,228.0,101070.0
20081107:0100,14.87,62.65,393.3,333.33,213.0,344.95,2.34,217.0,101000.0
20081107:0200,16.78,54.6,404.05,281.47,239.75,-14.5,1.86,221.0,100920.0
20081107:0300,18.24,52.9,403.75,323.6,217.7,-1.9,1.31,226.0,100810.0
20081107:0400,18.95,49.3,336.65,277.49,193.7,8.1,1.31,235.0,100740.0
20081107:0500,19.17,49.45,179.6,102.34,137.8,-2.5,3.31,289.0,100750.0
20081107:0600,18.96,59.05,71.0,71.15,52.35,14.9,6.0,332.0,100900.0
20081107:0700,17.37,60.95,6.75,0.0,6.75,5.2,6.21,335.0,101050.0
20081107:0800,15.36,65.05,0.0,-0.0,0.0,-25.15,5.79,326.0,101210.0
20081107:0900,14.93,62.65,0.0,-0.0,0.0,-19.15,5.45,319.0,101340.0
20081107:1000,13.18,55.75,0.0,-0.0,0.0,-1.9,4.34,314.0,101340.0
20081107:1100,13.02,53.7,0.0,-0.0,0.0,-9.65,5.31,307.0,101360.0
20081107:1200,12.95,51.75,0.0,-0.0,0.0,-1.7,6.21,304.0,101460.0
20081107:1300,12.54,53.6,0.0,-0.0,0.0,-19.35,6.48,303.0,101420.0
20081107:1400,11.76,55.4,0.0,-0.0,0.0,16.6,6.34,302.0,101420.0
20081107:1500,11.01,55.3,0.0,-0.0,0.0,-5.2,6.41,302.0,101430.0
20081107:1600,10.73,57.3,0.0,-0.0,0.0,16.6,6.69,302.0,101420.0
20081107:1700,10.53,57.3,0.0,-0.0,0.0,-14.7,6.69,302.0,101420.0
20081107:1800,10.55,55.15,0.0,-0.0,0.0,-1.15,6.83,305.0,101430.0
20081107:1900,10.5,55.15,0.0,-0.0,0.0,0.35,6.97,304.0,101420.0
20081107:2000,10.5,53.1,0.0,-0.0,0.0,17.0,6.62,303.0,101500.0
20081107:2100,10.66,53.1,0.0,-0.0,0.0,-5.2,6.14,301.0,101500.0
20081107:2200,11.28,43.95,37.45,2.36,37.1,4.45,5.17,287.0,101580.0
20081107:2300,10.71,49.2,149.15,30.75,139.45,-3.05,5.59,282.0,101580.0
20081108:0000,10.42,49.2,231.0,98.58,187.1,-4.8,6.0,285.0,101580.0
20081108:0100,10.45,51.1,213.3,52.17,185.3,294.45,5.93,289.0,101590.0
20081108:0200,11.11,49.3,232.9,23.03,219.55,9.25,6.0,290.0,101530.0
20081108:0300,11.74,44.1,181.45,18.83,170.7,1.7,6.21,292.0,101450.0
20081108:0400,12.07,42.55,233.55,81.94,191.65,3.85,6.0,295.0,101430.0
20081108:0500,12.22,42.55,153.5,49.89,133.3,-9.05,5.66,295.0,101410.0
20081108:0600,12.15,44.2,57.45,12.94,54.1,-3.85,5.79,294.0,101430.0
20081108:0700,11.98,47.75,6.15,0.6,6.1,0.0,5.45,297.0,101490.0
20081108:0800,11.58,49.45,0.0,-0.0,0.0,-9.45,5.24,301.0,101560.0
20081108:0900,11.5,51.35,0.0,-0.0,0.0,1.5,4.62,302.0,101670.0
20081108:1000,10.62,57.3,0.0,-0.0,0.0,3.05,3.59,287.0,101700.0
20081108:1100,10.46,57.3,0.0,-0.0,0.0,-2.1,3.59,283.0,101690.0
20081108:1200,10.39,57.3,0.0,-0.0,0.0,-13.15,4.0,293.0,101750.0
20081108:1300,9.89,61.65,0.0,-0.0,0.0,7.7,4.21,299.0,101750.0
20081108:1400,9.65,66.35,0.0,-0.0,0.0,6.15,4.34,299.0,101760.0
20081108:1500,9.4,63.9,0.0,-0.0,0.0,0.15,4.21,302.0,101740.0
20081108:1600,9.32,66.25,0.0,-0.0,0.0,1.7,4.34,306.0,101770.0
20081108:1700,9.3,66.25,0.0,-0.0,0.0,3.25,4.21,310.0,101710.0
20081108:1800,9.26,63.8,0.0,-0.0,0.0,-6.95,4.21,310.0,101690.0
20081108:1900,9.21,63.8,0.0,-0.0,0.0,3.05,4.14,309.0,101730.0
20081108:2000,8.71,68.7,0.0,-0.0,0.0,5.8,4.14,313.0,101760.0
20081108:2100,8.98,66.25,0.0,-0.0,0.0,5.6,4.0,316.0,101810.0
20081108:2200,9.78,63.9,59.75,0.0,59.75,-0.35,2.97,313.0,101850.0
20081108:2300,9.63,63.9,133.75,26.8,125.4,2.7,2.9,310.0,101900.0
20081109:0000,9.51,63.9,178.6,17.68,170.8,4.6,3.31,311.0,101960.0
20081109:0100,9.65,66.35,237.95,23.56,225.4,302.0,3.79,324.0,101960.0
20081109:0200,10.25,61.65,205.85,11.99,198.95,4.05,3.66,329.0,101890.0
20081109:0300,10.75,59.5,180.6,12.35,173.6,3.65,3.31,323.0,101810.0
20081109:0400,10.91,57.4,146.75,17.44,137.9,2.9,2.97,317.0,101810.0
20081109:0500,10.81,57.3,99.2,2.74,98.1,-0.15,2.9,313.0,101780.0
20081109:0600,11.07,57.4,49.15,1.76,48.7,0.0,2.9,313.0,101800.0
20081109:0700,11.0,55.3,4.1,0.0,4.1,-3.85,2.55,321.0,101810.0
20081109:0800,10.54,64.1,0.0,-0.0,0.0,-1.35,2.28,325.0,101800.0
20081109:0900,10.49,64.1,0.0,-0.0,0.0,1.7,2.21,325.0,101840.0
20081109:1000,10.43,66.55,0.0,-0.0,0.0,-4.45,2.83,328.0,101820.0
20081109:1100,10.23,71.6,0.0,-0.0,0.0,0.95,2.69,328.0,101860.0
20081109:1200,9.97,71.6,0.0,-0.0,0.0,-0.15,2.83,325.0,101890.0
20081109:1300,9.66,74.2,0.0,-0.0,0.0,-4.6,3.1,324.0,101920.0
20081109:1400,9.52,74.2,0.0,-0.0,0.0,0.0,3.1,323.0,101930.0
20081109:1500,9.66,71.5,0.0,-0.0,0.0,-3.65,3.03,324.0,101910.0
20081109:1600,9.57,71.5,0.0,-0.0,0.0,8.7,2.97,322.0,101920.0
20081109:1700,8.93,74.15,0.0,-0.0,0.0,-1.15,2.9,322.0,101940.0
20081109:1800,8.9,74.15,0.0,-0.0,0.0,1.5,2.97,321.0,101940.0
20081109:1900,8.87,76.85,0.0,-0.0,0.0,-0.75,2.97,319.0,101940.0
20081109:2000,8.7,76.85,0.0,-0.0,0.0,5.8,2.97,322.0,102020.0
20081109:2100,9.03,76.95,0.0,-0.0,0.0,-8.7,2.9,322.0,102020.0
20081109:2200,9.88,71.6,103.1,117.61,86.55,0.15,3.17,328.0,102070.0
20081109:2300,9.29,74.15,197.55,118.51,161.1,-12.55,3.17,337.0,102110.0
20081110:0000,8.96,71.4,301.85,171.43,226.9,5.8,3.79,351.0,102160.0
20081110:0100,9.35,71.4,334.6,185.88,236.35,294.05,4.07,1.0,102200.0
20081110:0200,10.61,61.75,328.3,148.74,243.3,6.0,4.0,5.0,102200.0
20081110:0300,11.34,59.6,235.8,22.2,223.3,11.6,3.66,9.0,102120.0
20081110:0400,11.44,59.7,219.7,67.18,185.85,4.45,3.38,12.0,102120.0
20081110:0500,11.38,61.85,109.95,18.72,102.5,-4.05,3.38,13.0,102130.0
20081110:0600,11.18,61.85,78.05,64.57,61.75,5.95,3.17,19.0,102140.0
20081110:0700,11.34,57.4,5.3,3.88,5.0,-5.95,3.03,23.0,102170.0
20081110:0800,11.14,61.85,0.0,-0.0,0.0,-12.35,2.9,16.0,102240.0
20081110:0900,11.08,64.25,0.0,-0.0,0.0,-10.25,2.83,8.0,102310.0
20081110:1000,10.44,69.1,0.0,-0.0,0.0,17.0,2.62,5.0,102350.0
20081110:1100,11.06,69.15,0.0,-0.0,0.0,-28.6,2.62,9.0,102400.0
20081110:1200,11.24,71.75,0.0,-0.0,0.0,10.05,2.69,8.0,102460.0
20081110:1300,10.86,71.7,0.0,-0.0,0.0,-3.05,3.24,9.0,102430.0
20081110:1400,10.41,71.7,0.0,-0.0,0.0,-1.35,3.24,8.0,102540.0
20081110:1500,9.85,74.2,0.0,-0.0,0.0,-0.35,3.86,19.0,102490.0
20081110:1600,9.86,74.2,0.0,-0.0,0.0,-0.95,3.79,15.0,102560.0
20081110:1700,9.33,74.15,0.0,-0.0,0.0,18.75,3.72,14.0,102580.0
20081110:1800,9.15,74.15,0.0,-0.0,0.0,5.2,3.66,15.0,102580.0
20081110:1900,9.15,74.15,0.0,-0.0,0.0,7.15,3.59,16.0,102580.0
20081110:2000,8.91,74.15,0.0,-0.0,0.0,-6.75,3.24,14.0,102650.0
20081110:2100,9.31,74.15,0.0,-0.0,0.0,1.9,3.03,13.0,102660.0
20081110:2200,10.62,66.55,92.55,97.46,79.2,-9.65,2.62,23.0,102730.0
20081110:2300,9.88,66.45,211.9,239.93,139.05,-0.95,3.17,32.0,102780.0
20081111:0000,9.6,63.9,268.3,137.12,208.9,11.2,3.72,36.0,102800.0
20081111:0100,9.34,68.8,323.95,132.79,254.3,310.15,3.72,39.0,102830.0
20081111:0200,10.06,61.65,295.75,96.74,240.85,7.15,3.59,42.0,102790.0
20081111:0300,10.57,59.5,267.1,124.1,197.7,-6.55,3.24,38.0,102730.0
20081111:0400,10.76,59.5,223.05,81.36,182.35,6.95,3.17,36.0,102730.0
20081111:0500,11.12,59.6,147.3,40.68,131.25,-8.5,3.17,42.0,102710.0
20081111:0600,11.48,57.55,47.9,11.03,45.15,-2.3,2.97,43.0,102720.0
20081111:0700,11.6,53.35,4.7,2.01,4.55,9.45,2.55,45.0,102740.0
20081111:0800,11.01,61.85,0.0,-0.0,0.0,-15.85,2.0,45.0,102760.0
20081111:0900,11.47,62.0,0.0,-0.0,0.0,0.55,1.45,49.0,102750.0
20081111:1000,11.03,61.85,0.0,-0.0,0.0,0.15,0.97,34.0,102820.0
20081111:1100,11.3,64.25,0.0,-0.0,0.0,-3.65,1.1,41.0,102780.0
20081111:1200,11.26,64.25,0.0,-0.0,0.0,-15.65,1.38,39.0,102820.0
20081111:1300,10.59,64.1,0.0,-0.0,0.0,4.05,1.79,35.0,102810.0
20081111:1400,9.73,74.2,0.0,-0.0,0.0,-3.65,1.38,29.0,102820.0
20081111:1500,9.88,74.3,0.0,-0.0,0.0,1.35,1.1,22.0,102770.0
20081111:1600,10.02,71.6,0.0,-0.0,0.0,4.05,1.93,24.0,102750.0
20081111:1700,9.63,74.2,0.0,-0.0,0.0,-9.45,1.59,9.0,102750.0
20081111:1800,9.38,74.2,0.0,-0.0,0.0,-6.0,1.59,10.0,102670.0
20081111:1900,10.26,74.3,0.0,-0.0,0.0,24.55,1.72,6.0,102650.0
20081111:2000,9.9,74.3,0.0,-0.0,0.0,0.55,1.93,7.0,102640.0
20081111:2100,10.24,74.3,0.0,-0.0,0.0,11.8,2.0,14.0,102620.0
20081111:2200,11.5,69.25,136.25,483.28,71.85,-7.15,1.24,319.0,102620.0
20081111:2300,11.22,69.15,264.4,536.48,103.6,-14.3,1.24,351.0,102650.0
20081112:0000,11.48,66.75,372.7,620.67,106.3,-7.7,2.14,34.0,102630.0
20081112:0100,11.69,59.7,496.7,740.68,111.15,289.45,2.62,45.0,102580.0
20081112:0200,12.99,53.7,356.7,323.55,174.35,12.35,2.76,52.0,102570.0
20081112:0300,13.42,51.9,314.85,244.03,179.3,20.5,3.03,53.0,102470.0
20081112:0400,13.39,53.7,248.15,225.18,136.3,19.5,3.31,46.0,102410.0
20081112:0500,13.77,55.9,92.75,31.56,80.4,-4.25,3.24,39.0,102400.0
20081112:0600,13.91,62.45,66.45,85.21,45.45,2.7,2.76,36.0,102400.0
20081112:0700,14.1,60.3,2.7,0.0,2.7,-6.75,2.14,24.0,102400.0
20081112:0800,13.73,67.15,0.0,-0.0,0.0,-10.6,1.86,3.0,102400.0
20081112:0900,13.95,64.85,0.0,-0.0,0.0,1.5,1.79,356.0,102420.0
20081112:1000,12.08,77.35,0.0,-0.0,0.0,-12.55,2.28,316.0,102470.0
20081112:1100,12.23,80.2,0.0,-0.0,0.0,6.35,2.62,332.0,102460.0
20081112:1200,12.86,77.45,0.0,-0.0,0.0,22.05,3.03,340.0,102490.0
20081112:1300,12.48,77.45,0.0,-0.0,0.0,-20.7,2.97,344.0,102460.0
20081112:1400,12.03,80.2,0.0,-0.0,0.0,-11.6,2.69,340.0,102480.0
20081112:1500,12.17,80.2,0.0,-0.0,0.0,7.7,2.76,335.0,102430.0
20081112:1600,12.17,83.15,0.0,-0.0,0.0,-11.8,2.83,331.0,102450.0
20081112:1700,11.5,83.1,0.0,-0.0,0.0,5.0,2.9,330.0,102420.0
20081112:1800,10.64,86.05,0.0,-0.0,0.0,-12.75,3.1,330.0,102400.0
20081112:1900,10.74,86.05,0.0,-0.0,0.0,3.45,3.31,333.0,102410.0
20081112:2000,10.31,86.0,0.0,-0.0,0.0,-21.65,3.31,332.0,102450.0
20081112:2100,10.52,83.0,0.0,-0.0,0.0,2.1,3.24,330.0,102470.0
20081112:2200,11.44,80.15,156.4,720.53,63.05,12.55,2.69,306.0,102440.0
20081112:2300,11.19,80.1,289.5,674.48,89.95,-4.45,2.76,322.0,102470.0
20081113:0000,11.09,77.2,445.3,817.47,97.65,-0.55,3.24,347.0,102490.0
20081113:0100,10.73,77.15,467.9,680.42,116.4,283.25,4.21,5.0,102530.0
20081113:0200,12.17,71.95,386.2,393.84,165.75,3.05,4.48,5.0,102520.0
20081113:0300,13.04,67.05,420.35,530.11,127.85,28.45,4.34,11.0,102440.0
20081113:0400,13.61,67.15,378.7,529.45,117.55,-12.75,4.14,16.0,102410.0
20081113:0500,14.15,62.55,265.6,480.76,79.0,-13.15,3.93,24.0,102400.0
20081113:0600,14.37,60.3,111.35,265.59,46.65,-5.4,3.45,33.0,102400.0
20081113:0700,15.07,60.5,5.85,24.46,4.15,5.6,2.48,33.0,102390.0
20081113:0800,14.52,67.35,0.0,-0.0,0.0,5.2,2.07,15.0,102450.0
20081113:0900,13.86,72.2,0.0,-0.0,0.0,-20.3,1.79,9.0,102490.0
20081113:1000,12.13,71.95,0.0,-0.0,0.0,-4.05,2.21,344.0,102480.0
20081113:1100,11.96,74.6,0.0,-0.0,0.0,6.15,2.28,333.0,102510.0
20081113:1200,12.18,77.35,0.0,-0.0,0.0,20.9,2.28,330.0,102510.0
20081113:1300,12.47,74.7,0.0,-0.0,0.0,23.0,2.34,330.0,102500.0
20081113:1400,11.92,74.6,0.0,-0.0,0.0,-14.3,1.86,315.0,102490.0
20081113:1500,11.97,74.6,0.0,-0.0,0.0,20.3,1.72,301.0,102430.0
20081113:1600,12.18,77.35,0.0,-0.0,0.0,-12.95,1.24,292.0,102410.0
20081113:1700,11.57,80.15,0.0,-0.0,0.0,4.05,1.24,287.0,102380.0
20081113:1800,10.54,86.05,0.0,-0.0,0.0,-1.9,1.31,283.0,102330.0
20081113:1900,10.49,86.05,0.0,-0.0,0.0,31.7,1.24,275.0,102320.0
20081113:2000,8.89,92.45,0.0,-0.0,0.0,7.5,1.31,273.0,102340.0
20081113:2100,8.34,95.8,0.0,-0.0,0.0,-3.85,1.59,274.0,102330.0
20081113:2200,11.97,77.35,94.6,202.18,69.15,0.95,2.0,267.0,102400.0
20081113:2300,11.91,74.6,227.1,342.63,127.05,-7.15,1.86,269.0,102380.0
20081114:0000,11.98,77.35,324.5,377.45,165.45,-11.4,1.86,276.0,102400.0
20081114:0100,11.7,83.1,510.15,736.98,132.3,320.4,1.45,283.0,102350.0
20081114:0200,13.41,77.5,543.5,791.45,103.5,-6.75,1.03,291.0,102270.0
20081114:0300,16.39,56.5,507.55,749.15,96.9,-20.5,0.83,343.0,102160.0
20081114:0400,17.1,52.75,398.6,623.85,93.0,4.05,1.31,22.0,102100.0
20081114:0500,15.65,67.55,249.65,383.2,102.1,0.15,1.86,41.0,102100.0
20081114:0600,15.79,70.0,106.3,245.18,47.25,4.45,1.79,51.0,102100.0
20081114:0700,15.5,72.55,5.45,17.14,4.3,-6.55,1.17,56.0,102120.0
20081114:0800,14.0,83.4,0.0,-0.0,0.0,-3.85,1.52,65.0,102180.0
20081114:0900,14.35,83.4,0.0,-0.0,0.0,-1.35,0.97,85.0,102230.0
20081114:1000,12.87,92.6,0.0,-0.0,0.0,-1.5,0.55,96.0,102240.0
20081114:1100,13.19,89.4,0.0,-0.0,0.0,1.9,0.14,302.0,102260.0
20081114:1200,13.5,86.35,0.0,-0.0,0.0,-1.7,0.62,279.0,102290.0
20081114:1300,14.04,86.4,0.0,-0.0,0.0,-1.9,0.9,282.0,102260.0
20081114:1400,13.24,86.3,0.0,-0.0,0.0,-1.35,1.24,293.0,102240.0
20081114:1500,12.68,86.25,0.0,-0.0,0.0,8.1,1.66,300.0,102230.0
20081114:1600,12.11,89.35,0.0,-0.0,0.0,10.45,1.79,303.0,102200.0
20081114:1700,11.46,89.3,0.0,-0.0,0.0,-2.3,1.86,309.0,102180.0
20081114:1800,10.93,89.3,0.0,-0.0,0.0,21.25,1.86,305.0,102120.0
20081114:1900,11.36,92.55,0.0,-0.0,0.0,15.05,1.79,294.0,102100.0
20081114:2000,10.98,89.3,0.0,-0.0,0.0,-2.3,1.72,286.0,102120.0
20081114:2100,11.2,92.55,0.0,-0.0,0.0,8.3,1.79,286.0,102130.0
20081114:2200,11.1,86.1,89.6,215.18,63.3,-0.75,1.79,296.0,102150.0
20081114:2300,10.92,86.1,191.5,319.75,99.35,-1.15,1.79,310.0,102200.0
20081115:0000,11.19,83.05,344.35,517.7,128.2,-17.2,1.93,329.0,102230.0
20081115:0100,11.83,77.3,351.65,399.71,148.25,335.1,2.07,2.0,102180.0
20081115:0200,13.32,72.1,275.8,228.45,149.65,-1.5,2.0,34.0,102090.0
20081115:0300,14.15,72.3,213.1,136.8,138.6,17.0,1.72,54.0,101980.0
20081115:0400,14.48,72.4,110.1,78.92,71.7,5.95,1.79,66.0,101910.0
20081115:0500,14.64,75.0,85.2,56.41,63.65,3.05,2.0,66.0,101870.0
20081115:0600,14.8,77.75,44.65,55.0,31.55,-3.45,1.72,69.0,101860.0
20081115:0700,14.56,80.55,2.0,3.09,1.8,-9.65,1.31,70.0,101870.0
20081115:0800,14.25,86.4,0.0,-0.0,0.0,6.0,1.1,80.0,101890.0
20081115:0900,15.24,80.6,0.0,-0.0,0.0,-27.45,1.17,107.0,101880.0
20081115:1000,14.2,86.4,0.0,-0.0,0.0,-0.35,0.55,179.0,101810.0
20081115:1100,14.27,86.4,0.0,-0.0,0.0,10.25,1.24,187.0,101740.0
20081115:1200,14.36,86.4,0.0,-0.0,0.0,5.6,1.38,180.0,101670.0
20081115:1300,14.08,83.4,0.0,-0.0,0.0,10.25,1.79,184.0,101590.0
20081115:1400,14.2,83.4,0.0,-0.0,0.0,-0.55,1.66,214.0,101570.0
20081115:1500,14.47,80.55,0.0,-0.0,0.0,1.7,1.38,228.0,101500.0
20081115:1600,14.47,80.55,0.0,-0.0,0.0,-11.6,1.31,233.0,101490.0
20081115:1700,14.15,83.4,0.0,-0.0,0.0,-1.5,1.1,233.0,101470.0
20081115:1800,14.51,80.55,0.0,-0.0,0.0,17.4,1.31,223.0,101360.0
20081115:1900,14.6,83.45,0.0,-0.0,0.0,-47.0,1.38,234.0,101330.0
20081115:2000,14.37,86.4,0.0,-0.0,0.0,10.45,1.52,226.0,101270.0
20081115:2100,14.43,86.45,0.0,-0.0,0.0,5.2,1.17,235.0,101260.0
20081115:2200,13.82,89.45,44.65,7.59,43.75,11.4,1.17,270.0,101360.0
20081115:2300,13.48,86.35,70.95,0.0,70.95,7.15,1.45,253.0,101380.0
20081116:0000,13.23,86.3,85.05,1.33,84.5,4.8,1.38,241.0,101380.0
20081116:0100,13.48,86.35,64.6,0.0,64.6,348.85,1.38,256.0,101320.0
20081116:0200,13.98,86.4,65.8,0.0,65.8,2.1,1.17,271.0,101240.0
20081116:0300,13.9,92.65,84.65,0.0,84.65,1.7,0.83,287.0,101130.0
20081116:0400,13.96,92.7,81.45,4.86,79.1,2.3,0.69,304.0,101070.0
20081116:0500,14.17,96.0,159.3,145.06,104.3,0.0,0.14,170.0,101060.0
20081116:0600,14.67,89.5,28.4,7.64,26.6,-22.25,0.69,148.0,101040.0
20081116:0700,13.98,89.5,2.05,0.8,2.0,17.4,0.9,153.0,101060.0
20081116:0800,14.47,86.45,0.0,-0.0,0.0,-8.3,1.03,168.0,101070.0
20081116:0900,15.27,89.55,0.0,-0.0,0.0,-9.25,1.17,184.0,101080.0
20081116:1000,12.72,92.6,0.0,-0.0,0.0,-15.85,1.45,222.0,101080.0
20081116:1100,12.75,92.6,0.0,-0.0,0.0,9.25,1.38,247.0,101050.0
20081116:1200,12.19,95.95,0.0,-0.0,0.0,-5.2,1.24,256.0,101050.0
20081116:1300,11.66,95.9,0.0,-0.0,0.0,-2.5,1.38,253.0,100990.0
20081116:1400,11.14,95.9,0.0,-0.0,0.0,14.3,1.86,250.0,101000.0
20081116:1500,10.19,95.9,0.0,-0.0,0.0,3.05,1.86,253.0,100960.0
20081116:1600,10.03,92.5,0.0,-0.0,0.0,-11.6,2.0,253.0,100960.0
20081116:1700,9.83,95.85,0.0,-0.0,0.0,11.6,2.0,256.0,100980.0
20081116:1800,10.2,95.9,0.0,-0.0,0.0,-10.8,1.79,270.0,100920.0
20081116:1900,10.27,95.9,0.0,-0.0,0.0,18.95,1.72,288.0,100960.0
20081116:2000,10.43,89.25,0.0,-0.0,0.0,-17.4,2.07,298.0,101000.0
20081116:2100,10.37,92.5,0.0,-0.0,0.0,-7.9,2.34,307.0,101050.0
20081116:2200,12.35,89.35,53.4,117.4,39.9,23.0,3.03,327.0,101080.0
20081116:2300,12.88,89.4,152.75,184.57,100.95,6.75,3.03,338.0,101130.0
20081117:0000,13.42,86.35,275.75,335.41,138.25,-10.45,3.03,349.0,101140.0
20081117:0100,13.15,86.3,362.2,473.42,124.85,340.5,3.38,1.0,101140.0
20081117:0200,14.14,77.65,399.4,493.54,130.45,-30.55,3.52,8.0,101080.0
20081117:0300,14.34,74.95,396.7,526.0,113.85,4.25,3.59,9.0,101030.0
20081117:0400,14.35,74.95,268.65,340.25,105.25,3.05,3.17,14.0,100980.0
20081117:0500,14.15,74.95,174.8,206.06,97.25,17.4,2.76,25.0,100960.0
20081117:0600,14.15,74.95,74.95,118.59,47.3,0.15,2.07,35.0,100940.0
20081117:0700,14.1,74.95,2.15,1.66,2.05,-18.15,1.45,28.0,100970.0
20081117:0800,14.04,83.4,0.0,-0.0,0.0,12.55,0.83,33.0,101000.0
20081117:0900,13.57,83.35,0.0,-0.0,0.0,0.35,0.48,133.0,101030.0
20081117:1000,13.0,83.25,0.0,-0.0,0.0,10.6,0.28,226.0,101070.0
20081117:1100,13.03,83.25,0.0,-0.0,0.0,9.65,1.17,234.0,101000.0
20081117:1200,12.8,83.25,0.0,-0.0,0.0,-11.8,0.97,244.0,100980.0
20081117:1300,12.47,80.3,0.0,-0.0,0.0,-20.3,1.24,242.0,100970.0
20081117:1400,12.38,80.2,0.0,-0.0,0.0,6.95,1.45,240.0,100920.0
20081117:1500,11.91,80.2,0.0,-0.0,0.0,-1.5,1.31,248.0,100880.0
20081117:1600,11.34,83.05,0.0,-0.0,0.0,1.9,1.52,254.0,100910.0
20081117:1700,10.32,86.0,0.0,-0.0,0.0,-15.85,2.0,256.0,100920.0
20081117:1800,11.71,83.1,0.0,-0.0,0.0,26.3,2.28,255.0,100890.0
20081117:1900,11.01,83.05,0.0,-0.0,0.0,10.25,2.62,257.0,100850.0
20081117:2000,11.49,74.55,0.0,-0.0,0.0,-12.55,3.45,268.0,100870.0
20081117:2100,11.74,74.55,0.0,-0.0,0.0,-11.2,3.93,280.0,100910.0
20081117:2200,12.55,59.95,60.3,43.98,55.4,-4.8,3.1,266.0,100930.0
20081117:2300,11.94,59.85,156.5,71.13,136.8,5.6,2.9,269.0,100920.0
20081118:0000,12.13,64.45,258.25,257.0,153.85,-8.9,2.83,275.0,100910.0
20081118:0100,12.03,62.1,381.2,439.03,162.7,300.65,3.03,288.0,100860.0
20081118:0200,12.35,66.85,272.25,129.29,202.25,-0.55,2.9,287.0,100770.0
20081118:0300,12.56,74.7,224.05,132.01,153.5,17.95,2.48,282.0,100660.0
20081118:0400,12.49,80.3,213.85,114.52,159.2,8.1,1.86,272.0,100600.0
20081118:0500,12.75,74.7,114.8,66.24,90.05,-0.35,0.76,279.0,100580.0
20081118:0600,12.63,74.7,30.6,38.56,21.7,5.8,1.86,289.0,100620.0
20081118:0700,12.33,80.2,1.95,4.28,1.7,-2.7,4.9,284.0,100750.0
20081118:0800,12.04,64.45,0.0,-0.0,0.0,-17.0,4.34,284.0,100830.0
20081118:0900,11.09,71.75,0.0,-0.0,0.0,-4.8,3.45,285.0,100820.0
20081118:1000,9.82,68.9,0.0,-0.0,0.0,-7.35,1.59,270.0,100750.0
20081118:1100,9.78,68.9,0.0,-0.0,0.0,-15.65,2.21,270.0,100750.0
20081118:1200,9.99,66.45,0.0,-0.0,0.0,6.15,4.69,275.0,100780.0
20081118:1300,9.92,69.0,0.0,-0.0,0.0,-8.1,6.0,278.0,100800.0
20081118:1400,9.12,74.15,0.0,-0.0,0.0,2.3,6.83,274.0,100780.0
20081118:1500,7.97,66.05,0.0,-0.0,0.0,-7.35,7.72,270.0,100730.0
20081118:1600,8.43,66.15,0.0,-0.0,0.0,-21.65,7.31,270.0,100730.0
20081118:1700,7.56,65.95,0.0,-0.0,0.0,-5.4,7.72,270.0,100780.0
20081118:1800,7.39,65.95,0.0,-0.0,0.0,-7.5,7.72,277.0,100810.0
20081118:1900,7.18,65.85,0.0,-0.0,0.0,-5.2,7.17,287.0,100910.0
20081118:2000,6.59,63.35,0.0,-0.0,0.0,-1.15,6.21,291.0,100980.0
20081118:2100,6.55,58.65,0.0,-0.0,0.0,2.7,5.59,288.0,101030.0
20081118:2200,8.14,61.2,152.0,939.97,50.6,-3.65,4.21,281.0,101150.0
20081118:2300,7.75,54.4,318.1,893.24,74.0,-1.9,3.72,258.0,101130.0
20081119:0000,7.91,54.55,446.8,883.08,91.3,3.05,4.41,254.0,101140.0
20081119:0100,8.0,54.55,534.55,895.6,92.05,237.95,5.03,257.0,101060.0
20081119:0200,8.89,50.7,548.6,821.45,106.7,-0.15,5.52,258.0,100960.0
20081119:0300,10.2,45.4,463.55,620.5,133.95,1.9,5.79,257.0,100830.0
20081119:0400,10.68,43.8,371.7,534.43,118.25,24.35,5.38,253.0,100770.0
20081119:0500,10.45,43.8,239.85,405.11,89.55,-4.45,4.83,248.0,100760.0
20081119:0600,10.05,47.2,61.35,102.4,37.95,-8.5,4.9,266.0,100840.0
20081119:0700,9.34,52.7,3.65,11.51,3.0,34.8,4.28,272.0,100900.0
20081119:0800,8.3,56.7,0.0,-0.0,0.0,-32.9,6.83,267.0,101020.0
20081119:0900,7.82,58.8,0.0,-0.0,0.0,-17.95,7.45,270.0,101120.0
20081119:1000,6.63,61.0,0.0,-0.0,0.0,-6.95,6.83,268.0,101060.0
20081119:1100,6.27,65.75,0.0,-0.0,0.0,2.3,7.17,283.0,101150.0
20081119:1200,6.27,65.75,0.0,-0.0,0.0,1.35,6.48,291.0,101250.0
20081119:1300,5.34,60.75,0.0,-0.0,0.0,-0.75,4.83,278.0,101290.0
20081119:1400,5.31,58.3,0.0,-0.0,0.0,-6.35,4.62,257.0,101310.0
20081119:1500,4.49,60.5,0.0,-0.0,0.0,-0.55,4.9,258.0,101270.0
20081119:1600,4.65,60.5,0.0,-0.0,0.0,-1.7,5.1,274.0,101370.0
20081119:1700,3.97,65.3,0.0,-0.0,0.0,-0.15,5.86,298.0,101520.0
20081119:1800,3.82,67.8,0.0,-0.0,0.0,-0.75,5.66,308.0,101630.0
20081119:1900,4.24,65.3,0.0,-0.0,0.0,5.8,5.17,304.0,101680.0
20081119:2000,4.05,65.3,0.0,-0.0,0.0,-5.2,4.55,298.0,101770.0
20081119:2100,4.19,67.9,0.0,-0.0,0.0,-0.55,3.93,285.0,101800.0
20081119:2200,5.5,58.45,152.35,956.22,52.55,-5.4,3.1,280.0,101870.0
20081119:2300,5.38,56.2,313.9,865.03,80.65,1.5,2.34,267.0,101920.0
20081120:0000,5.55,58.45,435.75,838.93,101.05,6.55,2.07,252.0,101920.0
20081120:0100,5.88,56.3,531.55,889.63,95.15,225.95,2.69,235.0,101900.0
20081120:0200,6.5,48.25,544.4,832.92,99.15,3.85,4.21,255.0,101850.0
20081120:0300,7.4,43.0,511.3,780.06,99.4,1.15,5.59,261.0,101780.0
20081120:0400,7.54,41.3,381.2,577.34,109.05,-0.55,6.48,263.0,101740.0
20081120:0500,7.66,43.0,249.6,456.87,81.25,17.2,6.62,265.0,101740.0
20081120:0600,7.91,43.1,98.0,241.66,43.3,-4.6,5.59,260.0,101770.0
20081120:0700,7.92,46.65,3.6,14.64,2.8,0.0,4.55,256.0,101800.0
20081120:0800,7.5,58.8,0.0,-0.0,0.0,1.7,4.9,258.0,101890.0
20081120:0900,7.35,61.0,0.0,-0.0,0.0,-1.9,4.69,257.0,101930.0
20081120:1000,6.63,61.0,0.0,-0.0,0.0,-3.45,4.28,249.0,101870.0
20081120:1100,6.85,61.0,0.0,-0.0,0.0,-2.9,3.79,246.0,101880.0
20081120:1200,6.8,63.35,0.0,-0.0,0.0,1.35,3.79,242.0,101910.0
20081120:1300,6.78,58.65,0.0,-0.0,0.0,5.6,4.14,237.0,101890.0
20081120:1400,7.11,58.65,0.0,-0.0,0.0,-4.8,4.34,234.0,101880.0
20081120:1500,6.36,61.0,0.0,-0.0,0.0,3.85,4.07,232.0,101830.0
20081120:1600,6.26,68.3,0.0,-0.0,0.0,-4.6,3.52,227.0,101800.0
20081120:1700,5.99,70.95,0.0,-0.0,0.0,-0.15,3.1,224.0,101760.0
20081120:1800,6.0,70.95,0.0,-0.0,0.0,-0.95,3.17,222.0,101680.0
20081120:1900,5.96,70.95,0.0,-0.0,0.0,1.15,3.24,222.0,101640.0
20081120:2000,6.33,70.95,0.0,-0.0,0.0,-0.75,3.1,223.0,101570.0
20081120:2100,6.55,71.05,0.0,-0.0,0.0,-0.15,3.31,221.0,101540.0
20081120:2200,8.74,59.0,146.95,963.84,49.7,-0.15,3.79,226.0,101510.0
20081120:2300,8.49,48.65,309.6,890.78,72.6,1.5,3.72,220.0,101500.0
20081121:0000,8.84,43.25,442.35,904.51,84.7,3.45,3.72,222.0,101430.0
20081121:0100,9.29,43.4,523.5,890.12,89.95,245.3,4.07,224.0,101400.0
20081121:0200,10.97,39.1,544.9,855.61,90.35,3.65,3.86,227.0,101310.0
20081121:0300,12.21,37.9,456.25,710.42,83.3,3.65,4.14,237.0,101170.0
20081121:0400,12.39,40.95,400.7,674.21,84.75,12.15,4.76,249.0,101140.0
20081121:0500,12.13,44.2,230.4,429.84,73.05,-5.4,4.34,261.0,101110.0
20081121:0600,11.7,47.6,99.9,271.53,39.0,15.85,3.45,257.0,101100.0
20081121:0700,11.36,51.25,3.25,10.39,2.7,-16.6,4.34,259.0,101160.0
20081121:0800,10.83,57.3,0.0,-0.0,0.0,1.7,4.9,268.0,101260.0
20081121:0900,10.4,61.75,0.0,-0.0,0.0,5.4,5.45,266.0,101360.0
20081121:1000,9.49,59.25,0.0,-0.0,0.0,-5.8,6.0,269.0,101470.0
20081121:1100,9.54,59.25,0.0,-0.0,0.0,8.3,4.97,276.0,101520.0
20081121:1200,9.54,61.55,0.0,-0.0,0.0,-11.2,4.14,286.0,101550.0
20081121:1300,9.27,63.8,0.0,-0.0,0.0,-12.15,3.24,302.0,101600.0
20081121:1400,8.62,68.7,0.0,-0.0,0.0,-1.7,3.03,304.0,101700.0
20081121:1500,7.59,76.7,0.0,-0.0,0.0,0.75,2.9,292.0,101770.0
20081121:1600,7.69,76.7,0.0,-0.0,0.0,-1.9,2.69,271.0,101820.0
20081121:1700,7.04,73.8,0.0,-0.0,0.0,-4.05,3.45,273.0,101890.0
20081121:1800,6.49,68.4,0.0,-0.0,0.0,-1.35,4.41,282.0,101940.0
20081121:1900,6.22,68.3,0.0,-0.0,0.0,7.15,4.21,284.0,102000.0
20081121:2000,5.61,65.65,0.0,-0.0,0.0,-8.1,4.34,287.0,102090.0
20081121:2100,5.44,65.65,0.0,-0.0,0.0,-3.25,4.28,290.0,102170.0
20081121:2200,7.54,61.1,140.85,927.5,50.45,8.5,3.45,270.0,102180.0
20081121:2300,6.92,58.65,300.85,868.31,72.9,-6.55,3.66,274.0,102280.0
20081122:0000,6.84,56.45,417.35,792.4,106.8,-1.9,4.55,289.0,102300.0
20081122:0100,7.12,56.45,479.3,757.45,112.95,259.45,6.21,293.0,102320.0
20081122:0200,8.58,46.8,450.0,567.87,150.15,-0.15,6.83,295.0,102240.0
20081122:0300,9.32,45.15,421.7,544.74,137.35,11.4,6.48,296.0,102190.0
20081122:0400,9.43,45.25,321.1,409.59,130.25,1.9,6.28,292.0,102190.0
20081122:0500,9.77,47.05,170.95,185.57,103.45,-1.9,5.93,290.0,102210.0
20081122:0600,9.87,47.05,89.35,198.14,45.3,15.45,4.83,289.0,102200.0
20081122:0700,9.58,47.05,3.1,10.72,2.55,-28.45,4.07,279.0,102250.0
20081122:0800,9.77,57.05,0.0,-0.0,0.0,-4.45,3.45,260.0,102330.0
20081122:0900,9.61,59.25,0.0,-0.0,0.0,4.8,2.9,236.0,102290.0
20081122:1000,7.43,71.15,0.0,-0.0,0.0,-11.8,2.55,221.0,102250.0
20081122:1100,7.29,73.8,0.0,-0.0,0.0,-3.65,2.69,225.0,102200.0
20081122:1200,7.23,73.8,0.0,-0.0,0.0,0.35,2.76,236.0,102210.0
20081122:1300,6.23,70.95,0.0,-0.0,0.0,1.7,3.24,230.0,102140.0
20081122:1400,6.18,73.7,0.0,-0.0,0.0,2.3,4.14,225.0,102080.0
20081122:1500,6.66,68.4,0.0,-0.0,0.0,1.15,4.55,224.0,102000.0
20081122:1600,6.8,65.85,0.0,-0.0,0.0,-1.15,4.76,219.0,102000.0
20081122:1700,7.06,68.4,0.0,-0.0,0.0,1.7,4.55,221.0,101970.0
20081122:1800,6.91,65.85,0.0,-0.0,0.0,5.4,4.14,225.0,101910.0
20081122:1900,7.07,68.4,0.0,-0.0,0.0,8.1,3.66,231.0,101860.0
20081122:2000,6.96,68.4,0.0,-0.0,0.0,0.75,3.17,237.0,101890.0
20081122:2100,7.6,65.95,0.0,-0.0,0.0,16.25,2.76,244.0,101880.0
20081122:2200,8.85,66.15,127.4,821.16,50.15,-15.85,2.69,253.0,101880.0
20081122:2300,8.64,66.15,289.2,828.09,74.7,-3.45,2.69,260.0,101920.0
20081123:0000,8.95,59.15,422.6,873.92,83.1,-2.3,2.97,273.0,101950.0
20081123:0100,9.38,61.55,460.75,707.33,121.0,262.15,3.59,291.0,101960.0
20081123:0200,10.17,61.65,356.45,285.4,206.65,33.45,3.66,314.0,101950.0
20081123:0300,10.96,61.85,417.75,502.02,157.15,13.15,3.59,331.0,101930.0
20081123:0400,10.89,61.85,374.75,578.68,106.6,-27.85,3.86,340.0,101920.0
20081123:0500,11.0,61.85,245.8,470.93,75.55,-9.65,3.93,348.0,102010.0
20081123:0600,11.07,61.85,58.8,70.08,43.35,0.55,3.31,332.0,102080.0
20081123:0700,11.16,59.6,2.65,7.03,2.3,29.6,2.83,312.0,102140.0
20081123:0800,11.12,61.85,0.0,-0.0,0.0,-33.85,2.41,303.0,102200.0
20081123:0900,10.6,66.55,0.0,-0.0,0.0,-14.3,1.93,301.0,102270.0
20081123:1000,9.0,74.15,0.0,-0.0,0.0,2.5,1.24,282.0,102290.0
20081123:1100,8.96,76.95,0.0,-0.0,0.0,-8.7,1.17,272.0,102300.0
20081123:1200,8.77,79.75,0.0,-0.0,0.0,-0.55,1.31,264.0,102370.0
20081123:1300,8.5,79.75,0.0,-0.0,0.0,8.9,1.38,260.0,102440.0
20081123:1400,7.89,76.8,0.0,-0.0,0.0,5.2,1.66,254.0,102450.0
20081123:1500,6.76,82.6,0.0,-0.0,0.0,-7.7,1.79,252.0,102470.0
20081123:1600,6.58,82.6,0.0,-0.0,0.0,5.8,2.07,256.0,102470.0
20081123:1700,5.92,85.7,0.0,-0.0,0.0,6.95,2.07,263.0,102500.0
20081123:1800,6.06,85.7,0.0,-0.0,0.0,4.45,2.0,270.0,102500.0
20081123:1900,5.88,85.7,0.0,-0.0,0.0,-26.9,1.79,275.0,102530.0
20081123:2000,5.49,88.9,0.0,-0.0,0.0,-0.75,1.52,274.0,102550.0
20081123:2100,5.86,85.7,0.0,-0.0,0.0,3.05,1.31,270.0,102570.0
20081123:2200,7.6,85.8,130.9,855.89,53.25,-4.25,1.52,264.0,102570.0
20081123:2300,6.95,82.6,281.6,726.94,95.8,0.95,1.45,270.0,102620.0
20081124:0000,7.45,73.9,406.5,793.15,101.05,7.9,1.17,279.0,102640.0
20081124:0100,7.98,71.25,431.85,528.75,179.6,255.95,1.03,315.0,102530.0
20081124:0200,9.03,61.45,400.65,348.78,218.65,17.2,0.83,345.0,102500.0
20081124:0300,9.59,59.25,441.9,667.24,97.4,11.6,0.83,23.0,102370.0
20081124:0400,9.94,52.95,268.25,280.32,139.05,-30.15,1.45,57.0,102250.0
20081124:0500,10.19,55.05,103.45,13.08,98.75,37.5,1.79,54.0,102220.0
20081124:0600,9.84,59.25,29.35,0.46,29.25,23.4,1.93,66.0,102260.0
20081124:0700,9.57,61.55,0.8,0.0,0.8,3.85,1.86,72.0,102310.0
20081124:0800,8.6,74.05,0.0,-0.0,0.0,0.0,2.34,82.0,102290.0
20081124:0900,8.23,76.8,0.0,-0.0,0.0,12.95,2.69,94.0,102290.0
20081124:1000,7.0,82.6,0.0,-0.0,0.0,-0.95,2.69,98.0,102280.0
20081124:1100,6.5,82.6,0.0,-0.0,0.0,-1.15,3.31,86.0,102220.0
20081124:1200,6.57,82.6,0.0,-0.0,0.0,1.15,4.07,78.0,102150.0
20081124:1300,6.05,85.7,0.0,-0.0,0.0,-2.1,4.48,76.0,102110.0
20081124:1400,5.29,88.85,0.0,-0.0,0.0,-3.65,4.76,78.0,102040.0
20081124:1500,4.67,88.85,0.0,-0.0,0.0,1.5,4.34,67.0,101890.0
20081124:1600,4.95,85.6,0.0,-0.0,0.0,1.35,4.41,53.0,101800.0
20081124:1700,4.77,88.85,0.0,-0.0,0.0,0.15,4.28,41.0,101760.0
20081124:1800,5.28,88.85,0.0,-0.0,0.0,-0.55,4.83,30.0,101600.0
20081124:1900,5.93,85.7,0.0,-0.0,0.0,-2.5,5.38,16.0,101480.0
20081124:2000,6.22,85.7,0.0,-0.0,0.0,0.55,5.79,3.0,101460.0
20081124:2100,5.66,88.9,0.0,-0.0,0.0,-2.5,6.21,356.0,101470.0
20081124:2200,6.19,85.7,21.05,16.01,19.65,1.9,5.59,336.0,101560.0
20081124:2300,5.6,88.9,71.15,13.28,67.8,1.15,5.52,335.0,101670.0
20081125:0000,5.3,92.25,213.3,174.04,146.85,-3.65,5.52,338.0,101720.0
20081125:0100,5.47,88.9,297.6,257.66,175.5,306.45,4.76,339.0,101800.0
20081125:0200,6.63,82.6,276.55,222.9,160.9,-0.55,4.34,347.0,101770.0
20081125:0300,7.37,79.65,248.3,166.96,162.55,-5.4,4.34,351.0,101720.0
20081125:0400,7.78,76.7,193.95,103.37,146.55,-4.05,3.86,346.0,101720.0
20081125:0500,8.84,68.7,103.1,95.13,69.1,10.45,3.17,341.0,101770.0
20081125:0600,9.08,66.25,49.05,74.86,32.8,5.95,2.83,337.0,101810.0
20081125:0700,9.73,66.35,2.15,4.25,1.95,-5.95,2.34,337.0,101870.0
20081125:0800,9.48,68.9,0.0,-0.0,0.0,-35.95,1.66,325.0,101940.0
20081125:0900,9.16,71.4,0.0,-0.0,0.0,4.45,1.1,311.0,101980.0
20081125:1000,7.87,76.8,0.0,-0.0,0.0,3.25,1.1,334.0,102000.0
20081125:1100,7.94,79.7,0.0,-0.0,0.0,-18.15,1.1,340.0,102020.0
20081125:1200,7.66,85.8,0.0,-0.0,0.0,-1.35,1.31,318.0,102040.0
20081125:1300,7.46,85.8,0.0,-0.0,0.0,8.9,1.86,310.0,102090.0
20081125:1400,7.04,89.0,0.0,-0.0,0.0,10.45,2.34,320.0,102150.0
20081125:1500,7.09,89.0,0.0,-0.0,0.0,24.75,2.69,321.0,102140.0
20081125:1600,7.24,85.75,0.0,-0.0,0.0,-27.45,2.55,318.0,102220.0
20081125:1700,7.05,85.75,0.0,-0.0,0.0,-3.05,1.86,314.0,102220.0
20081125:1800,7.06,82.6,0.0,-0.0,0.0,18.35,1.38,302.0,102240.0
20081125:1900,7.3,82.6,0.0,-0.0,0.0,-28.8,1.38,293.0,102270.0
20081125:2000,7.06,82.6,0.0,-0.0,0.0,-3.45,1.1,283.0,102310.0
20081125:2100,7.03,82.6,0.0,-0.0,0.0,-11.4,1.03,284.0,102370.0
20081125:2200,7.94,85.85,126.45,955.91,46.0,-4.25,1.31,285.0,102390.0
20081125:2300,7.4,82.65,286.65,867.69,70.7,0.0,1.66,301.0,102470.0
20081126:0000,7.59,79.65,418.15,873.03,87.65,0.55,1.79,329.0,102580.0
20081126:0100,7.86,73.95,459.25,761.19,100.9,248.8,2.07,1.0,102540.0
20081126:0200,9.11,68.8,448.85,616.74,130.65,14.5,2.34,6.0,102560.0
20081126:0300,9.59,61.55,335.45,324.17,169.8,29.0,2.41,1.0,102480.0
20081126:0400,9.95,64.0,214.6,213.91,117.0,13.5,2.55,3.0,102450.0
20081126:0500,9.75,66.35,146.25,202.54,74.25,-2.5,2.41,15.0,102510.0
20081126:0600,9.72,68.9,60.75,124.35,33.95,1.15,2.34,29.0,102510.0
20081126:0700,10.17,66.45,1.75,4.36,1.55,-12.35,2.14,41.0,102580.0
20081126:0800,9.89,66.45,0.0,-0.0,0.0,6.15,1.38,48.0,102580.0
20081126:0900,9.17,71.4,0.0,-0.0,0.0,-29.6,1.45,50.0,102620.0
20081126:1000,8.4,74.05,0.0,-0.0,0.0,-11.4,1.52,34.0,102640.0
20081126:1100,8.6,74.05,0.0,-0.0,0.0,8.1,0.48,57.0,102640.0
20081126:1200,8.54,79.75,0.0,-0.0,0.0,-6.35,0.69,196.0,102690.0
20081126:1300,8.41,79.75,0.0,-0.0,0.0,11.4,1.38,207.0,102670.0
20081126:1400,7.83,85.8,0.0,-0.0,0.0,14.5,1.38,211.0,102630.0
20081126:1500,7.56,85.8,0.0,-0.0,0.0,9.85,1.31,218.0,102570.0
20081126:1600,7.69,82.65,0.0,-0.0,0.0,12.75,0.97,230.0,102550.0
20081126:1700,7.51,82.65,0.0,-0.0,0.0,-16.6,1.1,226.0,102490.0
20081126:1800,7.1,82.6,0.0,-0.0,0.0,-8.9,1.38,223.0,102440.0
20081126:1900,7.18,82.6,0.0,-0.0,0.0,9.85,1.72,220.0,102380.0
20081126:2000,6.55,82.6,0.0,-0.0,0.0,-0.75,1.79,218.0,102360.0
20081126:2100,6.62,82.6,0.0,-0.0,0.0,-19.35,2.34,211.0,102340.0
20081126:2200,7.21,85.75,104.7,620.14,54.5,-10.45,2.28,228.0,102360.0
20081126:2300,6.81,82.6,255.3,683.0,87.55,3.45,2.21,212.0,102310.0
20081127:0000,7.14,82.6,354.25,658.76,106.95,3.05,2.41,203.0,102310.0
20081127:0100,7.79,79.65,384.45,545.17,129.45,287.7,2.69,196.0,102200.0
20081127:0200,9.19,68.8,278.45,302.75,123.1,8.9,3.59,188.0,102070.0
20081127:0300,9.06,68.8,178.85,109.35,123.25,13.35,4.28,194.0,101930.0
20081127:0400,8.53,74.05,80.15,25.44,68.6,19.5,3.38,192.0,101840.0
20081127:0500,8.15,79.7,52.2,17.53,46.0,2.5,3.03,198.0,101800.0
20081127:0600,8.25,79.7,25.45,3.27,24.75,-0.35,3.03,200.0,101770.0
20081127:0700,8.86,79.75,0.8,0.0,0.8,0.0,3.31,202.0,101740.0
20081127:0800,8.38,79.75,0.0,-0.0,0.0,-5.6,3.45,202.0,101800.0
20081127:0900,8.51,79.75,0.0,-0.0,0.0,2.9,3.03,207.0,101760.0
20081127:1000,8.05,92.4,0.0,-0.0,0.0,-2.3,1.72,223.0,101720.0
20081127:1100,8.76,92.4,0.0,-0.0,0.0,11.0,1.38,228.0,101700.0
20081127:1200,8.8,92.4,0.0,-0.0,0.0,-7.15,1.1,253.0,101620.0
20081127:1300,9.6,89.15,0.0,-0.0,0.0,13.5,1.1,261.0,101650.0
20081127:1400,9.66,89.15,0.0,-0.0,0.0,-1.35,1.17,250.0,101670.0
20081127:1500,9.05,92.45,0.0,-0.0,0.0,-5.0,1.1,273.0,101520.0
20081127:1600,9.05,89.1,0.0,-0.0,0.0,-2.7,0.9,295.0,101430.0
20081127:1700,8.25,95.8,0.0,-0.0,0.0,-0.95,0.9,324.0,101390.0
20081127:1800,8.23,92.4,0.0,-0.0,0.0,1.9,1.59,21.0,101280.0
20081127:1900,8.55,89.1,0.0,-0.0,0.0,4.6,1.79,48.0,101120.0
20081127:2000,8.53,92.4,0.0,-0.0,0.0,2.7,2.76,54.0,101040.0
20081127:2100,8.72,95.85,0.0,-0.0,0.0,1.5,4.62,74.0,100850.0
20081127:2200,8.9,89.1,9.85,0.0,9.85,3.65,2.76,33.0,100790.0
20081127:2300,8.82,92.4,32.95,13.2,29.75,4.25,3.59,44.0,100740.0
20081128:0000,9.49,89.15,39.15,0.0,39.15,1.35,4.9,53.0,100590.0
20081128:0100,10.2,92.5,75.55,20.87,65.85,361.25,4.48,46.0,100400.0
20081128:0200,10.98,92.55,57.8,0.0,57.8,0.75,3.86,31.0,100100.0
20081128:0300,11.04,92.55,70.5,11.86,64.5,5.8,3.31,14.0,99870.0
20081128:0400,10.99,95.9,36.2,0.33,36.05,1.35,4.28,355.0,99690.0
20081128:0500,10.23,95.9,53.15,38.5,39.6,0.15,6.48,331.0,99580.0
20081128:0600,8.87,89.1,9.45,0.71,9.3,-12.55,10.9,326.0,99640.0
20081128:0700,9.07,79.85,0.25,0.0,0.25,-5.4,11.03,319.0,99830.0
20081128:0800,9.41,77.0,0.0,-0.0,0.0,-11.0,8.41,308.0,100030.0
20081128:0900,9.26,82.85,0.0,-0.0,0.0,-5.0,7.1,314.0,100170.0
20081128:1000,8.7,79.75,0.0,-0.0,0.0,-15.65,5.03,313.0,100360.0
20081128:1100,8.69,79.75,0.0,-0.0,0.0,-21.45,4.28,294.0,100490.0
20081128:1200,8.95,74.15,0.0,-0.0,0.0,-4.8,3.45,296.0,100660.0
20081128:1300,8.86,76.85,0.0,-0.0,0.0,-5.8,3.31,304.0,100800.0
20081128:1400,8.73,76.85,0.0,-0.0,0.0,-23.2,4.0,304.0,100940.0
20081128:1500,8.76,76.85,0.0,-0.0,0.0,-2.5,4.55,307.0,101040.0
20081128:1600,8.92,74.15,0.0,-0.0,0.0,-9.85,4.55,310.0,101120.0
20081128:1700,8.03,79.7,0.0,-0.0,0.0,-3.05,3.93,310.0,101150.0
20081128:1800,8.92,76.95,0.0,-0.0,0.0,-1.5,2.83,303.0,101180.0
20081128:1900,8.91,79.85,0.0,-0.0,0.0,-0.55,1.31,269.0,101230.0
20081128:2000,8.49,85.9,0.0,-0.0,0.0,0.35,1.31,236.0,101310.0
20081128:2100,8.31,89.05,0.0,-0.0,0.0,2.9,1.86,225.0,101400.0
20081128:2200,8.49,76.85,121.1,996.88,46.65,14.9,2.9,221.0,101480.0
20081128:2300,8.7,76.85,272.35,816.32,77.05,-7.15,3.38,229.0,101560.0
20081129:0000,8.82,74.05,373.5,652.48,132.55,10.45,3.59,245.0,101540.0
20081129:0100,9.27,68.8,456.5,721.2,123.35,270.25,3.38,254.0,101540.0
20081129:0200,11.25,55.3,499.2,756.6,115.0,-1.5,2.76,242.0,101450.0
20081129:0300,12.83,51.65,397.4,522.59,134.15,-0.35,2.55,213.0,101360.0
20081129:0400,13.38,51.75,210.6,156.87,140.0,28.6,3.38,184.0,101270.0
20081129:0500,13.28,57.9,132.6,174.53,71.45,18.15,4.41,182.0,101190.0
20081129:0600,12.92,60.05,84.0,231.18,35.1,1.35,4.69,172.0,101150.0
20081129:0700,12.63,64.55,1.9,4.66,1.7,-42.55,5.38,176.0,101130.0
20081129:0800,11.94,71.95,0.0,-0.0,0.0,6.75,5.59,184.0,101100.0
20081129:0900,11.49,71.85,0.0,-0.0,0.0,31.35,5.17,190.0,101080.0
20081129:1000,11.37,83.05,0.0,-0.0,0.0,25.7,4.69,204.0,101030.0
20081129:1100,10.81,92.5,0.0,-0.0,0.0,-4.05,4.48,206.0,100920.0
20081129:1200,10.73,89.25,0.0,-0.0,0.0,-25.5,3.72,219.0,100850.0
20081129:1300,10.66,86.05,0.0,-0.0,0.0,-25.7,2.9,233.0,100750.0
20081129:1400,10.54,80.05,0.0,-0.0,0.0,-14.9,2.48,244.0,100700.0
20081129:1500,10.1,77.1,0.0,-0.0,0.0,-4.45,2.14,245.0,100690.0
20081129:1600,9.69,79.9,0.0,-0.0,0.0,-2.3,1.86,251.0,100670.0
20081129:1700,8.62,79.75,0.0,-0.0,0.0,-2.5,2.62,268.0,100770.0
20081129:1800,8.71,76.85,0.0,-0.0,0.0,3.45,5.59,272.0,100870.0
20081129:1900,8.44,71.35,0.0,-0.0,0.0,-4.8,7.79,265.0,100910.0
20081129:2000,8.92,66.25,0.0,-0.0,0.0,-8.7,8.34,259.0,100950.0
20081129:2100,9.38,57.05,0.0,-0.0,0.0,-0.55,8.21,263.0,101050.0
20081129:2200,10.68,55.15,118.15,1044.24,43.35,-0.15,7.1,267.0,101270.0
20081129:2300,10.29,55.05,277.55,888.17,67.8,-0.35,5.1,272.0,101290.0
20081130:0000,9.92,51.0,395.35,843.2,86.45,0.35,4.83,277.0,101410.0
20081130:0100,9.48,52.85,462.2,805.06,92.55,254.0,5.1,296.0,101510.0
20081130:0200,9.16,56.9,496.1,763.56,110.3,1.35,5.24,303.0,101500.0
20081130:0300,9.13,54.8,463.25,735.25,94.5,0.95,5.72,298.0,101470.0
20081130:0400,8.93,56.9,365.55,598.07,97.5,-9.45,5.93,291.0,101520.0
20081130:0500,8.42,56.8,238.9,436.52,86.6,4.8,6.48,291.0,101620.0
20081130:0600,7.86,54.55,90.1,253.56,36.75,-4.8,6.41,291.0,101720.0
20081130:0700,7.42,56.55,2.15,8.3,1.8,-5.4,6.28,289.0,101870.0
20081130:0800,6.9,61.0,0.0,-0.0,0.0,-2.3,5.93,287.0,101970.0
20081130:0900,6.78,61.0,0.0,-0.0,0.0,-8.3,5.31,290.0,102070.0
20081130:1000,6.13,58.55,0.0,-0.0,0.0,-1.5,4.14,286.0,102070.0
20081130:1100,6.22,58.55,0.0,-0.0,0.0,0.75,4.28,289.0,102200.0
20081130:1200,5.99,58.55,0.0,-0.0,0.0,8.3,4.34,291.0,102280.0
20081130:1300,5.79,60.75,0.0,-0.0,0.0,6.15,4.34,293.0,102330.0
20081130:1400,5.46,65.65,0.0,-0.0,0.0,-4.05,4.28,290.0,102400.0
20081130:1500,5.18,65.55,0.0,-0.0,0.0,6.55,4.28,291.0,102420.0
20081130:1600,4.1,75.58,0.0,-0.0,0.0,6.3,3.61,296.0,102470.0
20081130:1700,4.51,73.02,0.0,-0.0,0.0,7.53,3.67,302.0,102490.0
20081130:1800,4.91,70.47,0.0,-0.0,0.0,8.76,3.72,306.0,102510.0
20081130:1900,5.32,67.91,0.0,-0.0,0.0,9.99,3.78,310.0,102520.0
20081130:2000,5.72,65.36,0.0,-0.0,0.0,11.22,3.83,314.0,102580.0
20081130:2100,6.13,62.8,0.0,-0.0,0.0,12.45,3.89,319.0,102620.0
20081130:2200,6.54,60.24,109.45,904.79,47.35,13.68,3.95,314.0,102670.0
20081130:2300,6.94,57.69,269.9,830.62,76.25,14.9,4.0,324.0,102750.0
20051201:0000,7.35,55.13,415.25,918.13,78.9,16.13,4.06,271.0,102050.0
20051201:0100,7.75,52.58,487.6,851.99,96.4,17.36,4.11,289.0,102020.0
20051201:0200,8.16,50.02,507.65,794.33,106.3,18.59,4.17,294.0,101940.0
20051201:0300,8.57,47.46,428.5,530.18,162.6,19.82,4.23,298.0,101880.0
20051201:0400,8.97,44.91,363.85,548.87,117.85,21.05,4.28,302.0,101850.0
20051201:0500,9.38,42.35,223.45,394.25,85.9,22.28,4.34,301.0,101860.0
20051201:0600,9.78,39.8,86.55,223.85,39.45,23.51,4.39,298.0,101920.0
20051201:0700,10.19,37.24,1.95,8.3,1.6,24.73,4.45,294.0,101970.0
20051201:0800,9.27,45.25,0.0,-0.0,0.0,-2.7,2.83,286.0,102010.0
20051201:0900,8.52,50.6,0.0,-0.0,0.0,-9.45,1.72,280.0,102010.0
20051201:1000,6.53,63.25,0.0,-0.0,0.0,-4.45,1.17,268.0,101980.0
20051201:1100,6.7,65.85,0.0,-0.0,0.0,-1.9,1.17,255.0,101930.0
20051201:1200,6.87,71.05,0.0,-0.0,0.0,-0.55,1.38,240.0,101930.0
20051201:1300,6.34,73.7,0.0,-0.0,0.0,0.95,1.72,231.0,101850.0
20051201:1400,5.69,76.5,0.0,-0.0,0.0,2.1,2.41,222.0,101800.0
20051201:1500,6.21,68.3,0.0,-0.0,0.0,2.3,3.38,212.0,101700.0
20051201:1600,6.03,68.2,0.0,-0.0,0.0,2.3,4.55,200.0,101590.0
20051201:1700,6.32,68.3,0.0,-0.0,0.0,2.9,5.03,203.0,101500.0
20051201:1800,6.79,68.4,0.0,-0.0,0.0,3.85,5.1,211.0,101410.0
20051201:1900,7.13,65.95,0.0,-0.0,0.0,10.6,4.76,226.0,101410.0
20051201:2000,6.87,71.05,0.0,-0.0,0.0,9.25,4.41,231.0,101400.0
20051201:2100,6.97,73.8,0.0,-0.0,0.0,-9.25,3.86,233.0,101380.0
20051201:2200,7.67,66.05,110.35,974.0,43.5,-8.5,2.9,233.0,101400.0
20051201:2300,7.51,71.15,271.55,882.3,65.85,-0.35,2.83,225.0,101400.0
20051202:0000,9.0,63.8,408.7,899.51,81.75,0.15,3.1,234.0,101440.0
20051202:0100,9.63,59.25,494.85,897.1,85.35,250.55,3.93,253.0,101430.0
20051202:0200,10.64,53.1,486.35,790.52,88.85,1.7,3.66,280.0,101350.0
20051202:0300,10.86,49.3,448.15,682.5,107.3,3.45,4.07,291.0,101300.0
20051202:0400,10.86,49.3,343.5,511.94,114.95,7.9,4.41,290.0,101280.0
20051202:0500,10.37,47.35,216.9,357.25,92.75,5.0,4.14,293.0,101260.0
20051202:0600,10.0,49.05,66.35,76.41,50.35,-4.8,4.14,292.0,101310.0
20051202:0700,9.74,52.95,1.5,0.0,1.5,9.05,3.86,295.0,101340.0
20051202:0800,9.02,59.15,0.0,-0.0,0.0,2.7,4.34,301.0,101370.0
20051202:0900,8.48,61.3,0.0,-0.0,0.0,-18.35,4.62,306.0,101400.0
20051202:1000,7.15,63.5,0.0,-0.0,0.0,-9.85,1.72,295.0,101310.0
20051202:1100,6.93,68.4,0.0,-0.0,0.0,-8.3,2.69,295.0,101390.0
20051202:1200,6.4,70.95,0.0,-0.0,0.0,-1.9,4.34,300.0,101390.0
20051202:1300,5.82,68.2,0.0,-0.0,0.0,-2.7,4.69,301.0,101320.0
20051202:1400,5.15,65.55,0.0,-0.0,0.0,-2.9,4.76,296.0,101290.0
20051202:1500,5.05,65.4,0.0,-0.0,0.0,-1.35,5.03,294.0,101260.0
20051202:1600,4.79,65.4,0.0,-0.0,0.0,-4.25,5.38,294.0,101230.0
20051202:1700,4.22,65.3,0.0,-0.0,0.0,1.9,5.86,296.0,101250.0
20051202:1800,4.09,67.8,0.0,-0.0,0.0,-6.15,5.93,297.0,101260.0
20051202:1900,4.18,65.3,0.0,-0.0,0.0,3.05,5.86,297.0,101230.0
20051202:2000,4.0,65.2,0.0,-0.0,0.0,1.7,5.86,298.0,101240.0
20051202:2100,3.75,65.2,0.0,-0.0,0.0,-6.15,6.14,295.0,101270.0
20051202:2200,4.09,62.8,114.55,1113.44,41.4,2.1,4.55,278.0,101220.0
20051202:2300,4.04,62.7,278.0,925.33,65.0,-3.05,5.24,281.0,101270.0
20051203:0000,3.96,65.2,405.8,906.32,78.9,-0.35,5.79,284.0,101250.0
20051203:0100,4.56,60.4,482.75,859.06,92.85,220.9,5.31,281.0,101160.0
20051203:0200,5.75,51.95,505.05,802.9,103.2,5.0,6.0,277.0,101010.0
20051203:0300,6.58,46.25,442.3,642.64,122.65,2.3,6.83,275.0,100930.0
20051203:0400,6.34,48.15,313.25,432.9,120.7,27.25,6.48,279.0,100880.0
20051203:0500,5.54,60.65,161.7,153.21,108.65,-1.9,5.79,294.0,100910.0
20051203:0600,5.02,68.0,59.1,44.85,49.75,22.25,5.1,288.0,100950.0
20051203:0700,4.82,68.0,1.45,0.0,1.45,-5.95,4.55,266.0,100990.0
20051203:0800,4.61,65.4,0.0,-0.0,0.0,1.7,4.55,256.0,100980.0
20051203:0900,4.13,67.9,0.0,-0.0,0.0,-22.6,4.28,263.0,100990.0
20051203:1000,3.81,76.15,0.0,-0.0,0.0,11.6,3.86,266.0,100980.0
20051203:1100,3.61,79.15,0.0,-0.0,0.0,-26.1,4.0,265.0,100980.0
20051203:1200,3.74,76.15,0.0,-0.0,0.0,6.75,4.14,263.0,100970.0
20051203:1300,3.5,73.2,0.0,-0.0,0.0,-16.8,4.14,268.0,100950.0
20051203:1400,3.72,67.8,0.0,-0.0,0.0,-2.3,4.55,277.0,100960.0
20051203:1500,3.56,67.7,0.0,-0.0,0.0,-1.15,4.76,284.0,101000.0
20051203:1600,3.76,67.8,0.0,-0.0,0.0,4.05,4.55,288.0,101000.0
20051203:1700,4.11,70.6,0.0,-0.0,0.0,-2.5,4.14,293.0,101050.0
20051203:1800,4.33,73.4,0.0,-0.0,0.0,3.25,4.21,287.0,101060.0
20051203:1900,4.25,73.4,0.0,-0.0,0.0,0.75,4.07,286.0,101050.0
20051203:2000,4.29,73.4,0.0,-0.0,0.0,0.95,3.66,284.0,101080.0
20051203:2100,4.56,76.25,0.0,-0.0,0.0,0.35,3.38,286.0,101090.0
20051203:2200,4.28,73.4,106.05,998.88,43.3,0.0,2.76,261.0,101150.0
20051203:2300,3.55,73.2,254.65,777.14,78.0,1.7,3.24,239.0,101250.0
20051204:0000,3.76,65.2,347.2,614.97,127.05,1.35,3.38,249.0,101210.0
20051204:0100,4.19,65.3,430.65,624.23,148.9,242.8,2.55,267.0,101100.0
20051204:0200,5.07,65.4,448.4,603.6,147.65,13.15,1.93,287.0,100970.0
20051204:0300,6.59,56.3,270.8,140.87,201.0,-4.25,1.59,270.0,100920.0
20051204:0400,7.11,52.2,243.55,200.11,154.85,42.35,0.14,182.0,100800.0
20051204:0500,7.42,50.35,151.25,119.68,109.95,-6.75,1.31,117.0,100700.0
20051204:0600,7.59,52.35,33.9,23.59,29.0,-1.35,3.31,134.0,100650.0
20051204:0700,7.57,61.1,1.0,0.0,1.0,12.55,4.55,142.0,100630.0
20051204:0800,7.08,71.05,0.0,-0.0,0.0,-2.9,4.76,148.0,100580.0
20051204:0900,6.58,79.5,0.0,-0.0,0.0,9.05,4.55,152.0,100500.0
20051204:1000,5.16,85.6,0.0,-0.0,0.0,5.95,3.38,154.0,100430.0
20051204:1100,5.4,85.6,0.0,-0.0,0.0,0.55,4.0,142.0,100330.0
20051204:1200,4.2,95.75,0.0,-0.0,0.0,-4.45,4.41,137.0,100190.0
20051204:1300,4.66,85.55,0.0,-0.0,0.0,5.4,3.86,132.0,100020.0
20051204:1400,4.37,95.75,0.0,-0.0,0.0,-0.55,2.97,126.0,99820.0
20051204:1500,4.91,95.75,0.0,-0.0,0.0,12.35,2.21,111.0,99700.0
20051204:1600,5.27,95.75,0.0,-0.0,0.0,-5.4,1.52,333.0,99550.0
20051204:1700,4.62,95.75,0.0,-0.0,0.0,7.5,6.34,310.0,99570.0
20051204:1800,2.67,92.15,0.0,-0.0,0.0,-1.15,9.1,315.0,99460.0
20051204:1900,2.65,92.15,0.0,-0.0,0.0,-10.8,7.1,320.0,99350.0
20051204:2000,3.05,92.15,0.0,-0.0,0.0,-15.85,6.21,324.0,99340.0
20051204:2100,3.36,85.4,0.0,-0.0,0.0,-2.1,6.14,322.0,99400.0
20051204:2200,4.03,85.45,31.5,0.0,31.5,-2.5,6.0,321.0,99430.0
20051204:2300,3.32,85.4,76.55,18.49,72.4,-3.05,5.38,313.0,99550.0
20051205:0000,3.45,82.2,131.05,28.56,120.9,0.15,4.97,322.0,99600.0
20051205:0100,3.53,85.4,164.8,17.82,156.8,288.45,5.79,315.0,99690.0
20051205:0200,4.07,82.25,133.5,0.0,133.5,0.55,5.79,311.0,99680.0
20051205:0300,4.45,79.2,177.35,17.93,168.5,-1.15,6.14,310.0,99700.0
20051205:0400,4.82,73.45,158.9,14.94,152.3,0.95,6.0,312.0,99730.0
20051205:0500,5.53,70.8,115.85,5.96,113.8,-4.25,5.52,308.0,99820.0
20051205:0600,5.88,68.2,39.9,12.56,37.3,-2.9,4.83,303.0,99860.0
20051205:0700,6.91,63.35,1.3,0.0,1.3,6.15,4.21,305.0,99950.0
20051205:0800,6.63,71.05,0.0,-0.0,0.0,-14.5,3.45,303.0,99980.0
20051205:0900,7.02,76.65,0.0,-0.0,0.0,-11.2,3.1,295.0,100040.0
20051205:1000,5.91,73.65,0.0,-0.0,0.0,-0.55,2.28,278.0,100120.0
20051205:1100,5.43,76.4,0.0,-0.0,0.0,-11.95,1.72,296.0,100170.0
20051205:1200,5.44,76.4,0.0,-0.0,0.0,-10.45,1.79,326.0,100200.0
20051205:1300,5.55,76.4,0.0,-0.0,0.0,6.55,2.55,345.0,100260.0
20051205:1400,5.59,79.35,0.0,-0.0,0.0,-3.45,3.17,355.0,100290.0
20051205:1500,5.44,79.35,0.0,-0.0,0.0,-1.9,3.31,359.0,100370.0
20051205:1600,5.69,79.4,0.0,-0.0,0.0,-1.7,3.72,1.0,100430.0
20051205:1700,5.83,82.5,0.0,-0.0,0.0,3.65,3.93,7.0,100530.0
20051205:1800,5.93,82.5,0.0,-0.0,0.0,16.05,3.93,8.0,100560.0
20051205:1900,6.0,85.65,0.0,-0.0,0.0,38.7,3.79,5.0,100570.0
20051205:2000,6.24,79.5,0.0,-0.0,0.0,-15.65,4.34,8.0,100600.0
20051205:2100,6.21,79.5,0.0,-0.0,0.0,-11.4,4.21,7.0,100690.0
20051205:2200,6.07,92.3,44.55,75.1,40.25,37.9,3.59,351.0,100770.0
20051205:2300,5.65,92.3,80.7,18.04,76.7,-3.25,4.34,0.0,100910.0
20051206:0000,5.06,92.25,132.2,31.6,121.05,7.35,4.07,359.0,100970.0
20051206:0100,4.8,92.25,170.7,87.66,131.55,297.95,4.55,355.0,101010.0
20051206:0200,4.91,92.25,264.75,176.79,177.4,10.8,4.34,344.0,101060.0
20051206:0300,4.86,92.25,265.95,168.59,183.0,-14.5,4.69,340.0,101040.0
20051206:0400,4.96,95.75,262.3,277.97,139.85,-2.3,4.34,344.0,101070.0
20051206:0500,5.4,92.25,170.0,218.01,95.2,-9.25,3.86,351.0,101120.0
20051206:0600,5.24,92.25,62.1,91.07,43.3,-7.15,3.31,355.0,101200.0
20051206:0700,6.25,85.7,1.4,0.0,1.4,6.35,2.55,355.0,101280.0
20051206:0800,6.1,85.65,0.0,-0.0,0.0,-8.7,1.59,343.0,101360.0
20051206:0900,6.87,79.55,0.0,-0.0,0.0,-23.6,1.79,338.0,101370.0
20051206:1000,5.98,79.4,0.0,-0.0,0.0,-3.45,1.31,346.0,101390.0
20051206:1100,4.28,88.8,0.0,-0.0,0.0,-6.35,1.31,299.0,101440.0
20051206:1200,2.8,92.15,0.0,-0.0,0.0,4.8,1.31,287.0,101490.0
20051206:1300,3.18,88.7,0.0,-0.0,0.0,3.25,1.45,281.0,101530.0
20051206:1400,3.53,92.15,0.0,-0.0,0.0,2.1,2.48,283.0,101490.0
20051206:1500,4.29,85.5,0.0,-0.0,0.0,3.05,3.03,291.0,101490.0
20051206:1600,4.28,85.5,0.0,-0.0,0.0,-1.7,3.38,300.0,101520.0
20051206:1700,3.47,88.7,0.0,-0.0,0.0,-4.25,3.38,308.0,101550.0
20051206:1800,3.28,88.7,0.0,-0.0,0.0,-2.7,3.38,312.0,101560.0
20051206:1900,3.38,88.7,0.0,-0.0,0.0,13.15,3.03,311.0,101590.0
20051206:2000,4.07,88.75,0.0,-0.0,0.0,-1.15,2.62,307.0,101630.0
20051206:2100,4.41,88.8,0.0,-0.0,0.0,3.05,2.41,300.0,101680.0
20051206:2200,5.14,82.4,82.0,557.08,51.6,-6.35,1.72,279.0,101690.0
20051206:2300,4.62,85.55,200.65,465.98,98.55,-3.25,2.07,283.0,101780.0
20051207:0000,4.97,79.3,348.25,655.43,118.6,10.05,1.86,287.0,101820.0
20051207:0100,4.65,70.7,402.3,533.76,165.1,252.85,1.93,301.0,101870.0
20051207:0200,5.63,60.75,463.05,671.53,132.55,8.3,2.62,312.0,101820.0
20051207:0300,7.0,56.45,405.3,566.14,127.65,-6.75,2.76,323.0,101740.0
20051207:0400,7.51,52.35,351.4,584.67,94.55,3.05,3.03,330.0,101700.0
20051207:0500,7.99,46.65,217.15,432.83,69.0,-15.65,2.97,335.0,101720.0
20051207:0600,8.17,45.0,82.4,218.71,37.35,1.15,2.28,336.0,101760.0
20051207:0700,8.96,43.4,1.55,0.0,1.55,6.0,1.1,340.0,101800.0
20051207:0800,8.38,54.65,0.0,-0.0,0.0,-12.35,1.59,322.0,101830.0
20051207:0900,8.49,61.3,0.0,-0.0,0.0,-2.7,1.79,301.0,101870.0
20051207:1000,7.01,73.8,0.0,-0.0,0.0,-0.35,1.79,266.0,101910.0
20051207:1100,6.93,73.8,0.0,-0.0,0.0,-3.45,1.52,258.0,101960.0
20051207:1200,6.75,76.65,0.0,-0.0,0.0,-0.35,1.59,260.0,101980.0
20051207:1300,6.12,79.5,0.0,-0.0,0.0,-2.1,1.59,270.0,101980.0
20051207:1400,5.31,82.4,0.0,-0.0,0.0,-0.75,1.45,294.0,101940.0
20051207:1500,5.42,85.6,0.0,-0.0,0.0,0.0,1.24,301.0,101940.0
20051207:1600,5.31,88.85,0.0,-0.0,0.0,2.3,1.38,285.0,101970.0
20051207:1700,3.99,92.15,0.0,-0.0,0.0,-0.95,1.45,275.0,102010.0
20051207:1800,4.32,88.8,0.0,-0.0,0.0,2.7,1.52,277.0,101980.0
20051207:1900,4.09,88.8,0.0,-0.0,0.0,-1.7,1.59,283.0,101960.0
20051207:2000,3.77,88.75,0.0,-0.0,0.0,3.25,1.59,294.0,101980.0
20051207:2100,3.36,92.15,0.0,-0.0,0.0,2.3,1.66,308.0,101990.0
20051207:2200,4.65,88.85,91.6,928.71,43.35,-1.15,1.24,305.0,102050.0
20051207:2300,4.45,88.8,239.9,720.69,83.85,18.15,1.66,317.0,102030.0
20051208:0000,5.04,79.3,352.6,724.37,100.5,-4.8,1.24,340.0,102110.0
20051208:0100,5.06,70.7,401.6,670.63,105.0,250.35,0.97,34.0,102050.0
20051208:0200,6.41,60.85,449.2,675.96,117.75,8.5,1.31,71.0,101980.0
20051208:0300,7.06,61.0,390.95,590.24,102.35,-3.05,1.45,81.0,101870.0
20051208:0400,7.31,58.8,325.0,491.66,109.55,-1.7,1.45,95.0,101810.0
20051208:0500,6.97,68.4,195.4,308.57,90.0,1.9,2.0,97.0,101770.0
20051208:0600,6.98,68.4,71.45,151.49,40.3,10.45,1.93,96.0,101760.0
20051208:0700,7.46,68.5,1.55,0.0,1.55,12.55,2.14,98.0,101760.0
20051208:0800,7.05,76.65,0.0,-0.0,0.0,-20.1,1.31,115.0,101780.0
20051208:0900,5.2,79.35,0.0,-0.0,0.0,14.5,1.72,129.0,101800.0
20051208:1000,6.94,73.8,0.0,-0.0,0.0,-2.9,1.31,153.0,101800.0
20051208:1100,6.98,76.65,0.0,-0.0,0.0,-10.45,1.31,175.0,101760.0
20051208:1200,7.13,79.65,0.0,-0.0,0.0,5.2,1.45,216.0,101770.0
20051208:1300,6.73,85.75,0.0,-0.0,0.0,9.05,1.52,236.0,101730.0
20051208:1400,6.1,92.3,0.0,-0.0,0.0,-18.95,1.59,244.0,101730.0
20051208:1500,5.95,88.9,0.0,-0.0,0.0,19.9,1.31,244.0,101670.0
20051208:1600,5.79,88.9,0.0,-0.0,0.0,-14.7,1.03,244.0,101680.0
20051208:1700,5.01,92.25,0.0,-0.0,0.0,2.5,1.31,237.0,101640.0
20051208:1800,5.03,92.25,0.0,-0.0,0.0,-9.85,1.38,231.0,101590.0
20051208:1900,4.65,92.25,0.0,-0.0,0.0,-0.35,1.66,232.0,101560.0
20051208:2000,4.39,92.2,0.0,-0.0,0.0,10.45,2.21,238.0,101550.0
20051208:2100,4.24,92.2,0.0,-0.0,0.0,15.25,2.62,239.0,101560.0
20051208:2200,3.79,88.75,75.95,689.18,41.9,-5.6,2.97,237.0,101640.0
20051208:2300,3.66,85.45,224.45,676.55,79.65,-4.8,2.97,231.0,101570.0
20051209:0000,5.24,73.55,368.05,781.18,97.95,-15.85,3.03,231.0,101620.0
20051209:0100,5.91,70.85,457.25,847.26,84.25,245.1,3.93,252.0,101570.0
20051209:0200,7.26,61.1,499.4,844.42,86.8,-5.4,4.41,278.0,101540.0
20051209:0300,8.79,56.9,458.3,764.16,85.7,5.6,4.55,300.0,101460.0
20051209:0400,9.32,54.9,357.0,614.78,88.2,1.7,4.41,310.0,101420.0
20051209:0500,9.76,47.2,198.1,365.43,73.5,8.9,4.14,314.0,101410.0
20051209:0600,9.46,50.85,81.0,209.62,37.95,12.15,3.66,324.0,101430.0
20051209:0700,9.26,50.85,1.5,0.0,1.5,-11.6,3.31,328.0,101500.0
20051209:0800,8.11,61.2,0.0,-0.0,0.0,-8.3,3.79,324.0,101580.0
20051209:0900,7.68,61.2,0.0,-0.0,0.0,-3.05,4.14,323.0,101660.0
20051209:1000,6.06,68.2,0.0,-0.0,0.0,-4.6,3.38,312.0,101660.0
20051209:1100,5.91,68.2,0.0,-0.0,0.0,3.65,3.03,299.0,101640.0
20051209:1200,6.19,68.3,0.0,-0.0,0.0,-3.45,2.21,285.0,101650.0
20051209:1300,6.12,70.95,0.0,-0.0,0.0,0.15,1.31,260.0,101560.0
20051209:1400,5.31,76.4,0.0,-0.0,0.0,11.0,1.86,256.0,101520.0
20051209:1500,5.14,82.4,0.0,-0.0,0.0,-19.15,1.93,245.0,101520.0
20051209:1600,4.92,88.85,0.0,-0.0,0.0,-1.5,2.97,252.0,101520.0
20051209:1700,4.15,88.8,0.0,-0.0,0.0,1.35,4.41,272.0,101500.0
20051209:1800,4.23,82.3,0.0,-0.0,0.0,-4.05,4.07,299.0,101540.0
20051209:1900,4.35,79.2,0.0,-0.0,0.0,12.35,3.66,322.0,101580.0
20051209:2000,4.18,73.4,0.0,-0.0,0.0,15.45,2.97,331.0,101590.0
20051209:2100,4.46,73.4,0.0,-0.0,0.0,-3.45,2.48,319.0,101640.0
20051209:2200,5.0,82.35,85.2,1017.45,37.45,-16.05,1.79,332.0,101640.0
20051209:2300,5.07,79.3,234.15,756.12,74.15,3.25,2.07,332.0,101620.0
20051210:0000,5.18,73.55,373.5,815.08,93.45,-2.9,1.17,285.0,101590.0
20051210:0100,5.48,68.1,449.3,787.22,104.25,242.8,3.31,253.0,101500.0
20051210:0200,6.03,65.65,496.05,841.06,86.45,-2.3,4.9,264.0,101430.0
20051210:0300,6.88,58.65,426.35,641.94,114.15,-4.6,5.24,278.0,101300.0
20051210:0400,6.81,63.35,354.25,574.63,103.5,3.65,6.28,283.0,101270.0
20051210:0500,6.54,65.75,212.4,450.24,59.1,2.9,6.55,285.0,101240.0
20051210:0600,6.22,68.3,90.75,268.97,35.55,3.65,5.79,288.0,101300.0
20051210:0700,5.97,70.85,1.6,0.0,1.6,-15.05,4.48,287.0,101340.0
20051210:0800,5.72,70.85,0.0,-0.0,0.0,9.65,3.86,285.0,101360.0
20051210:0900,4.9,76.3,0.0,-0.0,0.0,0.0,3.59,281.0,101370.0
20051210:1000,3.88,79.15,0.0,-0.0,0.0,-4.05,2.69,271.0,101400.0
20051210:1100,3.82,82.25,0.0,-0.0,0.0,4.25,2.62,262.0,101360.0
20051210:1200,3.69,79.15,0.0,-0.0,0.0,-3.45,3.45,270.0,101350.0
20051210:1300,3.29,79.1,0.0,-0.0,0.0,-5.8,3.93,274.0,101270.0
20051210:1400,3.01,82.15,0.0,-0.0,0.0,-2.5,4.0,273.0,101300.0
20051210:1500,2.73,76.0,0.0,-0.0,0.0,-2.3,3.79,277.0,101270.0
20051210:1600,2.59,76.0,0.0,-0.0,0.0,-3.85,4.14,289.0,101290.0
20051210:1700,2.03,75.95,0.0,-0.0,0.0,-5.2,4.55,299.0,101290.0
20051210:1800,2.04,73.0,0.0,-0.0,0.0,-0.35,5.03,304.0,101270.0
20051210:1900,1.91,70.2,0.0,-0.0,0.0,6.15,5.59,304.0,101250.0
20051210:2000,1.67,70.2,0.0,-0.0,0.0,-5.0,6.0,303.0,101250.0
20051210:2100,1.88,73.0,0.0,-0.0,0.0,-0.15,6.28,301.0,101360.0
20051210:2200,2.28,73.0,93.25,1267.96,36.79,0.15,4.48,304.0,101420.0
20051210:2300,2.32,70.2,251.15,902.42,62.3,0.55,4.41,300.0,101430.0
20051211:0000,2.07,67.5,384.5,887.98,81.25,-4.6,5.1,298.0,101480.0
20051211:0100,2.58,62.5,472.5,879.29,88.7,218.4,6.14,300.0,101480.0
20051211:0200,3.27,57.8,454.5,653.96,137.0,-1.15,6.48,304.0,101410.0
20051211:0300,4.27,53.65,364.55,386.23,177.15,36.15,6.62,299.0,101390.0
20051211:0400,3.86,53.5,286.75,249.19,178.2,1.35,6.62,300.0,101330.0
20051211:0500,4.03,53.5,195.3,242.13,112.95,-3.85,6.83,303.0,101310.0
20051211:0600,4.04,51.4,50.3,11.45,47.95,-1.35,6.41,306.0,101380.0
20051211:0700,3.89,49.4,1.4,1.25,1.35,0.0,5.31,303.0,101470.0
20051211:0800,4.11,49.55,0.0,-0.0,0.0,-2.7,4.69,299.0,101550.0
20051211:0900,4.02,55.7,0.0,-0.0,0.0,-22.6,4.21,299.0,101540.0
20051211:1000,1.42,57.45,0.0,-0.0,0.0,-9.65,2.83,300.0,101490.0
20051211:1100,1.37,57.45,0.0,-0.0,0.0,6.35,2.9,302.0,101460.0
20051211:1200,1.37,59.8,0.0,-0.0,0.0,-12.55,2.55,301.0,101540.0
20051211:1300,2.2,57.6,0.0,-0.0,0.0,4.8,2.55,303.0,101520.0
20051211:1400,1.81,59.95,0.0,-0.0,0.0,-3.85,2.34,292.0,101440.0
20051211:1500,1.43,62.25,0.0,-0.0,0.0,1.7,2.0,277.0,101430.0
20051211:1600,1.7,59.95,0.0,-0.0,0.0,0.35,1.79,259.0,101350.0
20051211:1700,1.81,62.35,0.0,-0.0,0.0,-0.95,1.66,249.0,101310.0
20051211:1800,1.83,64.9,0.0,-0.0,0.0,8.7,2.14,241.0,101270.0
20051211:1900,1.96,64.9,0.0,-0.0,0.0,-1.5,2.28,242.0,101220.0
20051211:2000,1.95,67.5,0.0,-0.0,0.0,0.55,2.55,251.0,101200.0
20051211:2100,1.63,64.9,0.0,-0.0,0.0,-2.1,2.76,263.0,101170.0
20051211:2200,1.24,67.4,92.5,1263.04,39.2,-3.25,2.69,260.0,101160.0
20051211:2300,0.69,70.05,224.9,648.49,90.65,2.5,2.62,262.0,101110.0
20051212:0000,1.13,67.4,375.4,831.02,93.25,15.25,3.17,273.0,101060.0
20051212:0100,1.68,64.9,468.4,871.61,89.45,221.3,3.66,280.0,101020.0
20051212:0200,3.16,60.15,486.75,800.33,99.3,0.55,3.17,279.0,100830.0
20051212:0300,4.43,53.65,402.9,625.59,100.0,5.2,2.83,280.0,100680.0
20051212:0400,5.15,49.8,270.1,321.05,130.45,12.35,3.31,267.0,100570.0
20051212:0500,5.57,47.85,163.65,160.22,109.2,39.85,2.62,266.0,100490.0
20051212:0600,5.57,46.0,60.2,78.92,44.0,-0.75,1.59,285.0,100420.0
20051212:0700,5.79,42.55,1.75,2.47,1.65,-19.9,1.24,329.0,100430.0
20051212:0800,5.24,49.8,0.0,-0.0,0.0,-13.9,0.9,342.0,100430.0
20051212:0900,4.77,58.2,0.0,-0.0,0.0,-9.45,0.97,358.0,100410.0
20051212:1000,4.37,60.4,0.0,-0.0,0.0,6.95,0.34,221.0,100230.0
20051212:1100,4.17,70.6,0.0,-0.0,0.0,12.15,1.52,249.0,100200.0
20051212:1200,3.73,73.3,0.0,-0.0,0.0,-6.15,1.31,242.0,100150.0
20051212:1300,4.09,67.9,0.0,-0.0,0.0,-6.55,2.28,241.0,100100.0
20051212:1400,4.33,70.6,0.0,-0.0,0.0,-17.4,2.69,256.0,100090.0
20051212:1500,3.84,65.2,0.0,-0.0,0.0,-3.25,4.83,282.0,100170.0
20051212:1600,3.92,65.2,0.0,-0.0,0.0,-6.15,7.86,308.0,100290.0
20051212:1700,2.32,67.5,0.0,-0.0,0.0,3.65,7.45,307.0,100380.0
20051212:1800,1.64,59.95,0.0,-0.0,0.0,-2.7,7.03,301.0,100390.0
20051212:1900,1.8,62.35,0.0,-0.0,0.0,-8.5,7.17,300.0,100380.0
20051212:2000,1.49,62.25,0.0,-0.0,0.0,-3.05,6.83,296.0,100450.0
20051212:2100,0.74,62.15,0.0,-0.0,0.0,2.3,6.0,290.0,100490.0
20051212:2200,1.87,59.95,37.35,0.0,37.35,-3.05,4.34,262.0,100550.0
20051212:2300,1.94,59.95,237.9,806.91,72.6,3.05,5.24,263.0,100590.0
20051213:0000,2.18,55.3,381.2,878.91,84.45,9.45,6.69,276.0,100630.0
20051213:0100,2.47,55.3,462.15,823.49,105.45,212.8,6.97,279.0,100650.0
20051213:0200,3.31,51.3,491.35,783.3,113.15,1.15,6.21,275.0,100560.0
20051213:0300,3.41,49.25,432.85,640.12,123.5,6.95,6.34,277.0,100450.0
20051213:0400,3.54,49.25,364.45,603.18,102.4,-2.3,5.79,278.0,100380.0
20051213:0500,3.34,51.3,233.95,441.28,84.05,5.4,5.59,278.0,100390.0
20051213:0600,3.33,51.3,87.15,232.65,39.35,5.2,5.38,275.0,100450.0
20051213:0700,3.36,49.25,2.0,7.34,1.7,-11.8,4.9,273.0,100530.0
20051213:0800,3.3,51.3,0.0,-0.0,0.0,5.0,4.55,275.0,100610.0
20051213:0900,3.11,53.4,0.0,-0.0,0.0,-9.05,4.48,272.0,100670.0
20051213:1000,2.14,64.9,0.0,-0.0,0.0,4.8,3.79,271.0,100770.0
20051213:1100,2.07,64.9,0.0,-0.0,0.0,-4.25,3.72,254.0,100810.0
20051213:1200,2.09,64.9,0.0,-0.0,0.0,0.75,3.72,248.0,100820.0
20051213:1300,1.8,62.35,0.0,-0.0,0.0,-3.65,3.79,246.0,100840.0
20051213:1400,1.6,62.35,0.0,-0.0,0.0,-0.75,4.07,253.0,100810.0
20051213:1500,1.28,64.8,0.0,-0.0,0.0,3.85,4.34,258.0,100850.0
20051213:1600,1.37,64.8,0.0,-0.0,0.0,-5.0,4.62,265.0,100850.0
20051213:1700,1.21,62.25,0.0,-0.0,0.0,0.75,4.62,269.0,100900.0
20051213:1800,1.36,62.25,0.0,-0.0,0.0,-2.9,4.69,271.0,100910.0
20051213:1900,1.17,62.25,0.0,-0.0,0.0,10.05,4.55,270.0,100950.0
20051213:2000,0.89,64.65,0.0,-0.0,0.0,-2.3,4.34,269.0,100970.0
20051213:2100,1.56,64.8,0.0,-0.0,0.0,-2.7,4.0,264.0,101040.0
20051213:2200,2.63,67.6,34.4,0.0,34.4,0.35,3.93,254.0,101140.0
20051213:2300,2.57,67.5,244.55,883.73,65.35,1.5,4.07,256.0,101190.0
20051214:0000,2.23,62.35,375.6,882.4,79.25,5.0,4.28,257.0,101190.0
20051214:0100,2.83,57.7,446.45,774.94,111.95,218.2,4.97,272.0,101190.0
20051214:0200,3.96,51.4,484.9,779.39,109.5,12.75,5.45,275.0,101160.0
20051214:0300,4.63,47.7,434.55,675.79,108.5,-7.15,5.86,280.0,101050.0
20051214:0400,4.74,47.7,326.7,517.58,102.05,10.45,5.31,282.0,101000.0
20051214:0500,4.52,49.55,216.5,394.22,82.6,7.5,5.45,282.0,101000.0
20051214:0600,4.67,49.65,92.2,278.25,34.95,-6.95,4.9,277.0,101040.0
20051214:0700,4.52,51.55,2.15,10.85,1.7,-14.9,4.28,267.0,101120.0
20051214:0800,4.15,58.05,0.0,-0.0,0.0,-1.5,4.76,270.0,101220.0
20051214:0900,3.79,62.7,0.0,-0.0,0.0,3.45,4.28,271.0,101270.0
20051214:1000,2.53,70.2,0.0,-0.0,0.0,-4.45,3.72,262.0,101300.0
20051214:1100,2.31,73.0,0.0,-0.0,0.0,-1.9,4.28,264.0,101360.0
20051214:1200,2.35,70.2,0.0,-0.0,0.0,-2.5,4.41,269.0,101390.0
20051214:1300,2.0,67.5,0.0,-0.0,0.0,-2.9,4.55,274.0,101400.0
20051214:1400,1.99,67.5,0.0,-0.0,0.0,-0.95,4.76,278.0,101450.0
20051214:1500,1.93,64.9,0.0,-0.0,0.0,0.55,4.62,284.0,101460.0
20051214:1600,1.93,64.9,0.0,-0.0,0.0,-0.35,4.76,288.0,101550.0
20051214:1700,1.07,67.4,0.0,-0.0,0.0,-0.55,4.69,291.0,101600.0
20051214:1800,1.1,67.4,0.0,-0.0,0.0,-0.15,4.41,293.0,101630.0
20051214:1900,1.06,67.3,0.0,-0.0,0.0,2.1,4.14,293.0,101630.0
20051214:2000,1.04,67.3,0.0,-0.0,0.0,-2.3,3.79,292.0,101710.0
20051214:2100,0.63,67.3,0.0,-0.0,0.0,0.0,3.38,288.0,101760.0
20051214:2200,1.7,64.9,35.7,0.0,35.7,3.25,2.28,271.0,101860.0
20051214:2300,1.18,64.8,245.4,891.73,66.35,0.15,2.21,258.0,101950.0
20051215:0000,1.28,62.25,385.4,921.72,77.4,3.25,2.76,265.0,101970.0
20051215:0100,1.84,57.6,479.2,927.04,80.35,218.6,2.83,282.0,101940.0
20051215:0200,2.87,55.45,445.6,694.24,111.95,-3.25,3.17,295.0,101880.0
20051215:0300,4.03,49.4,479.05,826.39,80.9,18.15,2.9,302.0,101750.0
20051215:0400,4.65,45.85,376.9,653.49,93.45,-11.2,2.34,304.0,101700.0
20051215:0500,5.15,40.75,244.75,513.5,70.3,-1.35,1.72,316.0,101640.0
20051215:0600,5.25,39.1,93.1,280.13,35.35,14.7,0.9,346.0,101650.0
20051215:0700,5.33,44.15,2.3,11.87,1.8,-13.9,1.03,63.0,101680.0
20051215:0800,5.19,44.15,0.0,-0.0,0.0,-0.35,1.45,106.0,101710.0
20051215:0900,4.55,62.8,0.0,-0.0,0.0,-0.15,1.93,139.0,101720.0
20051215:1000,4.17,62.8,0.0,-0.0,0.0,1.35,1.24,171.0,101740.0
20051215:1100,3.72,70.5,0.0,-0.0,0.0,2.5,1.38,183.0,101730.0
20051215:1200,3.82,70.5,0.0,-0.0,0.0,15.45,1.86,194.0,101700.0
20051215:1300,4.64,70.7,0.0,-0.0,0.0,-8.7,2.69,191.0,101650.0
20051215:1400,3.36,73.2,0.0,-0.0,0.0,11.2,3.24,187.0,101620.0
20051215:1500,2.88,79.0,0.0,-0.0,0.0,-5.95,3.17,192.0,101540.0
20051215:1600,2.77,82.15,0.0,-0.0,0.0,5.0,3.17,198.0,101510.0
20051215:1700,1.36,85.25,0.0,-0.0,0.0,-7.9,3.45,210.0,101450.0
20051215:1800,1.38,85.25,0.0,-0.0,0.0,4.25,2.97,212.0,101370.0
20051215:1900,1.78,85.3,0.0,-0.0,0.0,-3.65,2.62,208.0,101300.0
20051215:2000,2.02,82.05,0.0,-0.0,0.0,-6.35,2.07,212.0,101290.0
20051215:2100,2.01,85.3,0.0,-0.0,0.0,0.35,1.72,216.0,101290.0
20051215:2200,2.97,88.65,34.4,0.0,34.4,-2.7,1.66,233.0,101350.0
20051215:2300,2.67,85.35,240.5,894.7,62.55,-2.1,2.21,220.0,101360.0
20051216:0000,3.1,73.2,377.85,913.64,74.0,-0.55,2.0,215.0,101400.0
20051216:0100,3.55,60.15,470.55,905.82,82.0,226.9,3.03,243.0,101350.0
20051216:0200,4.99,55.95,502.3,872.82,83.65,-1.15,3.79,262.0,101300.0
20051216:0300,5.94,54.05,472.4,813.34,81.0,2.9,3.93,266.0,101230.0
20051216:0400,6.57,52.1,385.1,719.15,73.3,0.35,4.0,270.0,101170.0
20051216:0500,6.91,46.4,249.25,551.31,61.85,2.3,4.0,279.0,101200.0
20051216:0600,6.94,48.25,90.45,261.78,36.35,0.55,3.59,292.0,101280.0
20051216:0700,7.27,44.75,2.25,10.49,1.8,16.05,3.31,300.0,101400.0
20051216:0800,6.81,50.2,0.0,-0.0,0.0,-7.9,2.97,307.0,101450.0
20051216:0900,6.55,56.3,0.0,-0.0,0.0,0.95,2.76,317.0,101520.0
20051216:1000,4.76,73.45,0.0,-0.0,0.0,-6.75,1.66,306.0,101570.0
20051216:1100,4.36,79.2,0.0,-0.0,0.0,-4.25,1.45,298.0,101540.0
20051216:1200,4.22,79.2,0.0,-0.0,0.0,0.55,1.45,284.0,101570.0
20051216:1300,4.11,82.3,0.0,-0.0,0.0,-4.8,1.1,264.0,101520.0
20051216:1400,3.74,85.45,0.0,-0.0,0.0,0.35,1.17,253.0,101490.0
20051216:1500,3.6,88.75,0.0,-0.0,0.0,-0.35,1.24,245.0,101450.0
20051216:1600,3.06,88.65,0.0,-0.0,0.0,3.25,1.52,236.0,101440.0
20051216:1700,1.96,88.65,0.0,-0.0,0.0,5.4,1.79,231.0,101390.0
20051216:1800,2.26,92.1,0.0,-0.0,0.0,2.1,2.0,231.0,101330.0
20051216:1900,2.34,92.1,0.0,-0.0,0.0,-1.7,1.66,230.0,101260.0
20051216:2000,2.54,92.1,0.0,-0.0,0.0,17.8,1.72,226.0,101220.0
20051216:2100,2.41,88.65,0.0,-0.0,0.0,-7.35,2.21,225.0,101200.0
20051216:2200,3.7,79.15,34.0,0.0,34.0,1.7,2.9,229.0,101160.0
20051216:2300,3.5,85.4,228.85,835.67,64.15,-12.75,2.97,237.0,101150.0
20051217:0000,3.68,79.15,354.9,807.95,87.4,2.3,2.34,240.0,101100.0
20051217:0100,4.2,70.6,441.95,803.83,98.1,238.9,2.07,245.0,100940.0
20051217:0200,5.9,65.65,483.05,820.56,90.15,2.7,1.93,234.0,100830.0
20051217:0300,7.62,58.8,450.6,751.18,89.45,1.9,2.28,229.0,100670.0
20051217:0400,7.91,52.45,357.2,604.03,95.35,2.1,1.93,235.0,100580.0
20051217:0500,8.35,52.6,237.6,511.0,63.75,-2.5,1.52,238.0,100490.0
20051217:0600,8.46,54.65,89.05,255.94,36.0,-1.35,0.9,229.0,100470.0
20051217:0700,9.13,46.95,2.3,8.0,1.95,11.4,2.14,238.0,100460.0
20051217:0800,7.69,54.55,0.0,-0.0,0.0,-2.3,2.0,261.0,100510.0
20051217:0900,6.48,65.75,0.0,-0.0,0.0,28.45,3.31,270.0,100540.0
20051217:1000,5.44,60.65,0.0,-0.0,0.0,4.25,4.55,271.0,100550.0
20051217:1100,5.09,62.95,0.0,-0.0,0.0,-1.5,4.55,257.0,100470.0
20051217:1200,5.16,58.3,0.0,-0.0,0.0,-1.7,5.1,252.0,100410.0
20051217:1300,4.93,55.95,0.0,-0.0,0.0,-40.6,5.86,260.0,100360.0
20051217:1400,3.95,55.7,0.0,-0.0,0.0,-12.55,6.55,269.0,100270.0
20051217:1500,3.19,57.8,0.0,-0.0,0.0,-11.0,6.62,284.0,100250.0
20051217:1600,2.86,60.05,0.0,-0.0,0.0,-6.55,6.14,306.0,100330.0
20051217:1700,2.5,64.9,0.0,-0.0,0.0,0.0,5.59,314.0,100390.0
20051217:1800,2.25,64.9,0.0,-0.0,0.0,4.25,5.79,319.0,100420.0
20051217:1900,2.07,64.9,0.0,-0.0,0.0,5.6,6.14,322.0,100510.0
20051217:2000,1.76,62.35,0.0,-0.0,0.0,1.7,7.38,320.0,100650.0
20051217:2100,0.97,70.05,0.0,-0.0,0.0,31.15,8.69,320.0,100830.0
20051217:2200,1.31,57.45,39.7,0.0,39.7,-7.9,6.34,305.0,100900.0
20051217:2300,1.12,57.45,225.7,784.13,72.5,-20.9,6.41,299.0,100960.0
20051218:0000,1.33,57.45,377.6,892.62,83.3,-8.7,8.0,299.0,100950.0
20051218:0100,1.16,53.0,484.55,953.74,77.6,202.35,8.55,295.0,100960.0
20051218:0200,1.35,43.2,482.25,771.17,113.55,-4.05,10.34,293.0,100960.0
20051218:0300,0.85,46.75,410.1,501.93,168.95,9.25,10.48,294.0,100960.0
20051218:0400,0.66,50.75,341.95,547.1,104.75,8.5,9.66,293.0,101040.0
20051218:0500,0.94,52.85,238.75,488.51,72.35,-0.55,8.55,293.0,101070.0
20051218:0600,0.81,50.75,92.15,258.66,38.35,-2.9,7.52,293.0,101080.0
20051218:0700,0.6,55.05,2.55,11.19,2.05,-0.15,6.0,282.0,101030.0
20051218:0800,0.45,59.6,0.0,-0.0,0.0,-1.5,4.97,263.0,101030.0
20051218:0900,0.33,64.55,0.0,-0.0,0.0,-1.9,4.83,257.0,100990.0
20051218:1000,-0.36,69.85,0.0,-0.0,0.0,-3.25,3.45,253.0,101050.0
20051218:1100,-0.25,72.65,0.0,-0.0,0.0,41.0,4.07,241.0,101060.0
20051218:1200,-0.49,78.6,0.0,-0.0,0.0,-8.9,4.69,234.0,101060.0
20051218:1300,-0.03,69.85,0.0,-0.0,0.0,-18.55,5.03,233.0,101000.0
20051218:1400,0.0,69.85,0.0,-0.0,0.0,-0.75,5.38,245.0,100990.0
20051218:1500,-0.12,64.45,0.0,-0.0,0.0,-3.25,6.34,263.0,100960.0
20051218:1600,-0.51,64.35,0.0,-0.0,0.0,-10.45,6.76,271.0,100980.0
20051218:1700,-1.03,69.65,0.0,-0.0,0.0,9.05,5.86,264.0,100960.0
20051218:1800,-1.07,72.5,0.0,-0.0,0.0,-6.15,5.79,264.0,100940.0
20051218:1900,-1.37,72.5,0.0,-0.0,0.0,8.5,6.28,269.0,100900.0
20051218:2000,-1.12,72.5,0.0,-0.0,0.0,-7.15,6.28,268.0,100900.0
20051218:2100,-1.4,69.65,0.0,-0.0,0.0,12.15,6.48,272.0,100880.0
20051218:2200,0.77,64.65,33.8,0.0,33.8,-4.25,4.9,252.0,100950.0
20051218:2300,0.23,62.0,227.55,814.41,69.75,-3.25,5.66,258.0,100980.0
20051219:0000,0.07,62.0,358.1,821.19,88.4,-2.7,7.66,278.0,100990.0
20051219:0100,0.31,62.0,449.5,803.57,107.4,219.55,9.1,283.0,100980.0
20051219:0200,0.95,57.35,467.25,750.78,108.75,1.15,10.55,290.0,100880.0
20051219:0300,1.56,53.0,449.75,715.28,106.25,-3.05,10.48,297.0,100830.0
20051219:0400,1.82,51.0,356.25,583.09,103.35,0.95,11.03,300.0,100860.0
20051219:0500,2.31,53.15,248.15,535.69,65.4,11.6,10.97,304.0,101000.0
20051219:0600,2.34,53.15,96.1,279.43,37.75,-20.3,9.03,309.0,101160.0
20051219:0700,2.06,51.0,2.8,14.21,2.15,1.7,7.52,305.0,101250.0
20051219:0800,2.32,55.3,0.0,-0.0,0.0,0.95,7.52,302.0,101330.0
20051219:0900,2.49,59.95,0.0,-0.0,0.0,3.65,7.66,301.0,101400.0
20051219:1000,1.97,62.35,0.0,-0.0,0.0,0.95,5.1,301.0,101600.0
20051219:1100,1.93,62.35,0.0,-0.0,0.0,-1.9,5.24,293.0,101600.0
20051219:1200,1.8,62.35,0.0,-0.0,0.0,2.1,5.24,286.0,101670.0
20051219:1300,2.45,64.9,0.0,-0.0,0.0,0.95,4.62,278.0,101650.0
20051219:1400,3.05,65.0,0.0,-0.0,0.0,-0.55,4.21,273.0,101720.0
20051219:1500,4.13,62.8,0.0,-0.0,0.0,0.35,3.72,274.0,101750.0
20051219:1600,4.39,65.3,0.0,-0.0,0.0,4.8,3.1,272.0,101800.0
20051219:1700,4.01,70.5,0.0,-0.0,0.0,0.35,2.48,268.0,101850.0
20051219:1800,4.13,70.6,0.0,-0.0,0.0,0.35,2.41,267.0,101870.0
20051219:1900,4.1,76.25,0.0,-0.0,0.0,3.65,2.21,267.0,101900.0
20051219:2000,3.87,82.25,0.0,-0.0,0.0,-1.15,2.14,267.0,101920.0
20051219:2100,4.28,82.3,0.0,-0.0,0.0,-1.9,2.14,268.0,101990.0
20051219:2200,4.95,79.3,32.15,0.0,32.15,0.0,1.59,265.0,102090.0
20051219:2300,4.2,73.4,230.95,869.75,63.75,3.25,1.86,260.0,102170.0
20051220:0000,4.66,68.0,370.65,902.35,75.35,-1.7,2.21,263.0,102150.0
20051220:0100,4.22,65.3,398.05,604.89,141.05,227.5,3.17,276.0,102140.0
20051220:0200,4.81,60.5,399.15,526.08,148.2,20.9,4.21,290.0,102080.0
20051220:0300,5.9,54.05,343.9,357.72,172.15,17.4,4.41,293.0,101980.0
20051220:0400,6.16,50.05,339.55,529.83,109.6,2.9,4.9,299.0,101930.0
20051220:0500,6.66,48.25,239.65,484.08,74.2,-11.4,4.41,303.0,101920.0
20051220:0600,6.4,52.1,92.95,249.82,40.55,-11.4,3.59,302.0,101940.0
20051220:0700,6.71,52.2,2.95,14.92,2.25,-7.7,2.97,295.0,101990.0
20051220:0800,6.34,60.85,0.0,-0.0,0.0,-2.1,2.55,285.0,102020.0
20051220:0900,6.16,63.25,0.0,-0.0,0.0,-7.35,2.14,275.0,102030.0
20051220:1000,4.89,70.7,0.0,-0.0,0.0,5.8,1.52,272.0,102000.0
20051220:1100,4.99,70.7,0.0,-0.0,0.0,-3.45,1.52,257.0,101940.0
20051220:1200,4.78,70.7,0.0,-0.0,0.0,-3.05,1.45,242.0,101930.0
20051220:1300,4.48,70.6,0.0,-0.0,0.0,-0.55,1.52,241.0,101840.0
20051220:1400,3.89,70.5,0.0,-0.0,0.0,-1.7,1.86,238.0,101810.0
20051220:1500,3.62,67.8,0.0,-0.0,0.0,2.3,2.41,240.0,101770.0
20051220:1600,4.04,67.8,0.0,-0.0,0.0,2.7,3.1,243.0,101760.0
20051220:1700,3.91,70.5,0.0,-0.0,0.0,-2.5,3.24,250.0,101700.0
20051220:1800,3.71,67.8,0.0,-0.0,0.0,1.7,2.76,257.0,101660.0
20051220:1900,3.53,70.4,0.0,-0.0,0.0,15.65,2.21,259.0,101640.0
20051220:2000,3.49,70.4,0.0,-0.0,0.0,-0.15,1.52,260.0,101600.0
20051220:2100,3.39,73.2,0.0,-0.0,0.0,18.35,1.45,263.0,101590.0
20051220:2200,3.71,76.15,41.65,0.0,41.65,-2.7,1.24,268.0,101520.0
20051220:2300,3.12,79.1,119.35,87.26,102.7,3.45,1.52,292.0,101480.0
20051221:0000,2.85,79.0,203.15,124.62,162.5,2.1,1.45,302.0,101420.0
20051221:0100,2.88,73.1,276.45,139.58,217.25,268.9,0.9,320.0,101310.0
20051221:0200,4.15,65.3,334.5,271.38,205.15,6.35,0.62,5.0,101170.0
20051221:0300,4.42,67.9,319.1,265.54,191.6,-5.2,1.1,66.0,100960.0
20051221:0400,4.86,65.4,246.25,196.71,160.8,-3.65,1.79,97.0,100810.0
20051221:0500,5.42,65.55,81.85,32.7,70.65,12.55,2.34,118.0,100660.0
20051221:0600,5.57,68.1,45.65,38.9,37.45,12.55,2.41,124.0,100560.0
20051221:0700,4.97,73.45,2.25,1.04,2.2,5.6,2.14,123.0,100480.0
20051221:0800,4.14,79.2,0.0,-0.0,0.0,-20.3,1.03,106.0,100420.0
20051221:0900,2.8,85.35,0.0,-0.0,0.0,-3.65,1.31,61.0,100290.0
20051221:1000,2.91,92.15,0.0,-0.0,0.0,-24.75,1.79,344.0,100080.0
20051221:1100,2.06,92.1,0.0,-0.0,0.0,-6.75,2.41,333.0,100000.0
20051221:1200,2.71,92.15,0.0,-0.0,0.0,24.75,1.86,336.0,99920.0
20051221:1300,2.83,88.65,0.0,-0.0,0.0,-2.5,1.86,340.0,99690.0
20051221:1400,2.59,88.65,0.0,-0.0,0.0,-5.8,1.66,334.0,99480.0
20051221:1500,2.87,88.65,0.0,-0.0,0.0,8.7,0.97,260.0,99400.0
20051221:1600,2.41,92.1,0.0,-0.0,0.0,5.8,1.17,280.0,99250.0
20051221:1700,2.46,95.65,0.0,-0.0,0.0,11.2,1.03,302.0,99060.0
20051221:1800,2.31,95.65,0.0,-0.0,0.0,-10.6,0.97,308.0,98960.0
20051221:1900,2.25,92.1,0.0,-0.0,0.0,-24.75,1.66,312.0,98850.0
20051221:2000,1.96,95.65,0.0,-0.0,0.0,11.0,2.83,310.0,98730.0
20051221:2100,1.34,99.4,0.0,-0.0,0.0,2.3,3.59,305.0,98710.0
20051221:2200,1.47,92.05,27.7,0.0,27.7,5.2,3.79,288.0,98590.0
20051221:2300,2.67,73.1,152.2,216.9,111.1,12.35,4.48,289.0,98630.0
20051222:0000,2.76,73.1,291.65,441.84,147.95,-25.5,6.21,284.0,98620.0
20051222:0100,3.2,67.7,373.7,463.87,177.25,247.6,6.55,276.0,98560.0
20051222:0200,3.92,60.3,383.1,429.79,178.35,-1.35,8.48,274.0,98500.0
20051222:0300,5.24,49.8,279.8,167.71,199.25,0.0,7.93,279.0,98380.0
20051222:0400,5.2,51.8,217.2,144.97,154.15,23.0,6.83,299.0,98390.0
20051222:0500,4.96,60.5,127.15,44.7,111.8,3.25,6.69,311.0,98520.0
20051222:0600,4.81,68.0,28.4,24.77,23.15,2.1,7.45,298.0,98730.0
20051222:0700,4.0,76.15,1.45,0.0,1.45,17.0,9.24,288.0,98960.0
20051222:0800,3.23,79.1,0.0,-0.0,0.0,-5.8,10.48,289.0,99170.0
20051222:0900,3.08,82.15,0.0,-0.0,0.0,-11.8,10.14,294.0,99370.0
20051222:1000,2.02,64.9,0.0,-0.0,0.0,3.65,9.1,300.0,99570.0
20051222:1100,2.62,62.5,0.0,-0.0,0.0,-19.9,8.0,304.0,99720.0
20051222:1200,2.59,62.5,0.0,-0.0,0.0,-18.35,8.48,302.0,99830.0
20051222:1300,2.39,64.9,0.0,-0.0,0.0,7.35,8.07,301.0,99890.0
20051222:1400,2.41,67.5,0.0,-0.0,0.0,2.3,7.38,297.0,99960.0
20051222:1500,2.36,67.5,0.0,-0.0,0.0,0.55,6.21,291.0,100000.0
20051222:1600,2.46,67.5,0.0,-0.0,0.0,-0.95,6.83,286.0,100030.0
20051222:1700,1.99,59.95,0.0,-0.0,0.0,-14.9,7.24,283.0,100070.0
20051222:1800,2.02,57.6,0.0,-0.0,0.0,-16.45,7.52,280.0,100090.0
20051222:1900,1.69,62.35,0.0,-0.0,0.0,-13.15,6.83,275.0,100150.0
20051222:2000,1.42,59.8,0.0,-0.0,0.0,0.15,5.86,270.0,100200.0
20051222:2100,1.09,62.25,0.0,-0.0,0.0,4.8,5.31,268.0,100250.0
20051222:2200,1.87,57.6,30.25,0.0,30.25,-0.15,4.69,259.0,100330.0
20051222:2300,2.07,55.3,240.6,966.46,58.65,-2.1,5.52,254.0,100430.0
20051223:0000,1.98,55.3,376.2,927.61,75.3,1.15,6.34,254.0,100420.0
20051223:0100,2.36,51.0,475.8,936.54,79.65,209.1,6.69,257.0,100430.0
20051223:0200,3.22,49.25,500.1,859.1,90.95,2.7,6.83,260.0,100380.0
20051223:0300,4.14,40.45,431.15,695.99,96.7,9.85,7.52,269.0,100340.0
20051223:0400,4.02,43.75,316.95,452.19,120.0,11.4,7.59,278.0,100300.0
20051223:0500,3.34,53.4,217.45,359.66,93.6,1.7,7.17,276.0,100330.0
20051223:0600,3.7,55.7,102.45,303.99,37.65,5.8,6.21,270.0,100340.0
20051223:0700,3.86,53.5,3.7,21.6,2.6,-23.4,5.79,268.0,100440.0
20051223:0800,3.42,60.15,0.0,-0.0,0.0,-2.3,5.38,265.0,100490.0
20051223:0900,3.66,57.95,0.0,-0.0,0.0,-2.1,5.31,260.0,100500.0
20051223:1000,2.47,67.5,0.0,-0.0,0.0,0.35,4.48,256.0,100530.0
20051223:1100,2.49,67.5,0.0,-0.0,0.0,-1.35,3.66,264.0,100540.0
20051223:1200,2.16,70.2,0.0,-0.0,0.0,10.6,2.97,272.0,100540.0
20051223:1300,2.17,70.2,0.0,-0.0,0.0,7.9,2.97,264.0,100560.0
20051223:1400,2.4,73.0,0.0,-0.0,0.0,-17.4,2.69,253.0,100570.0
20051223:1500,2.84,67.6,0.0,-0.0,0.0,1.5,2.76,248.0,100530.0
20051223:1600,2.56,67.5,0.0,-0.0,0.0,3.45,3.52,252.0,100540.0
20051223:1700,1.89,64.9,0.0,-0.0,0.0,-6.55,4.21,260.0,100500.0
20051223:1800,1.67,62.35,0.0,-0.0,0.0,5.0,4.69,268.0,100460.0
20051223:1900,1.46,62.25,0.0,-0.0,0.0,-8.9,4.9,273.0,100430.0
20051223:2000,1.4,62.25,0.0,-0.0,0.0,-1.5,4.76,277.0,100450.0
20051223:2100,1.4,62.25,0.0,-0.0,0.0,-0.35,4.62,281.0,100490.0
20051223:2200,2.9,62.5,30.2,0.0,30.2,0.55,4.14,291.0,100610.0
20051223:2300,2.96,60.05,233.3,881.43,68.35,0.95,3.52,277.0,100700.0
20051224:0000,2.47,57.6,374.95,913.21,79.4,3.65,4.48,274.0,100750.0
20051224:0100,3.0,53.25,473.75,925.48,82.65,214.15,5.79,279.0,100770.0
20051224:0200,3.5,47.3,502.35,847.8,98.6,-4.05,6.83,277.0,100730.0
20051224:0300,4.6,42.3,477.85,790.39,97.75,5.6,7.38,267.0,100630.0
20051224:0400,4.34,45.7,382.6,693.46,80.05,-2.7,8.07,273.0,100620.0
20051224:0500,3.89,51.4,260.1,559.02,67.0,6.15,8.14,284.0,100710.0
20051224:0600,3.83,53.5,102.15,299.53,37.9,-1.5,7.72,294.0,100840.0
20051224:0700,3.92,55.7,4.0,22.88,2.8,3.45,7.66,303.0,101020.0
20051224:0800,3.85,57.95,0.0,-0.0,0.0,-1.9,6.9,307.0,101140.0
20051224:0900,3.79,57.95,0.0,-0.0,0.0,-2.1,6.07,303.0,101270.0
20051224:1000,3.53,60.15,0.0,-0.0,0.0,-2.7,3.52,305.0,101380.0
20051224:1100,3.22,60.15,0.0,-0.0,0.0,-0.15,3.24,288.0,101450.0
20051224:1200,3.37,60.15,0.0,-0.0,0.0,-2.1,3.72,274.0,101520.0
20051224:1300,3.15,60.15,0.0,-0.0,0.0,1.9,3.72,267.0,101580.0
20051224:1400,2.76,62.5,0.0,-0.0,0.0,1.15,3.45,258.0,101600.0
20051224:1500,2.51,64.9,0.0,-0.0,0.0,0.55,3.1,251.0,101600.0
20051224:1600,2.16,67.5,0.0,-0.0,0.0,-3.05,2.83,243.0,101660.0
20051224:1700,1.45,70.1,0.0,-0.0,0.0,1.5,2.97,238.0,101670.0
20051224:1800,1.11,70.1,0.0,-0.0,0.0,-0.95,2.97,236.0,101660.0
20051224:1900,0.65,70.05,0.0,-0.0,0.0,-0.55,2.62,231.0,101650.0
20051224:2000,0.52,72.75,0.0,-0.0,0.0,1.35,2.48,225.0,101650.0
20051224:2100,0.58,70.05,0.0,-0.0,0.0,0.15,2.62,219.0,101680.0
20051224:2200,2.08,73.0,29.45,0.0,29.45,5.2,3.17,218.0,101680.0
20051224:2300,2.39,67.5,226.45,892.46,60.35,5.4,3.17,220.0,101640.0
20051225:0000,2.51,59.95,360.1,871.19,78.7,-3.05,3.66,225.0,101590.0
20051225:0100,3.0,55.45,463.25,910.47,78.75,228.25,4.21,226.0,101490.0
20051225:0200,4.14,47.6,499.35,877.12,81.55,-2.3,4.62,219.0,101350.0
20051225:0300,5.88,40.9,475.0,820.13,80.2,1.9,5.03,211.0,101190.0
20051225:0400,6.03,39.25,393.3,733.97,72.45,1.5,5.52,206.0,101010.0
20051225:0500,6.49,39.4,261.2,576.74,61.3,0.95,5.93,202.0,100900.0
20051225:0600,6.22,44.45,103.8,308.41,37.2,0.35,5.93,195.0,100790.0
20051225:0700,5.94,49.95,4.25,24.04,2.95,0.55,6.0,197.0,100770.0
20051225:0800,5.68,49.95,0.0,-0.0,0.0,-1.35,5.86,202.0,100720.0
20051225:0900,5.29,51.8,0.0,-0.0,0.0,-0.75,5.52,206.0,100670.0
20051225:1000,3.39,57.8,0.0,-0.0,0.0,-1.35,4.55,207.0,100570.0
20051225:1100,3.68,55.7,0.0,-0.0,0.0,0.35,4.62,208.0,100560.0
20051225:1200,3.81,53.5,0.0,-0.0,0.0,0.0,5.03,209.0,100410.0
20051225:1300,4.46,53.65,0.0,-0.0,0.0,-0.75,5.1,210.0,100280.0
20051225:1400,3.94,55.7,0.0,-0.0,0.0,0.35,3.72,240.0,100210.0
20051225:1500,4.16,58.05,0.0,-0.0,0.0,1.9,3.38,268.0,100250.0
20051225:1600,4.1,65.3,0.0,-0.0,0.0,7.35,5.72,286.0,100350.0
20051225:1700,2.2,73.0,0.0,-0.0,0.0,12.75,6.83,291.0,100350.0
20051225:1800,0.78,67.3,0.0,-0.0,0.0,-14.3,7.66,294.0,100400.0
20051225:1900,0.32,67.2,0.0,-0.0,0.0,-9.45,7.72,294.0,100370.0
20051225:2000,0.37,67.2,0.0,-0.0,0.0,-3.25,7.93,294.0,100390.0
20051225:2100,0.58,67.3,0.0,-0.0,0.0,-9.45,7.38,289.0,100470.0
20051225:2200,1.13,64.8,29.55,0.0,29.55,-10.8,7.66,276.0,100440.0
20051225:2300,0.96,62.15,234.9,941.46,60.55,-0.35,6.55,277.0,100440.0
20051226:0000,1.06,59.7,378.15,944.08,73.7,1.7,7.79,280.0,100530.0
20051226:0100,1.3,57.45,472.85,934.65,78.3,203.7,9.24,285.0,100590.0
20051226:0200,1.67,53.15,504.9,867.08,91.7,3.05,10.48,289.0,100580.0
20051226:0300,2.12,51.0,479.8,808.52,90.1,2.9,10.97,291.0,100520.0
20051226:0400,2.09,51.0,396.25,713.4,83.7,-2.3,11.1,292.0,100500.0
20051226:0500,2.47,51.0,265.7,571.0,67.05,0.0,10.62,293.0,100580.0
20051226:0600,2.26,51.0,105.8,300.24,40.5,1.35,9.72,292.0,100680.0
20051226:0700,2.16,51.0,4.7,26.89,3.2,2.5,8.21,290.0,100800.0
20051226:0800,1.73,55.3,0.0,-0.0,0.0,-5.8,8.55,291.0,100880.0
20051226:0900,1.93,55.3,0.0,-0.0,0.0,1.15,7.59,290.0,100970.0
20051226:1000,1.68,59.95,0.0,-0.0,0.0,-1.9,5.86,287.0,100960.0
20051226:1100,1.48,64.8,0.0,-0.0,0.0,-0.95,6.14,291.0,101020.0
20051226:1200,1.66,59.95,0.0,-0.0,0.0,1.7,6.07,289.0,101070.0
20051226:1300,1.39,57.45,0.0,-0.0,0.0,-1.9,5.59,287.0,101010.0
20051226:1400,1.07,57.45,0.0,-0.0,0.0,1.5,6.0,288.0,100970.0
20051226:1500,0.5,62.0,0.0,-0.0,0.0,-4.6,8.07,288.0,100930.0
20051226:1600,0.6,59.7,0.0,-0.0,0.0,2.7,8.34,287.0,100910.0
20051226:1700,0.44,62.0,0.0,-0.0,0.0,0.35,8.55,288.0,100940.0
20051226:1800,0.34,62.0,0.0,-0.0,0.0,-3.85,8.62,288.0,100970.0
20051226:1900,0.45,62.0,0.0,-0.0,0.0,6.35,8.69,289.0,101030.0
20051226:2000,0.41,62.0,0.0,-0.0,0.0,-1.15,8.55,290.0,101050.0
20051226:2100,0.19,64.55,0.0,-0.0,0.0,3.05,8.48,290.0,101180.0
20051226:2200,1.7,62.35,29.4,0.0,29.4,-2.7,5.93,285.0,101190.0
20051226:2300,1.44,57.45,230.95,920.69,61.2,-1.35,6.28,284.0,101320.0
20051227:0000,1.28,53.0,372.5,915.48,77.65,2.9,7.86,289.0,101350.0
20051227:0100,1.99,49.0,469.9,917.83,82.5,207.0,8.9,292.0,101380.0
20051227:0200,2.49,47.05,509.7,896.15,82.35,0.35,9.1,294.0,101290.0
20051227:0300,2.97,45.3,488.95,850.2,78.55,-2.7,9.38,293.0,101210.0
20051227:0400,2.85,47.15,401.15,738.4,76.85,0.95,9.66,292.0,101160.0
20051227:0500,3.09,47.3,271.4,589.19,65.6,1.5,8.9,293.0,101150.0
20051227:0600,2.86,49.15,111.5,333.82,38.35,3.25,8.21,293.0,101200.0
20051227:0700,2.8,49.15,5.0,28.66,3.35,-1.7,7.1,293.0,101280.0
20051227:0800,2.23,55.3,0.0,-0.0,0.0,1.7,7.52,294.0,101370.0
20051227:0900,1.96,55.3,0.0,-0.0,0.0,-3.65,7.45,294.0,101420.0
20051227:1000,1.21,57.45,0.0,-0.0,0.0,1.35,4.83,289.0,101450.0
20051227:1100,0.9,59.7,0.0,-0.0,0.0,-5.2,4.9,284.0,101500.0
20051227:1200,0.78,59.7,0.0,-0.0,0.0,-2.1,5.45,284.0,101600.0
20051227:1300,0.63,59.7,0.0,-0.0,0.0,0.75,5.72,282.0,101540.0
20051227:1400,0.17,59.6,0.0,-0.0,0.0,-0.15,6.48,283.0,101540.0
20051227:1500,-0.2,61.9,0.0,-0.0,0.0,-1.5,7.66,286.0,101530.0
20051227:1600,-0.27,61.9,0.0,-0.0,0.0,1.5,7.45,288.0,101570.0
20051227:1700,0.23,57.2,0.0,-0.0,0.0,1.15,6.97,288.0,101630.0
20051227:1800,0.22,57.2,0.0,-0.0,0.0,-1.7,7.31,291.0,101690.0
20051227:1900,0.13,57.2,0.0,-0.0,0.0,3.85,7.38,294.0,101740.0
20051227:2000,0.02,59.45,0.0,-0.0,0.0,0.75,7.1,295.0,101820.0
20051227:2100,-0.04,57.1,0.0,-0.0,0.0,0.0,7.1,297.0,101930.0
20051227:2200,0.73,55.05,30.45,0.0,30.45,1.9,5.93,304.0,101930.0
20051227:2300,0.47,52.75,231.45,928.91,60.85,-2.3,6.0,303.0,102050.0
20051228:0000,0.69,48.7,375.25,935.61,74.2,-1.7,7.17,305.0,102130.0
20051228:0100,0.9,50.75,462.3,886.91,87.9,201.55,7.93,306.0,102100.0
20051228:0200,1.51,48.85,506.25,890.18,81.35,7.7,8.21,306.0,102060.0
20051228:0300,1.68,45.15,470.95,785.35,91.2,-5.2,8.21,305.0,101970.0
20051228:0400,1.86,47.05,396.75,709.61,84.25,2.3,8.21,302.0,101940.0
20051228:0500,2.2,45.15,248.95,462.1,86.85,3.45,7.72,301.0,101970.0
20051228:0600,2.04,47.05,109.8,320.33,39.05,15.45,7.03,299.0,102050.0
20051228:0700,2.03,49.0,5.55,31.95,3.65,-13.35,5.79,296.0,102160.0
20051228:0800,1.86,51.0,0.0,-0.0,0.0,-4.8,5.66,295.0,102210.0
20051228:0900,1.83,53.15,0.0,-0.0,0.0,-3.05,5.38,294.0,102290.0
20051228:1000,1.21,57.45,0.0,-0.0,0.0,2.7,3.93,275.0,102290.0
20051228:1100,1.19,57.45,0.0,-0.0,0.0,-3.65,4.21,273.0,102390.0
20051228:1200,0.97,62.15,0.0,-0.0,0.0,5.2,4.41,278.0,102400.0
20051228:1300,0.74,62.15,0.0,-0.0,0.0,-2.1,4.34,279.0,102360.0
20051228:1400,0.67,62.15,0.0,-0.0,0.0,0.55,4.21,277.0,102350.0
20051228:1500,0.29,64.55,0.0,-0.0,0.0,3.65,4.55,277.0,102360.0
20051228:1600,0.35,62.0,0.0,-0.0,0.0,2.1,4.34,282.0,102370.0
20051228:1700,0.38,64.55,0.0,-0.0,0.0,4.25,4.62,286.0,102370.0
20051228:1800,0.45,67.2,0.0,-0.0,0.0,-1.35,4.76,290.0,102390.0
20051228:1900,0.27,67.2,0.0,-0.0,0.0,-1.7,4.97,292.0,102410.0
20051228:2000,0.67,67.3,0.0,-0.0,0.0,-4.6,4.97,294.0,102420.0
20051228:2100,0.92,67.3,0.0,-0.0,0.0,0.15,4.97,297.0,102510.0
20051228:2200,1.99,57.6,28.7,0.0,28.7,4.6,1.52,278.0,102520.0
20051228:2300,1.69,55.3,225.2,900.6,60.35,0.55,1.86,270.0,102670.0
20051229:0000,1.75,53.15,330.05,689.41,108.35,0.55,3.86,290.0,102670.0
20051229:0100,1.86,55.3,319.2,309.72,188.4,239.7,4.76,296.0,102660.0
20051229:0200,2.79,51.15,394.9,473.76,168.5,18.35,5.31,292.0,102580.0
20051229:0300,3.68,47.45,388.9,499.5,146.9,4.6,5.66,294.0,102470.0
20051229:0400,4.04,47.45,342.95,529.22,109.2,-18.95,6.14,295.0,102430.0
20051229:0500,3.99,49.4,214.9,347.05,92.6,5.8,6.14,292.0,102420.0
20051229:0600,3.77,49.4,105.7,279.75,43.4,-3.05,5.72,292.0,102460.0
20051229:0700,3.65,47.45,5.7,32.55,3.7,-21.05,5.03,290.0,102520.0
20051229:0800,3.2,51.3,0.0,-0.0,0.0,-6.55,4.28,286.0,102580.0
20051229:0900,3.25,51.3,0.0,-0.0,0.0,-6.55,4.07,285.0,102600.0
20051229:1000,1.71,55.3,0.0,-0.0,0.0,-1.9,1.59,252.0,102630.0
20051229:1100,1.57,55.3,0.0,-0.0,0.0,13.9,2.28,255.0,102660.0
20051229:1200,1.77,55.3,0.0,-0.0,0.0,-3.25,2.55,255.0,102670.0
20051229:1300,1.57,57.6,0.0,-0.0,0.0,3.45,2.48,254.0,102660.0
20051229:1400,1.35,62.25,0.0,-0.0,0.0,-3.25,2.41,256.0,102650.0
20051229:1500,1.66,62.35,0.0,-0.0,0.0,31.5,2.21,258.0,102640.0
20051229:1600,1.46,67.4,0.0,-0.0,0.0,-18.35,2.14,264.0,102600.0
20051229:1700,0.9,70.05,0.0,-0.0,0.0,-2.7,2.07,271.0,102580.0
20051229:1800,0.99,70.05,0.0,-0.0,0.0,3.65,2.14,273.0,102540.0
20051229:1900,1.28,67.4,0.0,-0.0,0.0,-0.35,2.07,275.0,102530.0
20051229:2000,1.57,64.9,0.0,-0.0,0.0,-6.55,2.21,277.0,102530.0
20051229:2100,1.5,67.4,0.0,-0.0,0.0,-10.05,2.07,279.0,102550.0
20051229:2200,2.31,64.9,30.95,0.0,30.95,2.9,1.38,241.0,102500.0
20051229:2300,1.91,64.9,227.6,919.82,59.7,-1.35,2.0,244.0,102540.0
20051230:0000,2.03,59.95,362.95,872.48,82.45,-2.7,2.48,250.0,102480.0
20051230:0100,2.58,55.45,417.05,694.74,123.45,226.55,2.83,263.0,102460.0
20051230:0200,3.85,49.4,364.1,387.94,178.45,15.45,3.03,281.0,102330.0
20051230:0300,4.82,44.05,379.8,465.66,153.7,10.45,3.1,287.0,102110.0
20051230:0400,5.35,40.75,228.2,165.42,154.9,-0.15,2.21,285.0,102010.0
20051230:0500,5.56,44.15,104.55,36.99,91.45,36.15,2.21,261.0,101930.0
20051230:0600,5.13,49.8,60.95,41.62,51.6,-7.35,0.83,168.0,101860.0
20051230:0700,4.84,53.8,2.5,1.57,2.4,2.7,2.0,195.0,101880.0
20051230:0800,4.06,62.7,0.0,-0.0,0.0,3.05,2.83,216.0,101890.0
20051230:0900,3.76,67.8,0.0,-0.0,0.0,8.3,3.1,211.0,101840.0
20051230:1000,2.73,76.0,0.0,-0.0,0.0,-3.65,3.86,218.0,101690.0
20051230:1100,2.8,76.0,0.0,-0.0,0.0,-0.35,3.86,224.0,101660.0
20051230:1200,2.97,76.0,0.0,-0.0,0.0,-11.95,3.79,229.0,101580.0
20051230:1300,2.43,75.95,0.0,-0.0,0.0,-5.2,4.76,234.0,101540.0
20051230:1400,2.3,73.0,0.0,-0.0,0.0,-19.5,5.45,243.0,101470.0
20051230:1500,2.9,70.3,0.0,-0.0,0.0,0.15,7.1,265.0,101490.0
20051230:1600,2.56,64.9,0.0,-0.0,0.0,-26.9,8.48,284.0,101580.0
20051230:1700,1.95,57.6,0.0,-0.0,0.0,-11.95,9.52,297.0,101640.0
20051230:1800,1.39,59.8,0.0,-0.0,0.0,-2.9,10.28,306.0,101720.0
20051230:1900,1.62,62.35,0.0,-0.0,0.0,-3.85,10.28,311.0,101850.0
20051230:2000,1.28,62.25,0.0,-0.0,0.0,0.95,9.59,311.0,101980.0
20051230:2100,1.45,62.25,0.0,-0.0,0.0,-1.35,8.9,313.0,102120.0
20051230:2200,2.83,60.05,27.8,0.0,27.8,0.15,6.34,311.0,102240.0
20051230:2300,2.51,59.95,230.65,928.71,61.5,-1.5,5.86,313.0,102330.0
20051231:0000,2.43,57.6,373.15,924.33,75.95,1.9,5.72,306.0,102410.0
20051231:0100,2.31,55.3,476.75,946.79,76.25,209.3,6.48,305.0,102490.0
20051231:0200,2.74,51.15,504.45,865.86,89.4,-2.5,6.28,306.0,102530.0
20051231:0300,3.21,47.3,438.95,617.19,138.55,2.3,6.14,308.0,102490.0
20051231:0400,3.38,45.4,270.35,215.69,174.45,23.4,5.86,311.0,102450.0
20051231:0500,3.47,47.3,167.55,177.15,104.5,24.35,5.52,314.0,102430.0
20051231:0600,3.58,49.25,83.05,131.04,53.35,1.15,4.97,312.0,102510.0
20051231:0700,3.65,49.4,6.1,20.57,4.75,-0.95,4.41,303.0,102630.0
20051231:0800,3.94,51.4,0.0,-0.0,0.0,-21.25,4.21,296.0,102730.0
20051231:0900,3.42,55.55,0.0,-0.0,0.0,-14.7,4.0,295.0,102760.0
20051231:1000,2.38,55.3,0.0,-0.0,0.0,-5.8,2.14,279.0,102800.0
20051231:1100,1.98,55.3,0.0,-0.0,0.0,-3.25,2.07,275.0,102810.0
20051231:1200,2.1,57.6,0.0,-0.0,0.0,16.05,2.14,277.0,102800.0
20051231:1300,2.49,57.6,0.0,-0.0,0.0,6.55,2.07,280.0,102790.0
20051231:1400,2.1,57.6,0.0,-0.0,0.0,-7.5,1.72,277.0,102800.0
20051231:1500,1.94,62.35,0.0,-0.0,0.0,-5.8,1.59,275.0,102810.0
20051231:1600,-0.54,70.57,0.0,-0.0,0.0,10.01,0.33,268.0,102800.0
20051231:1700,0.03,68.85,0.0,-0.0,0.0,10.88,0.77,269.0,102760.0
20051231:1800,0.6,67.12,0.0,-0.0,0.0,11.76,1.22,260.0,102740.0
20051231:1900,1.17,65.4,0.0,-0.0,0.0,12.63,1.66,252.0,102740.0
20051231:2000,1.74,63.67,0.0,-0.0,0.0,13.5,2.1,254.0,102740.0
20051231:2100,2.31,61.95,0.0,-0.0,0.0,14.37,2.55,258.0,102750.0
20051231:2200,2.89,60.22,42.15,0.0,42.15,15.24,2.99,262.0,102720.0
20051231:2300,3.46,58.49,149.75,172.96,118.3,16.12,3.43,261.0,102740.0